origin,id,txt,Ext1,Ext2,Ext3
reference1,1,"MotorSport Vision is located in the city of Fawkham, UK.","| id | sbj             | pred    | obj_d | obj_i | sig | adv/cl/comp/sent        |
|----|-----------------|---------|-------|-------|-----|-------------------------|
| #0 | MotorSport Vision | is located | -     | in   | the city of Fawkham, UK  |","| id | sbj              | pred     | obj_d | obj_i | sig | adv/cl/comp/sent        |
|----|------------------|----------|-------|-------|-----|-------------------------|
| #0 | MotorSport Vision | is located | -     | in   | -   | the city of Fawkham, UK |","| id | sbj             | pred    | obj_d | obj_i | sig | adv/cl/comp/sent       |
|----|-----------------|---------|-------|-------|-----|------------------------|
| #0 | MotorSport Vision | is located | -     | in   | the city of Fawkham, UK |"
reference1,2,"Abdul Taib Mahmud, a member of the Parti Pesaka Bumiputera Bersatu party, resides in Demak Jaya, Jalan Bako, Kuching, Sarawak.","| id | sbj                 | pred      | obj_d | obj_i | sig | adv/cl/comp/sent                |
|----|---------------------|-----------|-------|-------|-----|---------------------------------|
| #0 | Abdul Taib Mahmud   | resides   | -     | in    | -   | Demak Jaya, Jalan Bako, Kuching, Sarawak |
| #1 | Abdul Taib Mahmud   | is member | -     | of    | -   | Parti Pesaka Bumiputera Bersatu party |","| id | sbj                | pred  | obj_d | obj_i | sig | adv/cl/comp/sent                |
|----|--------------------|-------|-------|-------|-----|---------------------------------|
| #0 | Abdul Taib Mahmud | resides | -     | in    | -   | Demak Jaya, Jalan Bako, Kuching, Sarawak |
| #1 | Abdul Taib Mahmud | is a member | -     | of   | -   | Parti Pesaka Bumiputera Bersatu party |","| id | sbj                | pred      | obj_d | obj_i | sig | adv/cl/comp/sent                     |
|----|--------------------|-----------|-------|-------|-----|--------------------------------------|
| #0 | Abdul Taib Mahmud  | resides   | -     | in    | Demak Jaya, Jalan Bako, Kuching, Sarawak | - | - |
| #1 | Abdul Taib Mahmud  | is member | -     | of    | Parti Pesaka Bumiputera Bersatu party | - | - |"
reference1,3,"Aaron Turner is a post-metal musician born in Massachusetts who plays electric guitar, started performing in 1995 and is in the Lotus Eaters band.","| id | sbj          | pred         | obj_d            | obj_i | sig | adv/cl/comp/sent       |
|----|--------------|--------------|------------------|-------|-----|------------------------|
| #0 | Aaron Turner | is           | a post-metal musician | -     | -   | -                      |
| #1 | Aaron Turner | was born     | -                | in Massachusetts | -   | -                      |
| #2 | Aaron Turner | plays        | electric guitar  | -     | -   | -                      |
| #3 | Aaron Turner | started      | performing       | -     | in  | 1995                   |
| #4 | Aaron Turner | is in        | the Lotus Eaters band | -     | -   | -                      |","| id | sbj          | pred        | obj_d            | obj_i | sig | adv/cl/comp/sent            |
|----|--------------|-------------|------------------|-------|-----|-----------------------------|
| #0 | Aaron Turner | is          | a musician       | -     | -   | -                           |
| #1 | Aaron Turner | is born     | -                | in Massachusetts | -   | -                           |
| #2 | Aaron Turner | plays       | electric guitar  | -     | -   | -                           |
| #3 | Aaron Turner | started     | performing       | -     | in  | 1995                        |
| #4 | Aaron Turner | is in       | the Lotus Eaters band | -     | -   | -                           |
| #5 | Aaron Turner | is          | a post-metal musician | -     | -   | -                           |","| id | sbj          | pred          | obj_d           | obj_i | sig | adv/cl/comp/sent        |
|----|--------------|---------------|-----------------|-------|-----|-------------------------|
| #0 | Aaron Turner | is            | a musician      | -     | -   | -                       |
| #1 | Aaron Turner | is born       | -               | in Massachusetts | -   | -                       |
| #2 | Aaron Turner | plays         | electric guitar | -     | -   | -                       |
| #3 | Aaron Turner | started       | performing      | -     | in  | 1995                    |
| #4 | Aaron Turner | is in         | the Lotus Eaters band | - | -   | -                       |
| #5 | Aaron Turner | is            | post-metal      | -     | as  | a musician              |"
reference1,4,"Nord is an album by Year of No Light, which is associated with the band Monarch.","| id | sbj | pred | obj_d | obj_i | sig | adv/cl/comp/sent |
| - | - | - | - | - | - | - |
| #0 | Nord | is an album by | Year of No Light | - | - | - |
| #1 | Year of No Light | is associated with | the band Monarch | - | - | - |
| #2 | the band Monarch | is associated with | Year of No Light | - | - | - |","| id | sbj | pred | obj_d | obj_i | sig | adv/cl/comp/sent |
| - | - | - | - | - | - | - |
| #0 | Nord | is an album by | Year of No Light | - | - | - |
| #1 | Year of No Light | is associated with | the band Monarch | - | - | - |
| #2 | the band Monarch | is | - | - | - | - |","| id | sbj | pred | obj_d | obj_i | sig | adv/cl/comp/sent |
| - | - | - | - | - | - | - |
| #0 | Nord | is an album by | Year of No Light | - | - | - |
| #1 | Year of No Light | is associated with | the band Monarch | - | - | - |
| #2 | the band Monarch | is associated with | Year of No Light | - | - | - |"
reference1,5,Cecil Parker starred in the 1956 movie It's Great to Be Young.,"# Output
| id | sbj         | pred   | obj_d               | obj_i | sig | adv/cl/comp/sent |
|----|-------------|--------|---------------------|-------|-----|------------------|
| #0 | Cecil Parker| starred| in It's Great to Be Young | -     | in  | the 1956 movie   |","| id | sbj         | pred   | obj_d                  | obj_i | sig | adv/cl/comp/sent |
|----|-------------|--------|------------------------|-------|-----|------------------|
| #0 | Cecil Parker| starred| in It's Great to Be Young | -     | in  | the 1956 movie   |","| id | sbj         | pred   | obj_d                   | obj_i | sig | adv/cl/comp/sent |
|----|-------------|--------|-------------------------|-------|-----|------------------|
| #0 | Cecil Parker | starred in | It's Great to Be Young | -     | in  | 1956             |"
reference1,6,"Train released Mermaid, produced by the Espionage team, shortly before covering John Lennon's Imagine. Imagine by John Lennon earned the FIMI certification.","| id | sbj | pred | obj_d | obj_i | sig | adv/cl/comp/sent |
| - | - | - | - | - | - | - |
| #0 | Train | released | Mermaid | - | - | shortly before covering John Lennon's Imagine |
| #1 | Espionage team | produced | Mermaid | - | - | - |
| #2 | Train | covered | Imagine | by John Lennon | - | - |
| #3 | Imagine by John Lennon | earned | the FIMI certification | - | - | - |","| id | sbj | pred | obj_d | obj_i | sig | adv/cl/comp/sent |
| - | - | - | - | - | - | - |
| #0 | Train | released | Mermaid | - | - | shortly before #1 |
| #1 | Train | covered | Imagine by John Lennon | - | - | - |
| #2 | Mermaid | was produced | by the Espionage team | - | - | - |
| #3 | Imagine by John Lennon | earned | the FIMI certification | - | - | - |","| id | sbj | pred | obj_d | obj_i | sig | adv/cl/comp/sent |
| - | - | - | - | - | - | - |
| #0 | Train | released | Mermaid | - | shortly before | #1 |
| #1 | Train | covered | Imagine by John Lennon | - | - | - |
| #2 | Mermaid | was produced by | the Espionage team | - | - | - |
| #3 | Imagine by John Lennon | earned | the FIMI certification | - | - | - |"
reference1,7,Fantasy is The Fellowship of the Ring's genre.,"| id | sbj | pred | obj_d | obj_i | sig | adv/cl/comp/sent |
| -- | --- | ---- | ----- | ----- | --- | ---------------- |
| #0 | The Fellowship of the Ring | has genre | Fantasy | - | - | - |","| id | sbj | pred | obj_d | obj_i | sig | adv/cl/comp/sent |
|----|-----|------|-------|-------|-----|------------------|
| #0 | The Fellowship of the Ring | has genre | Fantasy | - | - | - |","| id | sbj | pred | obj_d | obj_i | sig | adv/cl/comp/sent |
|----|-----|------|-------|-------|-----|-----------------|
| #0 | The Fellowship of the Ring | has genre | Fantasy | - | - | - |"
reference1,8,"In the USA, where African Americans are a national ethnic group, Casey Ribicoff and Abraham A. Ribicoff were married and Abraham later died there.","| id | sbj | pred | obj_d | obj_i | sig | adv/cl/comp/sent |
| - | - | - | - | - | - | - |
| #0 | African Americans | are | a national ethnic group | - | in | the USA |
| #1 | Casey Ribicoff and Abraham A. Ribicoff | were married | - | - | - | - |
| #2 | Abraham A. Ribicoff | died | - | - | - | in the USA |","| id | sbj                | pred      | obj_d | obj_i | sig  | adv/cl/comp/sent   |
|----|--------------------|-----------|-------|-------|------|--------------------|
| #0 | Casey Ribicoff     | was married to | Abraham A. Ribicoff | -    | in   | the USA, where African Americans are a national ethnic group |
| #1 | Abraham A. Ribicoff | died      | -     | -     | in   | the USA            |
| #2 | African Americans  | are       | a national ethnic group | -    | in   | the USA            |","| id | sbj             | pred    | obj_d | obj_i | sig  | adv/cl/comp/sent |
|----|-----------------|---------|-------|-------|------|------------------|
| #0 | Casey Ribicoff  | married | -     | to Abraham A. Ribicoff | -    | -                |
| #1 | Abraham A. Ribicoff | died | -     | -     | in   | the USA          |
| #2 | African Americans | are    | a national ethnic group | -     | in   | the USA          |"
reference1,9,"The University of Burgundy in Dijon has 2900 staff members that educate a total of 27400 students of them 1299 are doctoral students, and 9400 are postgraduate students.","| id | sbj | pred | obj_d | obj_i | sig | adv/cl/comp/sent |
| - | - | - | - | - | - | - |
| #0 | The University of Burgundy in Dijon | has | 2900 staff members | - | - | - |
| #1 | The University of Burgundy in Dijon | educates | a total of 27400 students | - | - | - |
| #2 | The University of Burgundy in Dijon | has | 1299 doctoral students | among | a total of 27400 students |
| #3 | The University of Burgundy in Dijon | has | 9400 postgraduate students | among | a total of 27400 students |","| id | sbj | pred | obj_d | obj_i | sig | adv/cl/comp/sent |
| - | - | - | - | - | - | - |
| #0 | The University of Burgundy in Dijon | has | 2900 staff members | - | - | - |
| #1 | 2900 staff members | educate | 27400 students | - | - | - |
| #2 | 27400 students | include | 1299 doctoral students | - | - | - |
| #3 | 27400 students | include | 9400 postgraduate students | - | - | - |","| id | sbj | pred | obj_d | obj_i | sig | adv/cl/comp/sent |
| - | - | - | - | - | - | - |
| #0 | The University of Burgundy in Dijon | has | 2900 staff members | - | - | - |
| #1 | 2900 staff members | educate | 27400 students | - | - | - |
| #2 | 27400 students | include | 1299 doctoral students | - | - | - |
| #3 | 27400 students | include | 9400 postgraduate students | - | - | - |"
reference1,10,"The album Nord by the Year of No Light, who also produced it was released by the record label Crucial blast. The album Nord was followed with the album Live at Roadburn 2008.","| id | sbj | pred | obj_d | obj_i | sig | adv/cl/comp/sent |
| - | - | - | - | - | - | - |
| #0 | the album Nord | was produced | - | by the Year of No Light | - | - |
| #1 | the album Nord | was released | - | by the record label Crucial Blast | - | - |
| #2 | the album Nord | was followed | with the album Live at Roadburn 2008 | - | - | - |
| #3 | the Year of No Light | produced | the album Nord | - | - | - |","| id | sbj | pred | obj_d | obj_i | sig | adv/cl/comp/sent |
|----|-----|------|-------|-------|-----|-----------------|
| #0 | the album Nord | was released | - | by the record label Crucial Blast | - | - |
| #1 | the Year of No Light | produced | the album Nord | - | - | - |
| #2 | the album Nord | was followed with | the album Live at Roadburn 2008 | - | - | - |","| id | sbj | pred | obj_d | obj_i | sig | adv/cl/comp/sent |
| - | - | - | - | - | - | - |
| #0 | the album Nord | was produced | - | by the Year of No Light | - | - |
| #1 | the album Nord | was released | - | by the record label Crucial blast | - | - |
| #2 | the album Nord | was followed | with the album Live at Roadburn 2008 | - | - | - |
| #3 | the Year of No Light | produced | the album Nord | - | - | - |"
reference1,11,"Aleksandr Prudnikov, height 185 cm., born on 1989-02-24, and who plays for FC Amkar Perm, is in the FC Terek Grozny club the ground of which is based at Grozny.","| id | sbj                | pred           | obj_d             | obj_i | sig | adv/cl/comp/sent            |
|----|--------------------|----------------|-------------------|-------|-----|-----------------------------|
| #0 | Aleksandr Prudnikov | has height     | 185 cm            | -     | -   | -                           |
| #1 | Aleksandr Prudnikov | was born       | -                 | on    | 1989-02-24                    |
| #2 | Aleksandr Prudnikov | plays          | -                 | for   | FC Amkar Perm                 |
| #3 | Aleksandr Prudnikov | is in          | FC Terek Grozny club | -   | -   | -                           |
| #4 | FC Terek Grozny club | is based       | -                 | at    | Grozny                        |","| id | sbj               | pred     | obj_d                  | obj_i | sig | adv/cl/comp/sent        |
|----|-------------------|----------|------------------------|-------|-----|-------------------------|
| #0 | Aleksandr Prudnikov | has height | 185 cm                 | -     | -   | -                       |
| #1 | Aleksandr Prudnikov | was born  | -                      | -     | on  | 1989-02-24              |
| #2 | Aleksandr Prudnikov | plays     | -                      | for   | FC Amkar Perm             |
| #3 | Aleksandr Prudnikov | is in     | FC Terek Grozny club   | -     | -   | -                       |
| #4 | FC Terek Grozny club | is based  | -                      | at    | Grozny                    |","| id | sbj                | pred           | obj_d | obj_i | sig | adv/cl/comp/sent          |
|----|--------------------|----------------|-------|-------|-----|---------------------------|
| #0 | Aleksandr Prudnikov | has height     | 185 cm | -     | -   | -                         |
| #1 | Aleksandr Prudnikov | was born       | -     | on    | 1989-02-24                   |
| #2 | Aleksandr Prudnikov | plays for      | FC Amkar Perm | - | -   | -                         |
| #3 | Aleksandr Prudnikov | is in          | FC Terek Grozny club | - | -   | -                 |
| #4 | FC Terek Grozny club | has ground    | -     | at    | Grozny                       |"
reference1,12,"The Mason School of Business, inside Alan B Miller Hall, is in Williamsburg, Virginia at the College of William and Mary.","| id | sbj | pred | obj_d | obj_i | sig | adv/cl/comp/sent |
| - | - | - | - | - | - | - |
| #0 | The Mason School of Business | is in | Alan B Miller Hall | - | - | - |
| #1 | Alan B Miller Hall | is in | Williamsburg, Virginia | at | the College of William and Mary |","| id | sbj | pred | obj_d | obj_i | sig | adv/cl/comp/sent |
| - | - | - | - | - | - | - |
| #0 | The Mason School of Business | is | - | inside Alan B Miller Hall | - | - |
| #1 | The Mason School of Business | is | - | in Williamsburg, Virginia | - | - |
| #2 | The Mason School of Business | is | - | at the College of William and Mary | - | - |
| #3 | Alan B Miller Hall | houses | The Mason School of Business | - | - | - |","# Output
| id | sbj | pred | obj_d | obj_i | sig | adv/cl/comp/sent |
| - | - | - | - | - | - | - |
| #0 | The Mason School of Business | is in | - | Williamsburg, Virginia | at | the College of William and Mary |
| #1 | The Mason School of Business | is inside | Alan B Miller Hall | - | - | - |
| #2 | Alan B Miller Hall | is at | the College of William and Mary | - | in | Williamsburg, Virginia |"
reference1,13,Super Capers was directed by Ray Griggs who was born in 1974. The movie stars are Michael Rooker and Tom Sizemore.,"# Output
| id | sbj | pred | obj_d | obj_i | sig | adv/cl/comp/sent |
| - | - | - | - | - | - | - |
| #0 | Super Capers | was directed by | Ray Griggs | - | - | - |
| #1 | Ray Griggs | was born | - | in | 1974 |
| #2 | The movie | stars | Michael Rooker and Tom Sizemore | - | - | - |","# Output
| id | sbj        | pred       | obj_d       | obj_i | sig | adv/cl/comp/sent |
|----|------------|------------|-------------|-------|-----|------------------|
| #0 | Super Capers | was directed by | Ray Griggs | -     | -   | -                |
| #1 | Ray Griggs   | was born   | -           | in    | 1974| -                |
| #2 | Super Capers | stars      | Michael Rooker and Tom Sizemore | -     | -   | -                |","# Output
| id | sbj | pred | obj_d | obj_i | sig | adv/cl/comp/sent |
| - | - | - | - | - | - | - |
| #0 | Super Capers | was directed by | Ray Griggs | - | - | - |
| #1 | Ray Griggs | was born | - | in | 1974 |
| #2 | The movie | stars | Michael Rooker and Tom Sizemore | - | - | - |"
reference1,14,"Year of No Light followed their album Nord, released on 06-09-2006, with the album Live at Roadburn 2008. The album is in the genres of sludge metal and post metal.","| id | sbj                | pred          | obj_d                   | obj_i | sig | adv/cl/comp/sent         |
|----|--------------------|---------------|-------------------------|-------|-----|--------------------------|
| #0 | Year of No Light   | followed      | their album Nord        | with the album Live at Roadburn 2008 | -   | -                        |
| #1 | their album Nord   | was released  | -                       | -     | on  | 06-09-2006               |
| #2 | the album Live at Roadburn 2008 | is in | the genres of sludge metal and post metal | - | - | - |","| id | sbj                | pred          | obj_d                    | obj_i | sig | adv/cl/comp/sent      |
|----|--------------------|---------------|--------------------------|-------|-----|-----------------------|
| #0 | Year of No Light   | followed      | their album Nord         | with the album Live at Roadburn 2008 | -   | -                     |
| #1 | their album Nord   | was released  | -                        | -     | on  | 06-09-2006            |
| #2 | the album Live at Roadburn 2008 | is | -                        | in    | the genres of sludge metal and post metal | - | - |","| id | sbj                | pred            | obj_d                     | obj_i | sig | adv/cl/comp/sent          |
|----|--------------------|-----------------|---------------------------|-------|-----|--------------------------|
| #0 | Year of No Light   | followed        | Nord                      | with the album Live at Roadburn 2008 | -   | -                        |
| #1 | Nord               | was released on | 06-09-2006                | -     | -   | -                        |
| #2 | Live at Roadburn 2008 | is in          | the genres of sludge metal and post metal | -   | -   | -                        |"
reference1,15,"The ALCO RS-3, produced between May 1950 and August 1956 with 12 cylinders, has a length of 17068.8 millimetres.","# Output
| id | sbj | pred | obj_d | obj_i | sig | adv/cl/comp/sent |
| - | - | - | - | - | - | - |
| #0 | The ALCO RS-3 | was produced | - | - | between | May 1950 and August 1956 |
| #1 | The ALCO RS-3 | has | 12 cylinders | - | - | - |
| #2 | The ALCO RS-3 | has a length of | 17068.8 millimetres | - | - | - |","# Output
| id | sbj          | pred        | obj_d       | obj_i | sig          | adv/cl/comp/sent |
|----|--------------|-------------|-------------|-------|--------------|------------------|
| #0 | The ALCO RS-3 | was produced | -           | -     | between      | May 1950 and August 1956 |
| #1 | The ALCO RS-3 | has         | 12 cylinders | -     | -            | -                |
| #2 | The ALCO RS-3 | has a length | 17068.8 millimetres | - | -            | -                |","# Output
| id | sbj | pred | obj_d | obj_i | sig | adv/cl/comp/sent |
| - | - | - | - | - | - | - |
| #0 | The ALCO RS-3 | was produced | - | - | between | May 1950 and August 1956 |
| #1 | The ALCO RS-3 | has | 12 cylinders | - | - | - |
| #2 | The ALCO RS-3 | has a length of | 17068.8 millimetres | - | - | - |"
reference1,16,Adam West was born in 1928.,"| id | sbj     | pred  | obj_d | obj_i | sig | adv/cl/comp/sent |
|----|---------|-------|-------|-------|-----|------------------|
| #0 | Adam West | was born | -     | -    | in  | 1928            |","| id | sbj     | pred   | obj_d | obj_i | sig | adv/cl/comp/sent |
|----|---------|--------|-------|-------|-----|------------------|
| #0 | Adam West | was born | -     | -     | in  | 1928            |","| id | sbj     | pred  | obj_d | obj_i | sig | adv/cl/comp/sent |
|----|---------|-------|-------|-------|-----|------------------|
| #0 | Adam West | was born | -     | -    | in  | 1928            |"
reference1,17,"The College of William and Mary is the owner of the Alan B.Miller Hall (address: ""101 Ukrop Way""). It was completed on June 1st, 2009, and the Mason School of Business are its current tenants.","| id | sbj | pred | obj_d | obj_i | sig | adv/cl/comp/sent |
| - | - | - | - | - | - | - |
| #0 | The College of William and Mary | is the owner of | the Alan B. Miller Hall | - | - | - |
| #1 | the Alan B. Miller Hall | has address | ""101 Ukrop Way"" | - | - | - |
| #2 | the Alan B. Miller Hall | was completed | - | - | on | June 1st, 2009 |
| #3 | the Mason School of Business | are tenants | - | of the Alan B. Miller Hall | - | - |","| id | sbj | pred | obj_d | obj_i | sig | adv/cl/comp/sent |
| - | - | - | - | - | - | - |
| #0 | The College of William and Mary | is the owner of | the Alan B. Miller Hall | - | - | - |
| #1 | the Alan B. Miller Hall | has address | ""101 Ukrop Way"" | - | - | - |
| #2 | the Alan B. Miller Hall | was completed | - | - | on | June 1st, 2009 |
| #3 | the Mason School of Business | are current tenants | - | of the Alan B. Miller Hall | - | - |","| id | sbj | pred | obj_d | obj_i | sig | adv/cl/comp/sent |
| - | - | - | - | - | - | - |
| #0 | The College of William and Mary | is the owner of | the Alan B. Miller Hall | - | - | - |
| #1 | the Alan B. Miller Hall | has address | ""101 Ukrop Way"" | - | - | - |
| #2 | the Alan B. Miller Hall | was completed | - | on | June 1st, 2009 |
| #3 | the Mason School of Business | are tenants | - | of | the Alan B. Miller Hall |
| #4 | the Mason School of Business | are current tenants | - | of | the Alan B. Miller Hall |"
reference1,18,"Singer Aaron Turner began performing in 1995. Turner is a post-metal musician, and played with the band Twilight.","| id | sbj           | pred      | obj_d   | obj_i | sig | adv/cl/comp/sent |
|----|---------------|-----------|---------|-------|-----|------------------|
| #0 | Aaron Turner  | began     | performing | -   | in  | 1995             |
| #1 | Aaron Turner  | is        | a post-metal musician | - | - | -          |
| #2 | Aaron Turner  | played    | -         | with the band Twilight | - | - |","| id | sbj           | pred       | obj_d      | obj_i | sig | adv/cl/comp/sent |
|----|---------------|------------|------------|-------|-----|------------------|
| #0 | Aaron Turner  | began      | performing | -     | in  | 1995             |
| #1 | Aaron Turner  | is         | a musician | -     | -   | -                |
| #2 | Aaron Turner  | played     | -          | with the band Twilight | -   | -                |
| #3 | Aaron Turner  | is         | -          | -     | -   | post-metal       |","| id | sbj           | pred        | obj_d   | obj_i | sig | adv/cl/comp/sent |
|----|---------------|-------------|---------|-------|-----|------------------|
| #0 | Aaron Turner  | began       | performing | -   | in  | 1995             |
| #1 | Aaron Turner  | is          | a post-metal musician | - | - | -           |
| #2 | Aaron Turner  | played      | -         | with the band Twilight | - | - |"
reference1,19,"Darinka Dentcheva has a residence and is a citizen of the United States, whose motto is ""In God We Trust,"" and has a residence in the state of New Jersey. New Jersey has an area of water that is 3, 544.04 km^2.","| id | sbj | pred | obj_d | obj_i | sig | adv/cl/comp/sent |
| - | - | - | - | - | - | - |
| #0 | Darinka Dentcheva | has a residence | - | in the United States | - | - |
| #1 | Darinka Dentcheva | is a citizen | - | of the United States | - | - |
| #2 | the United States | has motto | ""In God We Trust"" | - | whose | - |
| #3 | Darinka Dentcheva | has a residence | - | in the state of New Jersey | - | - |
| #4 | New Jersey | has an area of water | 3,544.04 km^2 | - | - | - |","| id | sbj | pred | obj_d | obj_i | sig | adv/cl/comp/sent |
| - | - | - | - | - | - | - |
| #0 | Darinka Dentcheva | has a residence | - | in the United States | - | - |
| #1 | Darinka Dentcheva | is a citizen of | the United States | - | - | - |
| #2 | the United States | has motto | ""In God We Trust"" | - | - | - |
| #3 | Darinka Dentcheva | has a residence | - | in the state of New Jersey | - | - |
| #4 | New Jersey | has an area of water | 3,544.04 km^2 | - | - | - |
| #5 | the United States | has a residence | Darinka Dentcheva | - | - | - |
| #6 | the state of New Jersey | has a residence | Darinka Dentcheva | - | - | - |","| id | sbj | pred | obj_d | obj_i | sig | adv/cl/comp/sent |
| - | - | - | - | - | - | - |
| #0 | Darinka Dentcheva | has a residence | - | in the United States | - | - |
| #1 | Darinka Dentcheva | is a citizen | - | of the United States | - | - |
| #2 | the United States | has motto | ""In God We Trust"" | - | whose | - |
| #3 | Darinka Dentcheva | has a residence | - | in the state of New Jersey | - | - |
| #4 | New Jersey | has an area of water | 3,544.04 km^2 | - | - | - |"
reference1,20,The leader of Israel is Reuven Rivlin.,"| id | sbj             | pred | obj_d         | obj_i | sig | adv/cl/comp/sent |
|----|-----------------|------|---------------|-------|-----|------------------|
| #0 | The leader of Israel | is  | Reuven Rivlin |       |     |                  |","| id | sbj | pred | obj_d | obj_i | sig | adv/cl/comp/sent |
|----|-----|------|-------|-------|-----|-----------------|
| #0 | The leader of Israel | is | Reuven Rivlin | - | - | - |","| id | sbj             | pred | obj_d         | obj_i | sig | adv/cl/comp/sent |
|----|-----------------|------|---------------|-------|-----|------------------|
| #0 | The leader of Israel | is   | Reuven Rivlin |       |     |                  |"
reference1,21,Agremiação Sportiva Arapiraquense has 17000 members and is playing in the Campeonato Brasileiro Série C league. Their ground is the Estádio Municipal Coaracy da Mata Fonseca located in Arapiraca.,"| id | sbj | pred | obj_d | obj_i | sig | adv/cl/comp/sent |
| - | - | - | - | - | - | - |
| #0 | Agremiação Sportiva Arapiraquense | has | 17000 members | - | - | - |
| #1 | Agremiação Sportiva Arapiraquense | is playing | - | in the Campeonato Brasileiro Série C league | - | - |
| #2 | Agremiação Sportiva Arapiraquense | has ground | the Estádio Municipal Coaracy da Mata Fonseca | - | - | - |
| #3 | the Estádio Municipal Coaracy da Mata Fonseca | is located | - | in Arapiraca | - | - |","| id | sbj | pred | obj_d | obj_i | sig | adv/cl/comp/sent |
| - | - | - | - | - | - | - |
| #0 | Agremiação Sportiva Arapiraquense | has | 17000 members | - | - | - |
| #1 | Agremiação Sportiva Arapiraquense | is playing | - | in the Campeonato Brasileiro Série C league | - | - |
| #2 | Agremiação Sportiva Arapiraquense | has ground | the Estádio Municipal Coaracy da Mata Fonseca | - | - | - |
| #3 | the Estádio Municipal Coaracy da Mata Fonseca | is located | - | in Arapiraca | - | - |","| id | sbj | pred | obj_d | obj_i | sig | adv/cl/comp/sent |
| - | - | - | - | - | - | - |
| #0 | Agremiação Sportiva Arapiraquense | has | 17000 members | - | - | - |
| #1 | Agremiação Sportiva Arapiraquense | is playing | - | in the Campeonato Brasileiro Série C league | - | - |
| #2 | Agremiação Sportiva Arapiraquense | has ground | the Estádio Municipal Coaracy da Mata Fonseca | - | - | - |
| #3 | the Estádio Municipal Coaracy da Mata Fonseca | is located | - | in Arapiraca | - | - |"
reference1,22,"Mermaid is a pop rock song by the band Train, the origins of pop rock is in rock music but the song is also in the reggae genre whose origin is ska.","| id | sbj | pred | obj_d | obj_i | sig | adv/cl/comp/sent |
| - | - | - | - | - | - | - |
| #0 | Mermaid | is | a pop rock song | by the band Train | - | - |
| #1 | pop rock | has origins | in rock music | - | - | - |
| #2 | Mermaid | is also | in the reggae genre | - | - | - |
| #3 | reggae | has origin | in ska | - | - | - |","| id | sbj | pred | obj_d | obj_i | sig | adv/cl/comp/sent |
| - | - | - | - | - | - | - |
| #0 | Mermaid | is | a pop rock song | by the band Train | - | - |
| #1 | pop rock | has origins | in rock music | - | - | - |
| #2 | Mermaid | is also | in the reggae genre | - | - | - |
| #3 | reggae | has origin | in ska | - | - | - |","| id | sbj | pred | obj_d | obj_i | sig | adv/cl/comp/sent |
| - | - | - | - | - | - | - |
| #0 | Mermaid | is | a pop rock song | by the band Train | - | - |
| #1 | pop rock | has origins | in rock music | - | - | - |
| #2 | Mermaid | is also | in the reggae genre | - | - | - |
| #3 | reggae | has origin | in ska | - | - | - |"
reference1,23,"Bootleg Series Volume 1: The Quine Tapes with run time of 230:05 was recorded under the Polydor Records and Universal Music Group record label in St. Louis, Missouri, United States and released on October, 16, 2001. It was preceded by Squeeze by The Velvet Underground.","| id | sbj | pred | obj_d | obj_i | sig | adv/cl/comp/sent |
| - | - | - | - | - | - | - |
| #0 | Bootleg Series Volume 1: The Quine Tapes | was recorded | - | under the Polydor Records and Universal Music Group record label | in | St. Louis, Missouri, United States |
| #1 | Bootleg Series Volume 1: The Quine Tapes | was released | - | - | on | October, 16, 2001 |
| #2 | Bootleg Series Volume 1: The Quine Tapes | has run time | 230:05 | - | - | - |
| #3 | Bootleg Series Volume 1: The Quine Tapes | was preceded by | Squeeze by The Velvet Underground | - | - | - |","| id | sbj | pred | obj_d | obj_i | sig | adv/cl/comp/sent |
| - | - | - | - | - | - | - |
| #0 | Bootleg Series Volume 1: The Quine Tapes | was recorded | - | under the Polydor Records and Universal Music Group record label | in | St. Louis, Missouri, United States |
| #1 | Bootleg Series Volume 1: The Quine Tapes | was released | - | - | on | October, 16, 2001 |
| #2 | Bootleg Series Volume 1: The Quine Tapes | has run time | 230:05 | - | - | - |
| #3 | Bootleg Series Volume 1: The Quine Tapes | was preceded by | Squeeze by The Velvet Underground | - | - | - |","| id | sbj | pred | obj_d | obj_i | sig | adv/cl/comp/sent |
| - | - | - | - | - | - | - |
| #0 | Bootleg Series Volume 1: The Quine Tapes | was recorded | - | under the Polydor Records and Universal Music Group record label | in | St. Louis, Missouri, United States |
| #1 | Bootleg Series Volume 1: The Quine Tapes | was released | - | - | on | October, 16, 2001 |
| #2 | Bootleg Series Volume 1: The Quine Tapes | has run time | 230:05 | - | - | - |
| #3 | Bootleg Series Volume 1: The Quine Tapes | was preceded by | Squeeze by The Velvet Underground | - | - | - |"
reference1,24,Inside GMA Network Center lies the mass media industry GMA New Media.,"| id | sbj | pred | obj_d | obj_i | sig | adv/cl/comp/sent |
|----|-----|------|-------|-------|-----|-----------------|
| #0 | GMA New Media | lies inside | GMA Network Center | - | - | - |","| id | sbj                | pred | obj_d         | obj_i | sig  | adv/cl/comp/sent |
|----|--------------------|------|---------------|-------|------|------------------|
| #0 | GMA Network Center | lies | GMA New Media | -     | -    | -                |
| #1 | GMA New Media      | is   | industry      | in    | -    | mass media       |","| id | sbj | pred | obj_d | obj_i | sig | adv/cl/comp/sent |
| - | - | - | - | - | - | - |
| #0 | GMA New Media | lies inside | GMA Network Center | - | - | - |
| #1 | GMA New Media | is part of | the mass media industry | - | - | - |"
reference1,25,"Formerly known as The Green Channel, HBO released Death on a Factory Farm.","| id | sbj  | pred    | obj_d                  | obj_i | sig | adv/cl/comp/sent |
|----|------|---------|------------------------|-------|-----|------------------|
| #0 | HBO  | released | Death on a Factory Farm | -     | -   | -                |
| #1 | The Green Channel | is known as | HBO     | -     | -   | formerly         |","| id | sbj | pred | obj_d | obj_i | sig | adv/cl/comp/sent |
|----|-----|------|-------|-------|-----|-----------------|
| #0 | The Green Channel | was formerly known as | - | - | - | - |
| #1 | HBO | released | Death on a Factory Farm | - | - | - |","| id | sbj  | pred    | obj_d                  | obj_i | sig | adv/cl/comp/sent |
|----|------|---------|------------------------|-------|-----|------------------|
| #0 | HBO  | released | Death on a Factory Farm | -     | -   | -                |
| #1 | The Green Channel | is known as | HBO    | -     | -   | -                |"
reference1,26,English Without Tears was a film whose producer and writer was Anatole de Grunwald and whose editor was Alan Jaggs.,"# Output
| id | sbj | pred | obj_d | obj_i | sig | adv/cl/comp/sent |
| - | - | - | - | - | - | - |
| #0 | English Without Tears | was | a film | - | - | - |
| #1 | English Without Tears | had | producer and writer | - | whose | Anatole de Grunwald |
| #2 | English Without Tears | had | editor | - | whose | Alan Jaggs |","# Output
| id | sbj | pred | obj_d | obj_i | sig | adv/cl/comp/sent |
| - | - | - | - | - | - | - |
| #0 | English Without Tears | was | a film | - | - | - |
| #1 | English Without Tears | had | producer and writer | - | whose | Anatole de Grunwald |
| #2 | English Without Tears | had | editor | - | whose | Alan Jaggs |","| id | sbj | pred | obj_d | obj_i | sig | adv/cl/comp/sent |
| - | - | - | - | - | - | - |
| #0 | English Without Tears | was | a film | - | - | - |
| #1 | English Without Tears | had | producer and writer | - | whose | Anatole de Grunwald |
| #2 | English Without Tears | had | editor | - | whose | Alan Jaggs |"
reference1,27,Aaron Turner is a performer of post metal and is originally from Massachusetts. He plays the electric guitar and also played with the band Twilight.,"| id | sbj          | pred        | obj_d             | obj_i | sig | adv/cl/comp/sent |
|----|--------------|-------------|-------------------|-------|-----|------------------|
| #0 | Aaron Turner | is          | a performer       | of post metal | - | - |
| #1 | Aaron Turner | is originally | -               | from Massachusetts | - | - |
| #2 | Aaron Turner | plays       | the electric guitar | -     | -   | - |
| #3 | Aaron Turner | played      | with the band Twilight | -   | -   | - |
| #4 | Aaron Turner | is          | -                 | -     | -   | a performer of post metal and is originally from Massachusetts |
| #5 | Aaron Turner | plays       | -                 | -     | and | also played with the band Twilight |","| id | sbj         | pred        | obj_d            | obj_i | sig | adv/cl/comp/sent |
|----|-------------|-------------|------------------|-------|-----|------------------|
| #0 | Aaron Turner| is          | a performer      | of post metal | - | - |
| #1 | Aaron Turner| is originally| -               | from Massachusetts | - | - |
| #2 | Aaron Turner| plays       | the electric guitar | -    | -   | - |
| #3 | Aaron Turner| played      | with the band    | Twilight | - | - |","| id | sbj         | pred        | obj_d            | obj_i | sig  | adv/cl/comp/sent           |
|----|-------------|-------------|------------------|-------|------|----------------------------|
| #0 | Aaron Turner| is          | a performer      | -     | of   | post metal                 |
| #1 | Aaron Turner| is originally| -               | from  | Massachusetts                |
| #2 | Aaron Turner| plays       | the electric guitar | -   | -    | -                          |
| #3 | Aaron Turner| played      | with the band    | Twilight | -  | -                          |
| #4 | the band    | is named    | Twilight         | -     | -    | -                          |"
reference1,28,There are 16800 undergraduate students at the University of Burgundy.,"| id | sbj | pred | obj_d | obj_i | sig | adv/cl/comp/sent |
|----|-----|------|-------|-------|-----|-----------------|
| #0 | University of Burgundy | has | 16800 undergraduate students | - | - | - |","| id | sbj | pred | obj_d | obj_i | sig | adv/cl/comp/sent |
| - | - | - | - | - | - | - |
| #0 | University of Burgundy | has | 16800 undergraduate students | - | - | - |","| id | sbj | pred | obj_d | obj_i | sig | adv/cl/comp/sent |
|----|-----|------|-------|-------|-----|-----------------|
| #0 | University of Burgundy | has | 16800 undergraduate students | - | - | - |"
reference1,29,"In 2015, Agremiação Sportiva Arapiraquense, whose ground is the Estadio Municipal Coaracy da Mata Fonseca in Arapiraca, played in the Brazilian-based Campeonato Brasileiro Série C league. Vila Nova Futebol Clube are the champions of Campeonato Brasileiro Serie C.","| id | sbj | pred | obj_d | obj_i | sig | adv/cl/comp/sent |
| - | - | - | - | - | - | - |
| #0 | Agremiação Sportiva Arapiraquense | played in | Campeonato Brasileiro Série C league | - | in | 2015 |
| #1 | Agremiação Sportiva Arapiraquense | has ground | Estadio Municipal Coaracy da Mata Fonseca | in Arapiraca | - | - |
| #2 | Vila Nova Futebol Clube | are the champions of | Campeonato Brasileiro Serie C | - | - | - |","| id | sbj | pred | obj_d | obj_i | sig | adv/cl/comp/sent |
|----|-----|------|-------|-------|-----|-----------------|
| #0 | Agremiação Sportiva Arapiraquense | played in | Campeonato Brasileiro Série C league | - | in | 2015 |
| #1 | Agremiação Sportiva Arapiraquense | has ground | Estadio Municipal Coaracy da Mata Fonseca | in Arapiraca | - | - |
| #2 | Vila Nova Futebol Clube | are the champions of | Campeonato Brasileiro Serie C | - | - | - |","| id | sbj | pred | obj_d | obj_i | sig | adv/cl/comp/sent |
| - | - | - | - | - | - | - |
| #0 | Agremiação Sportiva Arapiraquense | played in | Campeonato Brasileiro Série C league | - | in | 2015 |
| #1 | Agremiação Sportiva Arapiraquense | has ground | Estadio Municipal Coaracy da Mata Fonseca | in Arapiraca | whose | - |
| #2 | Vila Nova Futebol Clube | are the champions of | Campeonato Brasileiro Serie C | - | - | - |"
reference1,30,"Super Capers, starring Justin Whalin, had a box office of $30,955. Lionsgate distributed the film.","| id | sbj | pred | obj_d | obj_i | sig | adv/cl/comp/sent |
|----|-----|------|-------|-------|-----|-----------------|
| #0 | Super Capers | had | a box office | - | of | $30,955 |
| #1 | Lionsgate | distributed | the film | - | - | - |
| #2 | the film | is | Super Capers | - | - | - |
| #3 | Super Capers | stars | Justin Whalin | - | - | - |","| id | sbj | pred | obj_d | obj_i | sig | adv/cl/comp/sent |
|----|-----|------|-------|-------|-----|-----------------|
| #0 | Super Capers | had | a box office | - | of | $30,955 |
| #1 | Lionsgate | distributed | the film | - | - | - |
| #2 | the film | is | Super Capers | - | - | - |
| #3 | Super Capers | stars | Justin Whalin | - | - | - |","| id | sbj | pred | obj_d | obj_i | sig | adv/cl/comp/sent |
| - | - | - | - | - | - | - |
| #0 | Super Capers | had | a box office of $30,955 | - | - | - |
| #1 | Lionsgate | distributed | the film | - | - | - |
| #2 | the film | is | Super Capers | - | - | - |
| #3 | Super Capers | stars | Justin Whalin | - | - | - |"
reference1,31,The population density of Ciudad Ayala led by Juan Nolasco is 1604.0.,"# Output
| id | sbj | pred | obj_d | obj_i | sig | adv/cl/comp/sent |
| - | - | - | - | - | - | - |
| #0 | Ciudad Ayala | is led by | Juan Nolasco | - | - | - |
| #1 | Ciudad Ayala | has population density | 1604.0 | - | - | - |","# Output
| id | sbj | pred | obj_d | obj_i | sig | adv/cl/comp/sent |
| - | - | - | - | - | - | - |
| #0 | Ciudad Ayala | is led by | Juan Nolasco | - | - | - |
| #1 | Ciudad Ayala | has population density | 1604.0 | - | - | - |","# Output
| id | sbj | pred | obj_d | obj_i | sig | adv/cl/comp/sent |
| - | - | - | - | - | - | - |
| #0 | Ciudad Ayala | is led by | Juan Nolasco | - | - | - |
| #1 | Ciudad Ayala | has population density | 1604.0 | - | - | - |"
reference1,32,Lady Anne Monson was born in England and had British nationality but she resided in India for most of her life. India has a total area of 32875900000000 and Chief Justice is one the leaders here.,"| id | sbj             | pred     | obj_d   | obj_i | sig | adv/cl/comp/sent |
|----|-----------------|----------|---------|-------|-----|------------------|
| #0 | Lady Anne Monson| was born | -       | in England | - | - |
| #1 | Lady Anne Monson| had      | British nationality | - | - | - |
| #2 | Lady Anne Monson| resided  | -       | in India | for most of her life | - |
| #3 | India           | has      | a total area of 32875900000000 | - | - | - |
| #4 | Chief Justice   | is       | one of the leaders | - | here | - |","| id | sbj                | pred        | obj_d       | obj_i | sig | adv/cl/comp/sent         |
|----|--------------------|-------------|-------------|-------|-----|--------------------------|
| #0 | Lady Anne Monson  | was born    | -           | in England | -   | -                        |
| #1 | Lady Anne Monson  | had         | British nationality | -   | -   | -                        |
| #2 | Lady Anne Monson  | resided     | -           | in India | -   | for most of her life     |
| #3 | India             | has         | a total area of 32875900000000 | -   | -   | -                        |
| #4 | Chief Justice     | is          | one of the leaders | here | -   | -                        |
| #5 | India             | is resided in | -           | by Lady Anne Monson | -   | for most of her life     |","| id | sbj             | pred        | obj_d    | obj_i | sig | adv/cl/comp/sent        |
|----|-----------------|-------------|----------|-------|-----|-------------------------|
| #0 | Lady Anne Monson| was born    | -        | in England | - | -                       |
| #1 | Lady Anne Monson| had         | British nationality | - | - | -                       |
| #2 | Lady Anne Monson| resided     | -        | in India | - | for most of her life    |
| #3 | India           | has         | a total area of 32875900000000 | - | - | -               |
| #4 | Chief Justice   | is          | one of the leaders | - | here | -                  |"
reference1,33,The song Mermaid by Train was followed by the release of Imagine by John Lennon performed by Train.,"| id | sbj | pred | obj_d | obj_i | sig | adv/cl/comp/sent |
| - | - | - | - | - | - | - |
| #0 | The song Mermaid by Train | was followed by | the release of Imagine by John Lennon | - | - | - |
| #1 | the release of Imagine by John Lennon | was performed by | Train | - | - | - |
| #2 | The song Mermaid | has artist | Train | - | - | - |
| #3 | Imagine | has artist | John Lennon | - | - | - |","| id | sbj | pred | obj_d | obj_i | sig | adv/cl/comp/sent |
| - | - | - | - | - | - | - |
| #0 | The song Mermaid | was followed by | the release of Imagine by John Lennon | - | - | - |
| #1 | the release of Imagine by John Lennon | was performed | - | by Train | - | - |
| #2 | The song Mermaid | is by | Train | - | - | - |
| #3 | Imagine by John Lennon | is by | John Lennon | - | - | - |","| id | sbj | pred | obj_d | obj_i | sig | adv/cl/comp/sent |
| - | - | - | - | - | - | - |
| #0 | The song Mermaid by Train | was followed by | the release of Imagine by John Lennon | - | - | - |
| #1 | the release of Imagine by John Lennon | was performed by | Train | - | - | - |
| #2 | The song Mermaid | has artist | Train | - | - | - |
| #3 | Imagine | has artist | John Lennon | - | - | - |"
reference1,34,Nurhan Atasoy was born on 1 January 1934.,"| id | sbj          | pred | obj_d | obj_i | sig | adv/cl/comp/sent  |
|----|--------------|------|-------|-------|-----|-------------------|
| #0 | Nurhan Atasoy | was born | -     | -     | on | 1 January 1934   |","| id | sbj          | pred | obj_d | obj_i | sig | adv/cl/comp/sent    |
|----|--------------|------|-------|-------|-----|---------------------|
| #0 | Nurhan Atasoy | was born | -     | -     | on  | 1 January 1934     |","| id | sbj          | pred  | obj_d | obj_i | sig | adv/cl/comp/sent      |
|----|--------------|-------|-------|-------|-----|-----------------------|
| #0 | Nurhan Atasoy | was born | -     | -     | on  | 1 January 1934       |"
reference1,35,"Nie Haisheng who was part of Shenzhou 10 mission and took part in the Shenzhou 6 mission, was born in Zaoyang.","| id | sbj          | pred     | obj_d | obj_i | sig | adv/cl/comp/sent |
|----|--------------|----------|-------|-------|-----|------------------|
| #0 | Nie Haisheng | was born | -     | in Zaoyang | -   | -                |
| #1 | Nie Haisheng | was part | -     | of Shenzhou 10 mission | -   | -                |
| #2 | Nie Haisheng | took part | -    | in the Shenzhou 6 mission | -   | -                |","| id | sbj          | pred     | obj_d | obj_i | sig | adv/cl/comp/sent |
|----|--------------|----------|-------|-------|-----|------------------|
| #0 | Nie Haisheng | was born | -     | in Zaoyang | -   | -                |
| #1 | Nie Haisheng | was part | -     | of Shenzhou 10 mission | -   | -                |
| #2 | Nie Haisheng | took part | -    | in Shenzhou 6 mission | -   | -                |","| id | sbj          | pred        | obj_d | obj_i | sig | adv/cl/comp/sent |
|----|--------------|-------------|-------|-------|-----|------------------|
| #0 | Nie Haisheng | was born     | -     | in Zaoyang | -   | -                |
| #1 | Nie Haisheng | was part of  | Shenzhou 10 mission | -   | -   | -                |
| #2 | Nie Haisheng | took part in | Shenzhou 6 mission   | -   | -   | -                |"
reference1,36,"The 11th Mississippi Infantry Monument, a Contributing property, is located in Adams County, Pennsylvania which northeast to Frederick County, Maryland.","| id | sbj | pred | obj_d | obj_i | sig | adv/cl/comp/sent |
|----|-----|------|-------|-------|-----|-----------------|
| #0 | The 11th Mississippi Infantry Monument | is located | - | in Adams County, Pennsylvania | - | - |
| #1 | Adams County, Pennsylvania | is | - | northeast to Frederick County, Maryland | - | - |
| #2 | The 11th Mississippi Infantry Monument | is | a Contributing property | - | - | - |","| id | sbj | pred | obj_d | obj_i | sig | adv/cl/comp/sent |
| - | - | - | - | - | - | - |
| #0 | The 11th Mississippi Infantry Monument | is located in | Adams County, Pennsylvania | - | - | - |
| #1 | Adams County, Pennsylvania | is northeast to | Frederick County, Maryland | - | - | - |
| #2 | The 11th Mississippi Infantry Monument | is | a Contributing property | - | - | - |","| id | sbj | pred | obj_d | obj_i | sig | adv/cl/comp/sent |
| - | - | - | - | - | - | - |
| #0 | The 11th Mississippi Infantry Monument | is located | - | in Adams County, Pennsylvania | - | - |
| #1 | Adams County, Pennsylvania | is | - | northeast to Frederick County, Maryland | - | - |
| #2 | The 11th Mississippi Infantry Monument | is | a Contributing property | - | - | - |"
reference1,37,The album Expect a Miracle fits into the genres of instrumental as well as easy listening music.,"| id | sbj | pred | obj_d | obj_i | sig | adv/cl/comp/sent |
|----|-----|------|-------|-------|-----|-----------------|
| #0 | The album Expect a Miracle | fits into | the genres | - | - | - |
| #1 | the genres | are | instrumental | - | as well as | easy listening music |","| id | sbj | pred | obj_d | obj_i | sig | adv/cl/comp/sent |
| - | - | - | - | - | - | - |
| #0 | The album Expect a Miracle | fits into | the genres | - | - | - |
| #1 | the genres | are | instrumental | - | as well as | easy listening music |","| id | sbj | pred | obj_d | obj_i | sig | adv/cl/comp/sent |
| - | - | - | - | - | - | - |
| #0 | The album Expect a Miracle | fits into | the genres | - | - | - |
| #1 | the genres | are | instrumental | - | as well as | easy listening music |"
reference1,38,"Nurhan Atasoy currently takes residence in the Istanbul, Turkey, which is in the Eastern European Summer time zone.","| id | sbj          | pred            | obj_d         | obj_i | sig | adv/cl/comp/sent        |
|----|--------------|-----------------|---------------|-------|-----|-------------------------|
| #0 | Nurhan Atasoy| takes residence | -             | in Istanbul, Turkey | -   | -                       |
| #1 | Istanbul, Turkey | is in         | the Eastern European Summer time zone | - | -   | -                       |","| id | sbj           | pred            | obj_d  | obj_i | sig | adv/cl/comp/sent        |
|----|---------------|-----------------|--------|-------|-----|-------------------------|
| #0 | Nurhan Atasoy | takes residence | -      | in Istanbul, Turkey | -   | -                       |
| #1 | Istanbul, Turkey | is in          | the Eastern European Summer time zone | - | - | - |","| id | sbj          | pred           | obj_d    | obj_i | sig | adv/cl/comp/sent                |
|----|--------------|----------------|----------|-------|-----|---------------------------------|
| #0 | Nurhan Atasoy| takes residence | -        | in Istanbul, Turkey | -   | -                           |
| #1 | Istanbul, Turkey | is in       | the Eastern European Summer time zone | - | - | - |"
reference1,39,"The Bootleg Series Volume I: The Quine Tapes is released by the record label Polydor Records and was recorded under the Universal Music Group record label, of which Lucian Grainge was a key person.","| id | sbj | pred | obj_d | obj_i | sig | adv/cl/comp/sent |
| - | - | - | - | - | - | - |
| #0 | The Bootleg Series Volume I: The Quine Tapes | is released | - | by the record label Polydor Records | - | - |
| #1 | The Bootleg Series Volume I: The Quine Tapes | was recorded | - | under the Universal Music Group record label | - | - |
| #2 | Lucian Grainge | was a key person | - | of the Universal Music Group record label | - | - |","| id | sbj | pred | obj_d | obj_i | sig | adv/cl/comp/sent |
| - | - | - | - | - | - | - |
| #0 | The Bootleg Series Volume I: The Quine Tapes | is released | - | by the record label Polydor Records | - | - |
| #1 | The Bootleg Series Volume I: The Quine Tapes | was recorded | - | under the Universal Music Group record label | - | - |
| #2 | Universal Music Group | has key person | Lucian Grainge | - | - | - |","| id | sbj | pred | obj_d | obj_i | sig | adv/cl/comp/sent |
| - | - | - | - | - | - | - |
| #0 | The Bootleg Series Volume I: The Quine Tapes | is released by | - | the record label Polydor Records | - | - |
| #1 | The Bootleg Series Volume I: The Quine Tapes | was recorded under | - | the Universal Music Group record label | - | - |
| #2 | Universal Music Group | has key person | Lucian Grainge | - | - | - |"
reference1,40,"The Train song Mermaid, which is an example of the reggae and pop rock genres, was released on 2012-12-27. It was written by Espen Lind and was preceded by the song This'll be my year. The song has a total runtime of three minutes and sixteen seconds.","| id | sbj | pred | obj_d | obj_i | sig | adv/cl/comp/sent |
| - | - | - | - | - | - | - |
| #0 | The Train song Mermaid | is an example of | - | the reggae and pop rock genres | - | - |
| #1 | The Train song Mermaid | was released on | 2012-12-27 | - | - | - |
| #2 | The Train song Mermaid | was written by | Espen Lind | - | - | - |
| #3 | The Train song Mermaid | was preceded by | the song This'll be my year | - | - | - |
| #4 | The Train song Mermaid | has a total runtime of | three minutes and sixteen seconds | - | - | - |","| id | sbj | pred | obj_d | obj_i | sig | adv/cl/comp/sent |
| - | - | - | - | - | - | - |
| #0 | The Train song Mermaid | is an example of | - | the reggae and pop rock genres | - | - |
| #1 | The Train song Mermaid | was released on | 2012-12-27 | - | - | - |
| #2 | The Train song Mermaid | was written by | Espen Lind | - | - | - |
| #3 | The Train song Mermaid | was preceded by | the song This'll be my year | - | - | - |
| #4 | The Train song Mermaid | has a total runtime of | three minutes and sixteen seconds | - | - | - |","| id | sbj | pred | obj_d | obj_i | sig | adv/cl/comp/sent |
| - | - | - | - | - | - | - |
| #0 | The Train song Mermaid | is an example of | - | the reggae and pop rock genres | - | - |
| #1 | The Train song Mermaid | was released | - | on | 2012-12-27 |
| #2 | The Train song Mermaid | was written by | Espen Lind | - | - | - |
| #3 | The Train song Mermaid | was preceded by | the song This'll be my year | - | - | - |
| #4 | The Train song Mermaid | has a total runtime of | three minutes and sixteen seconds | - | - | - |"
reference1,41,"Train's hit Mermaid was put out by the Sony Music Entertainment record label, followed by Mermaid with Imagine, a song by John Lennon. The release of the song Imagine by John Lennon was then followed by the release of the song Happy Xmas (War Is Over).","| id | sbj | pred | obj_d | obj_i | sig | adv/cl/comp/sent |
| - | - | - | - | - | - | - |
| #0 | Train's hit Mermaid | was put out | - | by the Sony Music Entertainment record label | - | - |
| #1 | Mermaid | was followed by | Imagine | - | - | - |
| #2 | Imagine | is | a song | - | by | John Lennon |
| #3 | The release of the song Imagine by John Lennon | was followed by | the release of the song Happy Xmas (War Is Over) | - | - | - |
| #4 | Happy Xmas (War Is Over) | is | a song | - | - | - |","| id | sbj | pred | obj_d | obj_i | sig | adv/cl/comp/sent |
| - | - | - | - | - | - | - |
| #0 | Train's hit Mermaid | was put out by | the Sony Music Entertainment record label | - | - | - |
| #1 | Mermaid | was followed by | Imagine | - | - | - |
| #2 | Imagine | is | a song | by John Lennon | - | - |
| #3 | The release of the song Imagine by John Lennon | was followed by | the release of the song Happy Xmas (War Is Over) | - | - | - |
| #4 | Happy Xmas (War Is Over) | is | a song | - | - | - |","| id | sbj | pred | obj_d | obj_i | sig | adv/cl/comp/sent |
| - | - | - | - | - | - | - |
| #0 | Train's hit Mermaid | was put out | - | by the Sony Music Entertainment record label | - | - |
| #1 | Train's hit Mermaid | was followed by | Mermaid with Imagine | - | - | - |
| #2 | Mermaid with Imagine | is | a song | - | by John Lennon | - |
| #3 | the song Imagine by John Lennon | was released | - | - | - | - |
| #4 | the song Imagine by John Lennon | was followed by | the release of the song Happy Xmas (War Is Over) | - | - | - |"
reference1,42,Bionico is a dessert dish found in Mexico and the currency of Mexico is the peso. Cookie is also a dessert.,"| id | sbj     | pred       | obj_d   | obj_i | sig | adv/cl/comp/sent |
|----|---------|------------|---------|-------|-----|------------------|
| #0 | Bionico | is         | a dessert dish | -     | in  | Mexico          |
| #1 | peso    | is         | the currency | -     | of  | Mexico          |
| #2 | Cookie  | is also    | a dessert | -     | -   | -                |","| id | sbj | pred | obj_d | obj_i | sig | adv/cl/comp/sent |
| - | - | - | - | - | - | - |
| #0 | Bionico | is | a dessert dish | - | in | Mexico |
| #1 | the currency of Mexico | is | the peso | - | - | - |
| #2 | Cookie | is | also a dessert | - | - | - |","| id | sbj | pred | obj_d | obj_i | sig | adv/cl/comp/sent |
| - | - | - | - | - | - | - |
| #0 | Bionico | is | a dessert dish | - | in | Mexico |
| #1 | the currency of Mexico | is | the peso | - | - | - |
| #2 | Cookie | is | also a dessert | - | - | - |"
reference1,43,"Jamie Lawrence wrote the music for the film Death on a Factory Farm, which has a running time of 83 minutes and was directed by Sarah Teale.","| id | sbj            | pred       | obj_d                         | obj_i | sig | adv/cl/comp/sent        |
|----|----------------|------------|-------------------------------|-------|-----|-------------------------|
| #0 | Jamie Lawrence | wrote      | the music                    | for the film Death on a Factory Farm | -   | -                       |
| #1 | the film Death on a Factory Farm | has a running time | 83 minutes                    | -     | -   | -                       |
| #2 | the film Death on a Factory Farm | was directed by  | Sarah Teale                   | -     | -   | -                       |","| id | sbj           | pred      | obj_d                | obj_i | sig | adv/cl/comp/sent        |
|----|---------------|-----------|----------------------|-------|-----|-------------------------|
| #0 | Jamie Lawrence | wrote     | the music            | for the film Death on a Factory Farm | -   | -                       |
| #1 | the film Death on a Factory Farm | has a running time | 83 minutes            | -     | -   | -                       |
| #2 | the film Death on a Factory Farm | was directed by    | Sarah Teale           | -     | -   | -                       |","| id | sbj           | pred        | obj_d | obj_i | sig | adv/cl/comp/sent |
|----|---------------|-------------|-------|-------|-----|------------------|
| #0 | Jamie Lawrence | wrote       | the music | for the film Death on a Factory Farm | -   | -                |
| #1 | the film Death on a Factory Farm | has a running time | 83 minutes | - | -   | -                |
| #2 | the film Death on a Factory Farm | was directed | - | by Sarah Teale | -   | -                |"
reference1,44,"Olga Bondareva was born on April 27,1937 and graduated from Leningrad State University.","| id | sbj           | pred     | obj_d | obj_i | sig | adv/cl/comp/sent       |
|----|---------------|----------|-------|-------|-----|------------------------|
| #0 | Olga Bondareva| was born | -     | on    | April 27, 1937           |
| #1 | Olga Bondareva| graduated| -     | from  | Leningrad State University |","| id | sbj           | pred      | obj_d | obj_i | sig | adv/cl/comp/sent        |
|----|---------------|-----------|-------|-------|-----|-------------------------|
| #0 | Olga Bondareva | was born  | -     | -     | on  | April 27, 1937          |
| #1 | Olga Bondareva | graduated | -     | from  | Leningrad State University |","| id | sbj            | pred     | obj_d | obj_i | sig | adv/cl/comp/sent       |
|----|----------------|----------|-------|-------|-----|------------------------|
| #0 | Olga Bondareva | was born | -     | on    | -   | April 27, 1937         |
| #1 | Olga Bondareva | graduated| -     | from  | -   | Leningrad State University |"
reference1,45,Nie Haisheng was born in Zaoyang Hubei Province and he is a citizen of the People’s Republic of China.,"| id | sbj         | pred       | obj_d | obj_i | sig | adv/cl/comp/sent |
|----|-------------|------------|-------|-------|-----|------------------|
| #0 | Nie Haisheng | was born   | -     | in Zaoyang Hubei Province | -   | -                |
| #1 | Nie Haisheng | is a citizen | -   | of the People’s Republic of China | - | -                |","| id | sbj          | pred       | obj_d | obj_i | sig | adv/cl/comp/sent          |
|----|--------------|------------|-------|-------|-----|---------------------------|
| #0 | Nie Haisheng | was born    | -     | in Zaoyang Hubei Province | -   | -                         |
| #1 | Nie Haisheng | is a citizen | -     | of the People’s Republic of China | -   | -                         |","| id | sbj         | pred   | obj_d | obj_i | sig | adv/cl/comp/sent |
|----|-------------|--------|-------|-------|-----|------------------|
| #0 | Nie Haisheng | was born | -     | in Zaoyang Hubei Province | -   | -                |
| #1 | Nie Haisheng | is      | a citizen | of the People’s Republic of China | -   | -                |"
reference1,46,Piotr Hallmann's height is 175.26cm and he weighs 70.308 kilograms.,"| id | sbj            | pred    | obj_d         | obj_i | sig | adv/cl/comp/sent |
|----|----------------|---------|---------------|-------|-----|------------------|
| #0 | Piotr Hallmann | is      | 175.26cm tall | -     | -   | -                |
| #1 | Piotr Hallmann | weighs  | 70.308 kilograms | -   | -   | -                |","| id | sbj             | pred     | obj_d       | obj_i | sig | adv/cl/comp/sent |
|----|-----------------|----------|-------------|-------|-----|------------------|
| #0 | Piotr Hallmann  | is       | 175.26cm    | -     | -   | -                |
| #1 | Piotr Hallmann  | weighs   | 70.308 kilograms | -   | -   | -                |","| id | sbj            | pred     | obj_d | obj_i | sig | adv/cl/comp/sent |
|----|----------------|----------|-------|-------|-----|------------------|
| #0 | Piotr Hallmann | is       | -     | -     | at  | a height of 175.26cm |
| #1 | Piotr Hallmann | weighs   | 70.308 kilograms | - | -   | -                |"
reference1,47,La Crosse Wisconsin is part of La Crosse County Wisconsin.,"| id | sbj                | pred     | obj_d                  | obj_i | sig | adv/cl/comp/sent |
|----|--------------------|----------|------------------------|-------|-----|-----------------|
| #0 | La Crosse Wisconsin | is part of | La Crosse County Wisconsin | -     | -   | -               |","| id | sbj | pred | obj_d | obj_i | sig | adv/cl/comp/sent |
| - | - | - | - | - | - | - |
| #0 | La Crosse Wisconsin | is part of | La Crosse County Wisconsin | - | - | - |","| id | sbj               | pred     | obj_d                    | obj_i | sig | adv/cl/comp/sent |
|----|-------------------|----------|--------------------------|-------|-----|-----------------|
| #0 | La Crosse Wisconsin | is part of | La Crosse County Wisconsin |       |     |                 |"
reference1,48,Expect a Miracle is an instrumental music piece produced by Brian Kelly.,"| id | sbj         | pred      | obj_d                    | obj_i | sig | adv/cl/comp/sent |
|----|-------------|-----------|--------------------------|-------|-----|------------------|
| #0 | Expect a Miracle | is | an instrumental music piece | -     | -   | -                |
| #1 | Expect a Miracle | is produced by | Brian Kelly           | -     | -   | -                |","| id | sbj         | pred     | obj_d                    | obj_i | sig | adv/cl/comp/sent |
|----|-------------|----------|--------------------------|-------|-----|------------------|
| #0 | Expect a Miracle | is       | an instrumental music piece | -     | -   | -                |
| #1 | Expect a Miracle | is produced by | Brian Kelly             | -     | -   | -                |","| id | sbj          | pred     | obj_d                    | obj_i | sig | adv/cl/comp/sent |
|----|--------------|----------|--------------------------|-------|-----|------------------|
| #0 | Expect a Miracle | is      | an instrumental music piece | -     | -   | -                |
| #1 | Expect a Miracle | is produced by | Brian Kelly           | -     | -   | -                |"
reference1,49,"Andrew Rayel, a trance musician, is associated with the musical artist Armin van Buuren.","| id | sbj           | pred       | obj_d | obj_i | sig | adv/cl/comp/sent |
|----|---------------|------------|-------|-------|-----|------------------|
| #0 | Andrew Rayel  | is         | -     | -     | -   | a trance musician |
| #1 | Andrew Rayel  | is associated with | Armin van Buuren | - | - | - |","# Output
| id | sbj          | pred      | obj_d | obj_i | sig | adv/cl/comp/sent |
|----|--------------|-----------|-------|-------|-----|------------------|
| #0 | Andrew Rayel | is        | -     | -     | -   | a trance musician |
| #1 | Andrew Rayel | is associated with | Armin van Buuren | - | - | - |","# Output
| id | sbj          | pred      | obj_d | obj_i | sig | adv/cl/comp/sent |
|----|--------------|-----------|-------|-------|-----|------------------|
| #0 | Andrew Rayel | is        | -     | -     | -   | a trance musician |
| #1 | Andrew Rayel | is associated with | Armin van Buuren | - | - | - |"
reference1,50,"Aleksandr Prudnikov from the FC Amkar Perm club, born 1989-02-24 played for FC Spartak Moscow's youth team.","# Output
| id | sbj               | pred       | obj_d                    | obj_i | sig | adv/cl/comp/sent          |
|----|-------------------|------------|--------------------------|-------|-----|---------------------------|
| #0 | Aleksandr Prudnikov | is from    | the FC Amkar Perm club   | -     | -   | -                         |
| #1 | Aleksandr Prudnikov | was born   | -                        | on    | 1989-02-24                 |
| #2 | Aleksandr Prudnikov | played for | FC Spartak Moscow's youth team | -     | -   | -                         |","# Output
| id | sbj              | pred       | obj_d                  | obj_i | sig | adv/cl/comp/sent          |
|----|------------------|------------|------------------------|-------|-----|---------------------------|
| #0 | Aleksandr Prudnikov | is from    | the FC Amkar Perm club |       |     |                           |
| #1 | Aleksandr Prudnikov | was born   | -                      | on    |     | 1989-02-24                |
| #2 | Aleksandr Prudnikov | played for | FC Spartak Moscow's youth team | | | |","| id | sbj | pred | obj_d | obj_i | sig | adv/cl/comp/sent |
|----|-----|------|-------|-------|-----|------------------|
| #0 | Aleksandr Prudnikov | is from | FC Amkar Perm club | - | - | - |
| #1 | Aleksandr Prudnikov | was born | - | on | 1989-02-24 |
| #2 | Aleksandr Prudnikov | played for | FC Spartak Moscow's youth team | - | - | - |"
reference1,51,The city of Detroit is located in Michigan.,"| id | sbj            | pred     | obj_d | obj_i | sig | adv/cl/comp/sent |
|----|----------------|----------|-------|-------|-----|------------------|
| #0 | The city of Detroit | is located | -     | in Michigan | -   | -                |","| id | sbj | pred | obj_d | obj_i | sig | adv/cl/comp/sent |
| - | - | - | - | - | - | - |
| #0 | The city of Detroit | is located | - | in Michigan | - | - |","| id | sbj | pred | obj_d | obj_i | sig | adv/cl/comp/sent |
| - | - | - | - | - | - | - |
| #0 | The city of Detroit | is located | - | in Michigan | - | - |"
reference1,52,Abraham A. Ribicoff was born in the USA and was married to Casey Ribicoff. He was succeeded by John N. Dempsey.,"| id | sbj             | pred     | obj_d         | obj_i | sig | adv/cl/comp/sent |
|----|-----------------|----------|---------------|-------|-----|------------------|
| #0 | Abraham A. Ribicoff | was born | -             | in the USA | -   | -                |
| #1 | Abraham A. Ribicoff | was married | to Casey Ribicoff | -     | -   | -                |
| #2 | Abraham A. Ribicoff | was succeeded | by John N. Dempsey | -   | -   | -                |","| id | sbj             | pred      | obj_d         | obj_i | sig | adv/cl/comp/sent |
|----|-----------------|-----------|---------------|-------|-----|------------------|
| #0 | Abraham A. Ribicoff | was born  | -             | in the USA | -   | -                |
| #1 | Abraham A. Ribicoff | was married | to Casey Ribicoff | -     | -   | -                |
| #2 | Abraham A. Ribicoff | was succeeded | by John N. Dempsey | -   | -   | -                |","| id | sbj             | pred      | obj_d         | obj_i | sig | adv/cl/comp/sent |
|----|-----------------|-----------|---------------|-------|-----|------------------|
| #0 | Abraham A. Ribicoff | was born  | -             | in the USA | -   | -                |
| #1 | Abraham A. Ribicoff | was married | to Casey Ribicoff | -     | -   | -                |
| #2 | Abraham A. Ribicoff | was succeeded | by John N. Dempsey | -   | -   | -                |"
reference1,53,The song Mermaid was written by the band Train.,"| id | sbj  | pred    | obj_d   | obj_i | sig | adv/cl/comp/sent |
|----|------|---------|---------|-------|-----|------------------|
| #0 | Mermaid | was written | by the band Train | - | - | - |","| id | sbj | pred | obj_d | obj_i | sig | adv/cl/comp/sent |
| - | - | - | - | - | - | - |
| #0 | The song Mermaid | was written | - | by the band Train | - | - |
| #1 | the band Train | wrote | The song Mermaid | - | - | - |","| id | sbj       | pred    | obj_d   | obj_i | sig | adv/cl/comp/sent |
|----|-----------|---------|---------|-------|-----|------------------|
| #0 | The song Mermaid | was written | - | by the band Train | - | - |"
reference1,54,Expect a Miracle's genre is instrumental music.,"| id | sbj                | pred      | obj_d             | obj_i | sig | adv/cl/comp/sent |
|----|--------------------|-----------|-------------------|-------|-----|------------------|
| #0 | Expect a Miracle   | has genre | instrumental music | -     | -   | -                |","| id | sbj             | pred | obj_d             | obj_i | sig | adv/cl/comp/sent |
|----|-----------------|------|-------------------|-------|-----|------------------|
| #0 | Expect a Miracle | has genre | instrumental music | -     | -   | -                |","| id | sbj             | pred | obj_d             | obj_i | sig | adv/cl/comp/sent |
|----|-----------------|------|-------------------|-------|-----|------------------|
| #0 | Expect a Miracle | has genre | instrumental music | -     | -   | -                |"
reference1,55,"Liselotte Grschebina was born within the German Empire in Karlsruhe, which is 115 metres above sea level. The German Papiermark was used in the German Empire as a currency.","# Output
| id | sbj                | pred     | obj_d            | obj_i | sig | adv/cl/comp/sent          |
|----|--------------------|----------|------------------|-------|-----|---------------------------|
| #0 | Liselotte Grschebina | was born | -                | in the German Empire | at | Karlsruhe |
| #1 | Karlsruhe          | is       | 115 metres above sea level | -     | -   | -                         |
| #2 | The German Papiermark | was used | -                | in the German Empire | as | a currency              |","# Output
| id | sbj                 | pred       | obj_d           | obj_i | sig | adv/cl/comp/sent        |
|----|---------------------|------------|-----------------|-------|-----|-------------------------|
| #0 | Liselotte Grschebina | was born   | -               | in the German Empire | -   | in Karlsruhe, which is 115 metres above sea level |
| #1 | Karlsruhe           | is         | 115 metres above sea level | -   | -   | -                       |
| #2 | The German Papiermark | was used  | -               | in the German Empire | as  | a currency              |","# Output
| id | sbj                 | pred     | obj_d            | obj_i | sig | adv/cl/comp/sent                |
|----|---------------------|----------|------------------|-------|-----|---------------------------------|
| #0 | Liselotte Grschebina | was born | -                | in the German Empire, in Karlsruhe | -   | -                               |
| #1 | Karlsruhe           | is       | 115 metres above sea level | -     | -   | -                               |
| #2 | The German Papiermark | was used | -                | in the German Empire | as   | a currency                      |"
reference1,56,Brandon Carter is a physicist whose professional field was on General Relativity is known for the invention of the Carter constant.,"| id | sbj           | pred       | obj_d                | obj_i | sig | adv/cl/comp/sent |
|----|---------------|------------|----------------------|-------|-----|------------------|
| #0 | Brandon Carter| is         | a physicist          | -     | -   | -                |
| #1 | Brandon Carter| was        | -                    | -     | on  | General Relativity |
| #2 | Brandon Carter| is known   | for the invention of the Carter constant | - | - | - |
| #3 | Brandon Carter| has        | professional field   | -     | -   | #1               |","| id | sbj           | pred        | obj_d              | obj_i | sig | adv/cl/comp/sent |
|----|---------------|-------------|--------------------|-------|-----|------------------|
| #0 | Brandon Carter | is          | a physicist        | -     | -   | -                |
| #1 | Brandon Carter | was         | -                  | -     | on  | General Relativity |
| #2 | Brandon Carter | is known for| the invention      | -     | of  | the Carter constant |
| #3 | the invention  | is          | the Carter constant| -     | -   | -                |","| id | sbj           | pred        | obj_d            | obj_i | sig  | adv/cl/comp/sent |
|----|---------------|-------------|------------------|-------|------|------------------|
| #0 | Brandon Carter| is          | a physicist      |       |      |                  |
| #1 | Brandon Carter| was         | -                | on    | in   | General Relativity |
| #2 | Brandon Carter| is known for| the invention    | of    |      | the Carter constant |
| #3 | the Carter constant | is   | an invention     | by    |      | Brandon Carter    |
| #4 | Brandon Carter| is          | a physicist      | whose | #1   | professional field was on General Relativity |"
reference1,57,"Brandon Carter (born on born on 01-01-1942) is a professional in the field of general relativity, known for for the Carter constant and the No-hair theorem. Dennis William Sciama was his doctoral advisor.","| id | sbj | pred | obj_d | obj_i | sig | adv/cl/comp/sent |
| - | - | - | - | - | - | - |
| #0 | Brandon Carter | was born | - | on | 01-01-1942 |
| #1 | Brandon Carter | is a professional | - | in | the field of general relativity |
| #2 | Brandon Carter | is known | - | for | the Carter constant and the No-hair theorem |
| #3 | Dennis William Sciama | was | doctoral advisor | to | Brandon Carter |","| id | sbj | pred | obj_d | obj_i | sig | adv/cl/comp/sent |
| - | - | - | - | - | - | - |
| #0 | Brandon Carter | was born | - | on | 01-01-1942 |
| #1 | Brandon Carter | is a professional | - | in | the field of general relativity |
| #2 | Brandon Carter | is known | - | for | the Carter constant and the No-hair theorem |
| #3 | Dennis William Sciama | was | doctoral advisor | to Brandon Carter | - | - |","| id | sbj             | pred          | obj_d            | obj_i | sig | adv/cl/comp/sent            |
|----|-----------------|---------------|------------------|-------|-----|-----------------------------|
| #0 | Brandon Carter  | was born on   | 01-01-1942       | -     | -   | -                           |
| #1 | Brandon Carter  | is            | a professional   | in the field of general relativity | -   | -                           |
| #2 | Brandon Carter  | is known for  | the Carter constant | -   | -   | -                           |
| #3 | Brandon Carter  | is known for  | the No-hair theorem | -   | -   | -                           |
| #4 | Dennis William Sciama | was    | the doctoral advisor | of Brandon Carter | -   | -                           |"
reference1,58,"The album Bootleg Series Volume 1: The Quine Tapes fits into the Rock music genre, in the subgenre of ‘Proto-punk’.","| id | sbj | pred | obj_d | obj_i | sig | adv/cl/comp/sent |
| - | - | - | - | - | - | - |
| #0 | The album Bootleg Series Volume 1: The Quine Tapes | fits into | the Rock music genre | - | in | the subgenre of ‘Proto-punk’ |","| id | sbj | pred | obj_d | obj_i | sig | adv/cl/comp/sent |
| - | - | - | - | - | - | - |
| #0 | The album Bootleg Series Volume 1: The Quine Tapes | fits into | the Rock music genre | - | - | - |
| #1 | The Rock music genre | has subgenre | ‘Proto-punk’ | - | - | - |
| #2 | The album Bootleg Series Volume 1: The Quine Tapes | fits into | - | in the subgenre of ‘Proto-punk’ | - | - |","| id | sbj | pred | fits into | obj_d | obj_i | sig | adv/cl/comp/sent |
| - | - | - | - | - | - | - | - |
| #0 | The album Bootleg Series Volume 1: The Quine Tapes | fits into | the Rock music genre | - | - | - | - |
| #1 | The album Bootleg Series Volume 1: The Quine Tapes | fits into | - | in the subgenre of ‘Proto-punk’ | - | - | - |"
reference1,59,"Piotr Hallmann was born in August 25th, 1987 and weighs 70.308kgs.","| id | sbj           | pred       | obj_d | obj_i | sig | adv/cl/comp/sent      |
|----|---------------|------------|-------|-------|-----|-----------------------|
| #0 | Piotr Hallmann | was born   | -     | -     | on  | August 25th, 1987     |
| #1 | Piotr Hallmann | weighs     | 70.308kgs | -     | -   | -                     |","| id | sbj           | pred      | obj_d | obj_i | sig | adv/cl/comp/sent       |
|----|---------------|-----------|-------|-------|-----|------------------------|
| #0 | Piotr Hallmann | was born  | -     | -     | on  | August 25th, 1987      |
| #1 | Piotr Hallmann | weighs    | 70.308kgs | -   | -   | -                      |","| id | sbj           | pred      | obj_d | obj_i | sig | adv/cl/comp/sent      |
|----|---------------|-----------|-------|-------|-----|-----------------------|
| #0 | Piotr Hallmann | was born  | -     | -     | on  | August 25th, 1987     |
| #1 | Piotr Hallmann | weighs    | 70.308kgs | -   | -   | -                     |"
reference1,60,"The population of the metropolitan area of Ciudad Ayala is 1,777,539.","| id | sbj | pred | obj_d | obj_i | sig | adv/cl/comp/sent |
| - | - | - | - | - | - | - |
| #0 | the metropolitan area of Ciudad Ayala | has population | 1,777,539 | - | - | - |","| id | sbj | pred | obj_d | obj_i | sig | adv/cl/comp/sent |
| - | - | - | - | - | - | - |
| #0 | The population | is | 1,777,539 | of the metropolitan area of Ciudad Ayala | - | - |","| id | sbj | pred | obj_d | obj_i | sig | adv/cl/comp/sent |
| - | - | - | - | - | - | - |
| #0 | The population | is | 1,777,539 | of the metropolitan area of Ciudad Ayala | - | - |"
reference1,61,"The Bootleg Series Volume I: The Quine tapes is a rock album, by the proto-punk band, The Velvet Underground.","| id | sbj                | pred | obj_d                                | obj_i | sig | adv/cl/comp/sent |
|----|--------------------|------|--------------------------------------|-------|-----|------------------|
| #0 | The Bootleg Series Volume I: The Quine tapes | is   | a rock album                        | -     | by  | the proto-punk band, The Velvet Underground |
| #1 | The Velvet Underground | is   | a proto-punk band                   | -     | -   | -                |","# Output
| id | sbj | pred | is | obj_d | obj_i | sig | adv/cl/comp/sent |
| - | - | - | - | - | - | - | - |
| #0 | The Bootleg Series Volume I: The Quine tapes | is | a rock album | - | - | - | - |
| #1 | The Velvet Underground | is | a proto-punk band | - | - | - | - |
| #2 | The Bootleg Series Volume I: The Quine tapes | is by | The Velvet Underground | - | - | - | - |","| id | sbj                 | pred | obj_d                      | obj_i | sig | adv/cl/comp/sent |
|----|---------------------|------|----------------------------|-------|-----|------------------|
| #0 | The Bootleg Series Volume I: The Quine tapes | is  | a rock album                | -     | by  | the proto-punk band, The Velvet Underground |
| #1 | The Velvet Underground | is   | the proto-punk band        | -     | -   | -                |"
reference1,62,"The Fellowship of the Ring belongs to the fantasy literary genre, released on July 29, 1954, followed by The Two Towers and published by George Allen & Unwin. The Hobbit came before it.","| id | sbj | pred | obj_d | obj_i | sig | adv/cl/comp/sent |
| - | - | - | - | - | - | - |
| #0 | The Fellowship of the Ring | belongs to | the fantasy literary genre | - | - | - |
| #1 | The Fellowship of the Ring | was released | - | - | on | July 29, 1954 |
| #2 | The Fellowship of the Ring | was followed by | The Two Towers | - | - | - |
| #3 | The Fellowship of the Ring | was published by | George Allen & Unwin | - | - | - |
| #4 | The Hobbit | came before | The Fellowship of the Ring | - | - | - |","| id | sbj | pred | obj_d | obj_i | sig | adv/cl/comp/sent |
| - | - | - | - | - | - | - |
| #0 | The Fellowship of the Ring | belongs to | the fantasy literary genre | - | - | - |
| #1 | The Fellowship of the Ring | was released | - | - | on | July 29, 1954 |
| #2 | The Fellowship of the Ring | was followed by | The Two Towers | - | - | - |
| #3 | The Fellowship of the Ring | was published by | George Allen & Unwin | - | - | - |
| #4 | The Hobbit | came before | The Fellowship of the Ring | - | - | - |","| id | sbj | pred | obj_d | obj_i | sig | adv/cl/comp/sent |
| - | - | - | - | - | - | - |
| #0 | The Fellowship of the Ring | belongs to | the fantasy literary genre | - | - | - |
| #1 | The Fellowship of the Ring | was released | - | - | on | July 29, 1954 |
| #2 | The Fellowship of the Ring | was followed by | The Two Towers | - | - | - |
| #3 | The Fellowship of the Ring | was published by | George Allen & Unwin | - | - | - |
| #4 | The Hobbit | came before | The Fellowship of the Ring | - | - | - |"
reference1,63,"Categorised as a contributing Property, the 11th Mississippi Infantry Monument was established in 2000. It is located in Adams County in the municipality of Gettysburg in Pennsylvania. This county has Carroll County, Maryland to its southeast, and Cumberland county to its north.","| id | sbj | pred | obj_d | obj_i | sig | adv/cl/comp/sent |
| - | - | - | - | - | - | - |
| #0 | the 11th Mississippi Infantry Monument | was established | - | - | in | 2000 |
| #1 | the 11th Mississippi Infantry Monument | was categorised | as a contributing Property | - | - | - |
| #2 | the 11th Mississippi Infantry Monument | is located | - | in Adams County in the municipality of Gettysburg in Pennsylvania | - | - |
| #3 | Adams County | has | Carroll County, Maryland | to its southeast | - | - |
| #4 | Adams County | has | Cumberland county | to its north | - | - |","| id | sbj | pred | obj_d | obj_i | sig | adv/cl/comp/sent |
|----|-----|------|-------|-------|-----|-----------------|
| #0 | the 11th Mississippi Infantry Monument | was established | - | - | in | 2000 |
| #1 | the 11th Mississippi Infantry Monument | was categorised | as a contributing Property | - | - | - |
| #2 | the 11th Mississippi Infantry Monument | is located | - | in Adams County in the municipality of Gettysburg in Pennsylvania | - | - |
| #3 | Adams County | has | Carroll County, Maryland | to its southeast | - | - |
| #4 | Adams County | has | Cumberland County | to its north | - | - |","| id | sbj | pred | obj_d | obj_i | sig | adv/cl/comp/sent |
|----|-----|------|-------|-------|-----|-----------------|
| #0 | the 11th Mississippi Infantry Monument | was established | - | - | in | 2000 |
| #1 | the 11th Mississippi Infantry Monument | is located | - | in Adams County in the municipality of Gettysburg in Pennsylvania | - | - |
| #2 | Adams County | has | Carroll County, Maryland | to its southeast | - | - |
| #3 | Adams County | has | Cumberland County | to its north | - | - |
| #4 | the 11th Mississippi Infantry Monument | is categorised as | a contributing Property | - | - | - |"
reference1,64,"Preceded by the Love American Style album and the Let it Breed album, the album Turn Me On has a runtime of just over 35 minutes.","| id | sbj | pred | obj_d | obj_i | sig | adv/cl/comp/sent |
| - | - | - | - | - | - | - |
| #0 | the album Turn Me On | has a runtime of | just over 35 minutes | - | - | - |
| #1 | the album Turn Me On | was preceded by | the Love American Style album and the Let it Breed album | - | - | - |","| id | sbj | pred | obj_d | obj_i | sig | adv/cl/comp/sent |
| - | - | - | - | - | - | - |
| #0 | the album Turn Me On | has a runtime of | just over 35 minutes | - | - | - |
| #1 | the album Turn Me On | was preceded by | the Love American Style album and the Let it Breed album | - | - | - |","| id | sbj | pred | obj_d | obj_i | sig | adv/cl/comp/sent |
| - | - | - | - | - | - | - |
| #0 | the album Turn Me On | has a runtime of | just over 35 minutes | - | - | - |
| #1 | the album Turn Me On | was preceded by | the Love American Style album and the Let it Breed album | - | - | - |"
reference1,65,The album by the Honeymoon Killers is titled Turn Me On.,"| id | sbj                 | pred   | obj_d      | obj_i | sig | adv/cl/comp/sent |
|----|---------------------|--------|------------|-------|-----|------------------|
| #0 | The album           | is titled | Turn Me On | by the Honeymoon Killers | -   | -                |","| id | sbj                  | pred    | obj_d       | obj_i | sig | adv/cl/comp/sent |
|----|----------------------|---------|-------------|-------|-----|------------------|
| #0 | The album            | is titled | Turn Me On | -     | by  | the Honeymoon Killers |","| id | sbj                | pred     | obj_d       | obj_i | sig | adv/cl/comp/sent |
|----|--------------------|----------|-------------|-------|-----|------------------|
| #0 | the album          | is titled | Turn Me On | -     | by  | the Honeymoon Killers |"
reference1,66,"The 11th Mississippi Infantry Monument is located in the United States in the municipality of Gettysburg which is in Adams County, Pennsylvania. To the southeast of Adams County, Pennsylvania lies Carroll County, Maryland while to its north is Cumberland County, Pennsylvania. The monument falls under the category of Contributing property.","# Output
| id | sbj                                      | pred          | obj_d                    | obj_i | sig | adv/cl/comp/sent                     |
|----|------------------------------------------|---------------|--------------------------|-------|-----|--------------------------------------|
| #0 | The 11th Mississippi Infantry Monument   | is located    | -                        | in the United States | -   | #1                                   |
| #1 | The 11th Mississippi Infantry Monument   | is located    | -                        | in the municipality of Gettysburg | -   | #2                                   |
| #2 | the municipality of Gettysburg           | is in         | Adams County, Pennsylvania| -     | -   | -                                    |
| #3 | Adams County, Pennsylvania               | lies          | -                        | to the southeast | -   | in Carroll County, Maryland          |
| #4 | Adams County, Pennsylvania               | lies          | -                        | to the north | -   | in Cumberland County, Pennsylvania    |
| #5 | The 11th Mississippi Infantry Monument   | falls under   | the category             | of Contributing property | -   | -                                    |
| #6 | the category                             | is            | Contributing property    | -     | -   | -                                    |","# Output
| id | sbj                                      | pred        | obj_d                    | obj_i | sig | adv/cl/comp/sent                 |
|----|------------------------------------------|-------------|--------------------------|-------|-----|----------------------------------|
| #0 | The 11th Mississippi Infantry Monument   | is located  | -                        | in the United States | in | the municipality of Gettysburg, Adams County, Pennsylvania |
| #1 | the municipality of Gettysburg           | is in       | Adams County, Pennsylvania | -     | -   | -                                |
| #2 | Adams County, Pennsylvania               | lies        | -                        | to the southeast | -   | Carroll County, Maryland         |
| #3 | Adams County, Pennsylvania               | lies        | -                        | to its north | -   | Cumberland County, Pennsylvania  |
| #4 | The 11th Mississippi Infantry Monument   | falls under | the category              | -     | -   | Contributing property            |","# Output
| id | sbj                                         | pred       | obj_d                         | obj_i | sig | adv/cl/comp/sent                        |
|----|--------------------------------------------|------------|-------------------------------|-------|-----|-----------------------------------------|
| #0 | The 11th Mississippi Infantry Monument      | is located | -                             | in the United States | in | the municipality of Gettysburg which is in Adams County, Pennsylvania |
| #1 | the municipality of Gettysburg              | is         | in Adams County, Pennsylvania | -     | -   | -                                       |
| #2 | Adams County, Pennsylvania                  | lies       | -                             | to the southeast of | -   | Carroll County, Maryland                |
| #3 | Adams County, Pennsylvania                  | has        | north                         | -     | -   | Cumberland County, Pennsylvania         |
| #4 | The 11th Mississippi Infantry Monument      | falls under| the category of Contributing property | - | - | -                                       |
| #5 | Carroll County                              | is         | in Maryland                   | -     | -   | -                                       |
| #6 | Cumberland County                           | is         | in Pennsylvania               | -     | -   | -                                       |"
reference1,67,Musician John Lennon wrote and performed the song Imagine.,"| id | sbj          | pred       | obj_d       | obj_i | sig | adv/cl/comp/sent |
|----|--------------|------------|-------------|-------|-----|------------------|
| #0 | John Lennon  | wrote      | the song Imagine | -     | -   | -                |
| #1 | John Lennon  | performed  | the song Imagine | -     | -   | -                |
| #2 | John Lennon  | is         | a musician       | -     | -   | -                |","| id | sbj           | pred      | obj_d      | obj_i | sig | adv/cl/comp/sent |
|----|---------------|-----------|------------|-------|-----|------------------|
| #0 | John Lennon   | wrote     | the song Imagine | -     | -   | -                |
| #1 | John Lennon   | performed | the song Imagine | -     | -   | -                |
| #2 | John Lennon   | is        | a musician       | -     | -   | -                |","| id | sbj          | pred        | obj_d  | obj_i | sig | adv/cl/comp/sent |
|----|--------------|-------------|--------|-------|-----|------------------|
| #0 | John Lennon  | wrote       | Imagine | -     | -   | -                |
| #1 | John Lennon  | performed   | Imagine | -     | -   | -                |
| #2 | John Lennon  | is musician | -       | -     | -   | -                |"
reference1,68,"The campus of the Acharya Institute of Technology is located at Soldevanahalli, Acharya Dr. Sarvapalli Radhakrishnan Road, Hessarghatta Main Road, Bangalore, India – 560090. The University is affiliated with the Visvesvaraya Technological University and was given the status of Technical Campus by All India Council for Technical Education, which is located in Mumbai.","| id | sbj | pred | obj_d | obj_i | sig | adv/cl/comp/sent |
| - | - | - | - | - | - | - |
| #0 | The campus of the Acharya Institute of Technology | is located | - | at Soldevanahalli, Acharya Dr. Sarvapalli Radhakrishnan Road, Hessarghatta Main Road, Bangalore, India – 560090 | - | - |
| #1 | The University | is affiliated | - | with the Visvesvaraya Technological University | - | - |
| #2 | The University | was given | the status of Technical Campus | by All India Council for Technical Education | - | - |
| #3 | All India Council for Technical Education | is located | - | in Mumbai | - | - |
| #4 | The Acharya Institute of Technology | has campus | The campus | - | - | - |
| #5 | The University | is | The University | - | - | - |","| id | sbj | pred | obj_d | obj_i | sig | adv/cl/comp/sent |
| - | - | - | - | - | - | - |
| #0 | The campus of the Acharya Institute of Technology | is located at | Soldevanahalli, Acharya Dr. Sarvapalli Radhakrishnan Road, Hessarghatta Main Road, Bangalore, India – 560090 | - | - | - |
| #1 | The University | is affiliated with | the Visvesvaraya Technological University | - | - | - |
| #2 | The University | was given | the status of Technical Campus | by All India Council for Technical Education | - | - |
| #3 | All India Council for Technical Education | is located in | Mumbai | - | - | - |
| #4 | The University | is | - | - | at | the Acharya Institute of Technology |","| id | sbj | pred | obj_d | obj_i | sig | adv/cl/comp/sent |
| - | - | - | - | - | - | - |
| #0 | The campus of the Acharya Institute of Technology | is located at | Soldevanahalli, Acharya Dr. Sarvapalli Radhakrishnan Road, Hessarghatta Main Road, Bangalore, India – 560090 | - | - | - |
| #1 | The University | is affiliated with | the Visvesvaraya Technological University | - | - | - |
| #2 | The University | was given | the status of Technical Campus | by All India Council for Technical Education | - | - |
| #3 | All India Council for Technical Education | is located in | Mumbai | - | - | - |
| #4 | The campus | belongs to | the Acharya Institute of Technology | - | - | - |
| #5 | The University | is | - | - | - | - |"
reference1,69,Bionico is a dessert food found in Mexico where the local currency is the peso. Another nice dessert is the confectionery Sandesh.,"| id | sbj | pred | obj_d | obj_i | sig | adv/cl/comp/sent |
| - | - | - | - | - | - | - |
| #0 | Bionico | is | a dessert food | - | - | - |
| #1 | Bionico | is found | - | in Mexico | where | the local currency is the peso |
| #2 | Mexico | has local currency | the peso | - | - | - |
| #3 | Sandesh | is | a nice dessert | - | - | - |
| #4 | Sandesh | is | a confectionery | - | - | - |","| id | sbj | pred | obj_d | obj_i | sig | adv/cl/comp/sent |
|----|-----|------|-------|-------|-----|------------------|
| #0 | Bionico | is | a dessert food | - | - | - |
| #1 | Bionico | is found | - | in Mexico | where | the local currency is the peso |
| #2 | Mexico | has local currency | the peso | - | - | - |
| #3 | Sandesh | is | a nice dessert | - | - | - |
| #4 | Sandesh | is | a confectionery | - | - | - |","| id | sbj | pred | obj_d | obj_i | sig | adv/cl/comp/sent |
| - | - | - | - | - | - | - |
| #0 | Bionico | is | a dessert food | - | - | - |
| #1 | Bionico | is found | - | in Mexico | where | the local currency is the peso |
| #2 | Mexico | has local currency | the peso | - | - | - |
| #3 | Sandesh | is | a nice dessert | - | - | - |
| #4 | Sandesh | is | a confectionery | - | - | - |"
reference1,70,"The children's show Bananaman, created by Steve Bright and starring Lancashire born Bill Oddie, was broadcast by the BBC. The BBC is a London based broadcasting house.","| id | sbj | pred | obj_d | obj_i | sig | adv/cl/comp/sent |
| - | - | - | - | - | - | - |
| #0 | Bananaman | was created | - | by Steve Bright | - | - |
| #1 | Bananaman | starred | Lancashire born Bill Oddie | - | - | - |
| #2 | Bananaman | was broadcast | - | by the BBC | - | - |
| #3 | the BBC | is | a broadcasting house | - | based in | London |","| id | sbj | pred | obj_d | obj_i | sig | adv/cl/comp/sent |
| - | - | - | - | - | - | - |
| #0 | Bananaman | was created | - | by Steve Bright | - | - |
| #1 | Bananaman | starred | Lancashire born Bill Oddie | - | - | - |
| #2 | The BBC | broadcast | Bananaman | - | - | - |
| #3 | The BBC | is | a broadcasting house | - | based in | London |
| #4 | Steve Bright | created | Bananaman | - | - | - |
| #5 | Bill Oddie | was born | in Lancashire | - | - | - |","| id | sbj | pred | obj_d | obj_i | sig | adv/cl/comp/sent |
| - | - | - | - | - | - | - |
| #0 | Bananaman | was created by | Steve Bright | - | - | - |
| #1 | Bananaman | starred | Bill Oddie | - | - | - |
| #2 | Bill Oddie | was born in | Lancashire | - | - | - |
| #3 | Bananaman | was broadcast by | the BBC | - | - | - |
| #4 | the BBC | is | a broadcasting house | - | based in | London |"
reference1,71,"Nord is an album by Year of No Light in the sludge metal genre, of which southern sludge is a subgenre.","| id | sbj | pred | obj_d | obj_i | sig | adv/cl/comp/sent |
|----|-----|------|-------|-------|-----|-----------------|
| #0 | Nord | is | an album | - | - | - |
| #1 | Nord | is by | Year of No Light | - | - | - |
| #2 | Nord | is in | the sludge metal genre | - | - | - |
| #3 | the sludge metal genre | has subgenre | southern sludge | - | - | - |","| id | sbj | pred | obj_d | obj_i | sig | adv/cl/comp/sent |
| - | - | - | - | - | - | - |
| #0 | Nord | is | an album | by Year of No Light | - | - |
| #1 | Nord | is | in | the sludge metal genre | - | - |
| #2 | southern sludge | is a subgenre | of | the sludge metal genre | - | - |
| #3 | Year of No Light | released | Nord | - | - | - |","| id | sbj | pred | obj_d | obj_i | sig | adv/cl/comp/sent |
| - | - | - | - | - | - | - |
| #0 | Nord | is | an album | - | - | - |
| #1 | Nord | is by | Year of No Light | - | - | - |
| #2 | Nord | is in | the sludge metal genre | - | - | - |
| #3 | southern sludge | is a subgenre | of the sludge metal genre | - | - | - |"
reference1,72,"Lady Anne Monson was born in Darlington, in the Kingdom of England, on January 1st, 1726. Though Monson lived in the Kingdom of England and held British nationality, she resided in India for most of her life. She passed away on February 18th, 1776.","| id | sbj           | pred          | obj_d | obj_i | sig | adv/cl/comp/sent            |
|----|---------------|---------------|-------|-------|-----|-----------------------------|
| #0 | Lady Anne Monson | was born      | -     | in Darlington, in the Kingdom of England | on | January 1st, 1726          |
| #1 | Lady Anne Monson | lived         | -     | in the Kingdom of England | -   | -                           |
| #2 | Lady Anne Monson | held          | British nationality | - | -   | -                           |
| #3 | Lady Anne Monson | resided       | -     | in India | for most of | her life                     |
| #4 | Lady Anne Monson | passed away   | -     | - | on | February 18th, 1776           |","| id | sbj          | pred          | obj_d | obj_i | sig  | adv/cl/comp/sent                |
|----|--------------|---------------|-------|-------|------|---------------------------------|
| #0 | Lady Anne Monson | was born      | -     | in Darlington, in the Kingdom of England | on   | January 1st, 1726               |
| #1 | Monson       | lived          | -     | in the Kingdom of England | -    | -                               |
| #2 | Monson       | held           | British nationality | -     | -    | -                               |
| #3 | Monson       | resided        | -     | in India | for most of | her life                        |
| #4 | Monson       | passed away    | -     | -    | on   | February 18th, 1776              |","| id | sbj             | pred      | obj_d | obj_i | sig   | adv/cl/comp/sent                |
|----|-----------------|-----------|-------|-------|-------|---------------------------------|
| #0 | Lady Anne Monson| was born   | -     | in Darlington, in the Kingdom of England | on   | January 1st, 1726               |
| #1 | Lady Anne Monson| lived      | -     | in the Kingdom of England       | -     | -                               |
| #2 | Lady Anne Monson| held       | British nationality | -     | -     | -                               |
| #3 | Lady Anne Monson| resided    | -     | in India                       | for   | most of her life                |
| #4 | Lady Anne Monson| passed away| -     | -                              | on    | February 18th, 1776             |"
reference1,73,"The Pontiac Rageous, a coupe manufactured by Pontiac, was assembled in Detroit, Michigan starting production in 1997. The last production of the Pontiac Rageous was in 1997.","| id | sbj | pred | obj_d | obj_i | sig | adv/cl/comp/sent |
| - | - | - | - | - | - | - |
| #0 | The Pontiac Rageous | is a coupe | - | manufactured by Pontiac | - | - |
| #1 | The Pontiac Rageous | was assembled | - | in Detroit, Michigan | starting | production in 1997 |
| #2 | The Pontiac Rageous | started production | - | - | in | 1997 |
| #3 | The last production of the Pontiac Rageous | was | in 1997 | - | - | - |","| id | sbj | pred | obj_d | obj_i | sig | adv/cl/comp/sent |
| - | - | - | - | - | - | - |
| #0 | The Pontiac Rageous | is a coupe | - | - | - | - |
| #1 | The Pontiac Rageous | was manufactured | - | by Pontiac | - | - |
| #2 | The Pontiac Rageous | was assembled | - | in Detroit, Michigan | starting | production in 1997 |
| #3 | The Pontiac Rageous | started production | - | - | in | 1997 |
| #4 | The Pontiac Rageous | had last production | - | - | in | 1997 |","| id | sbj | pred | obj_d | obj_i | sig | adv/cl/comp/sent |
| - | - | - | - | - | - | - |
| #0 | The Pontiac Rageous | is a coupe | - | - | - | - |
| #1 | The Pontiac Rageous | was manufactured | - | by Pontiac | - | - |
| #2 | The Pontiac Rageous | was assembled | - | in Detroit, Michigan | starting | production in 1997 |
| #3 | The Pontiac Rageous | started production | - | - | in | 1997 |
| #4 | The Pontiac Rageous | had last production | - | - | in | 1997 |"
reference1,74,"The Honeymoon Killers, producers of the album Turn Me On, are also associated with the band Pussy Galore.","| id | sbj                 | pred          | obj_d        | obj_i | sig | adv/cl/comp/sent |
|----|---------------------|---------------|--------------|-------|-----|------------------|
| #0 | The Honeymoon Killers | are producers | of the album Turn Me On | -     | -   | -                |
| #1 | The Honeymoon Killers | are associated | with the band Pussy Galore | -     | -   | -                |","| id | sbj                  | pred        | obj_d          | obj_i | sig | adv/cl/comp/sent |
|----|----------------------|-------------|----------------|-------|-----|------------------|
| #0 | The Honeymoon Killers | produced    | the album Turn Me On | -     | -   | -                |
| #1 | The Honeymoon Killers | are associated with | the band Pussy Galore | -     | -   | -                |","| id | sbj                  | pred       | obj_d     | obj_i | sig | adv/cl/comp/sent |
|----|----------------------|------------|-----------|-------|-----|------------------|
| #0 | The Honeymoon Killers | produced   | the album | -     | -   | Turn Me On       |
| #1 | The Honeymoon Killers | are associated with | the band | -   | -   | Pussy Galore     |"
reference1,75,Bionico (a dish served for dessert) is a food from Guadalajara in Mexico. The currency in Mexico is the Mexican peso inhabited by the Mexicans. A cookie is a dessert.,"| id | sbj | pred | obj_d | obj_i | sig | adv/cl/comp/sent |
|----|-----|------|-------|-------|-----|-----------------|
| #0 | Bionico | is a food | - | from Guadalajara in Mexico | - | - |
| #1 | Bionico | is served | for dessert | - | - | - |
| #2 | Mexico | has currency | the Mexican peso | - | - | - |
| #3 | the Mexican peso | is inhabited by | the Mexicans | - | - | - |
| #4 | A cookie | is a dessert | - | - | - | - |","| id | sbj | pred | obj_d | obj_i | sig | adv/cl/comp/sent |
| - | - | - | - | - | - | - |
| #0 | Bionico | is a food | - | from Guadalajara in Mexico | - | - |
| #1 | Bionico | is served | for dessert | - | - | - |
| #2 | Mexico | has currency | the Mexican peso | - | - | - |
| #3 | the Mexican peso | is inhabited | by the Mexicans | - | - | - |
| #4 | A cookie | is | a dessert | - | - | - |","| id | sbj | pred | obj_d | obj_i | sig | adv/cl/comp/sent |
| - | - | - | - | - | - | - |
| #0 | Bionico | is | a dish served for dessert | - | - | - |
| #1 | Bionico | is | a food | - | from | Guadalajara in Mexico |
| #2 | The currency in Mexico | is | the Mexican peso | - | - | - |
| #3 | The currency in Mexico | is inhabited by | the Mexicans | - | - | - |
| #4 | A cookie | is | a dessert | - | - | - |"
reference1,76,Turn Me On's genre can be defined as punk blues and noise rock.,"| id | sbj        | pred       | obj_d       | obj_i | sig | adv/cl/comp/sent |
|----|------------|------------|-------------|-------|-----|------------------|
| #0 | Turn Me On | can be     | punk blues  | -     | as  | genre            |
| #1 | Turn Me On | can be     | noise rock  | -     | as  | genre            |","| id | sbj       | pred       | obj_d       | obj_i | sig | adv/cl/comp/sent |
|----|-----------|------------|-------------|-------|-----|------------------|
| #0 | Turn Me On | can be defined | as punk blues and noise rock | -     | -   | -                |","| id | sbj       | pred       | obj_d       | obj_i | sig | adv/cl/comp/sent |
|----|-----------|------------|-------------|-------|-----|------------------|
| #0 | Turn Me On | can be defined | as punk blues | -     | and | noise rock       |"
reference1,77,"Standing at 175.26 cm, Piotr Hallmann was born in Gdynia, Poland on August 25, 1987.","| id | sbj            | pred        | obj_d | obj_i | sig | adv/cl/comp/sent        |
|----|----------------|-------------|-------|-------|-----|-------------------------|
| #0 | Piotr Hallmann | was born     | -     | in Gdynia, Poland | on  | August 25, 1987        |
| #1 | Piotr Hallmann | is standing  | -     | at    | 175.26 cm                  |","| id | sbj            | pred       | obj_d | obj_i | sig | adv/cl/comp/sent         |
|----|----------------|------------|-------|-------|-----|--------------------------|
| #0 | Piotr Hallmann | was born   | -     | in Gdynia, Poland | on  | August 25, 1987       |
| #1 | Piotr Hallmann | is standing| -     | at    | 175.26 cm                    |","| id | sbj            | pred       | obj_d | obj_i | sig | adv/cl/comp/sent     |
|----|----------------|------------|-------|-------|-----|----------------------|
| #0 | Piotr Hallmann | was born   | -     | in Gdynia, Poland | on  | August 25, 1987 |
| #1 | Piotr Hallmann | stands at  | 175.26 cm | -    | -   | -                    |"
reference1,78,Israel is formally known as the State of Israel.,"| id | sbj   | pred           | obj_d                | obj_i | sig | adv/cl/comp/sent |
|----|-------|----------------|----------------------|-------|-----|------------------|
| #0 | Israel | is formally known as | the State of Israel |       |     |                  |","| id | sbj   | pred          | obj_d               | obj_i | sig | adv/cl/comp/sent |
|----|-------|---------------|---------------------|-------|-----|------------------|
| #0 | Israel| is formally known as | the State of Israel |       |     |                  |","| id | sbj   | pred        | obj_d             | obj_i | sig | adv/cl/comp/sent |
|----|-------|-------------|-------------------|-------|-----|------------------|
| #0 | Israel | is known as | the State of Israel | -     | formally | -                |"
reference1,79,The Pontiac Rageous which has a coupe body style was manufactured by Pontiac only in 1997.,"| id | sbj | pred | obj_d | obj_i | sig | adv/cl/comp/sent |
|----|-----|------|-------|-------|-----|-----------------|
| #0 | The Pontiac Rageous | has | a coupe body style | - | - | - |
| #1 | Pontiac | manufactured | The Pontiac Rageous | - | only in | 1997 |","| id | sbj | pred | obj_d | obj_i | sig | adv/cl/comp/sent |
|----|-----|------|-------|-------|-----|-----------------|
| #0 | The Pontiac Rageous | has | a coupe body style | - | - | - |
| #1 | Pontiac | manufactured | The Pontiac Rageous | - | only in | 1997 |","| id | sbj | pred | obj_d | obj_i | sig | adv/cl/comp/sent |
| - | - | - | - | - | - | - |
| #0 | The Pontiac Rageous | has | a coupe body style | - | - | - |
| #1 | Pontiac | manufactured | The Pontiac Rageous | - | only in | 1997 |"
reference1,80,"Nicholas Brodszky composed songs in English Without Tears, which was directed by Harold French.","| id | sbj             | pred     | obj_d | obj_i | sig  | adv/cl/comp/sent        |
|----|-----------------|----------|-------|-------|------|-------------------------|
| #0 | Nicholas Brodszky | composed | songs | in English Without Tears | -    | -                           |
| #1 | English Without Tears | was directed | -     | by Harold French | -    | -                           |","| id | sbj             | pred     | obj_d  | obj_i | sig   | adv/cl/comp/sent |
|----|-----------------|----------|--------|-------|-------|------------------|
| #0 | Nicholas Brodszky | composed | songs  | in English Without Tears | -     | -                |
| #1 | English Without Tears | was directed by | Harold French | -     | -     | -                |","| id | sbj             | pred     | obj_d | obj_i | sig  | adv/cl/comp/sent |
|----|-----------------|----------|-------|-------|------|------------------|
| #0 | Nicholas Brodszky | composed | songs | in English Without Tears | -    | -                |
| #1 | English Without Tears | was directed | -     | by Harold French | -    | -                |"
reference1,81,"Olga Bondareva was born in Leningrad, USSR and worked in Mathematics and Economics until her death in 1991 in Saint Petersburg.","| id | sbj           | pred        | obj_d        | obj_i | sig | adv/cl/comp/sent            |
|----|---------------|-------------|--------------|-------|-----|-----------------------------|
| #0 | Olga Bondareva | was born     | -            | in Leningrad, USSR | -   | -                           |
| #1 | Olga Bondareva | worked       | in Mathematics and Economics | -     | until | her death in 1991 in Saint Petersburg |
| #2 | Olga Bondareva | died         | -            | in 1991 in Saint Petersburg | -   | -                           |","| id | sbj           | pred        | obj_d | obj_i | sig | adv/cl/comp/sent        |
|----|---------------|-------------|-------|-------|-----|-------------------------|
| #0 | Olga Bondareva | was born    | -     | in Leningrad, USSR | -   | -                       |
| #1 | Olga Bondareva | worked      | in Mathematics and Economics | - | until | her death in 1991 in Saint Petersburg |
| #2 | Olga Bondareva | died        | -     | in 1991 in Saint Petersburg | - | -                       |","| id | sbj           | pred        | obj_d       | obj_i | sig | adv/cl/comp/sent                   |
|----|---------------|-------------|-------------|-------|-----|------------------------------------|
| #0 | Olga Bondareva | was born     | -           | in Leningrad, USSR | -   | -                                  |
| #1 | Olga Bondareva | worked       | in Mathematics and Economics | -     | until | her death in 1991 in Saint Petersburg |
| #2 | Olga Bondareva | died         | -           | in Saint Petersburg | in  | 1991                              |"
reference1,82,"The address of the Alan B. Miller Hall is ""101 Ukrop Way"" in Virginia, USA and it currently houses The Mason School of Business. The College of William and Mary is the owner of the Robert A.M. Stern designed hall which began construction on 30/03/2007.","| id | sbj | pred | obj_d | obj_i | sig | adv/cl/comp/sent |
| - | - | - | - | - | - | - |
| #0 | Alan B. Miller Hall | is located at | ""101 Ukrop Way"" | in Virginia, USA | - | - |
| #1 | Alan B. Miller Hall | houses | The Mason School of Business | - | - | - |
| #2 | The College of William and Mary | is the owner of | Alan B. Miller Hall | - | - | - |
| #3 | Alan B. Miller Hall | was designed by | Robert A.M. Stern | - | - | - |
| #4 | Alan B. Miller Hall | began construction | on | 30/03/2007 | - | - |","| id | sbj | pred | obj_d | obj_i | sig | adv/cl/comp/sent |
| - | - | - | - | - | - | - |
| #0 | Alan B. Miller Hall | has address | ""101 Ukrop Way"" | in Virginia, USA | - | - |
| #1 | Alan B. Miller Hall | houses | The Mason School of Business | - | - | - |
| #2 | The College of William and Mary | is owner of | Alan B. Miller Hall | - | - | - |
| #3 | Alan B. Miller Hall | was designed by | Robert A.M. Stern | - | - | - |
| #4 | Alan B. Miller Hall | began construction | - | on | 30/03/2007 |","| id | sbj | pred | obj_d | obj_i | sig | adv/cl/comp/sent |
| - | - | - | - | - | - | - |
| #0 | Alan B. Miller Hall | is located at | ""101 Ukrop Way"" | in Virginia, USA | - | - |
| #1 | Alan B. Miller Hall | houses | The Mason School of Business | - | - | - |
| #2 | The College of William and Mary | is the owner of | Alan B. Miller Hall | - | - | - |
| #3 | Robert A.M. Stern | designed | Alan B. Miller Hall | - | - | - |
| #4 | Alan B. Miller Hall | began construction on | 30/03/2007 | - | - | - |"
reference1,83,The Honeymoon Killers are the producers of the album Turn Me On.,"| id | sbj                  | pred       | obj_d  | obj_i | sig | adv/cl/comp/sent |
|----|----------------------|------------|--------|-------|-----|------------------|
| #0 | The Honeymoon Killers | are producers of | the album Turn Me On | -     | -   | -                |","| id | sbj                  | pred      | obj_d          | obj_i | sig | adv/cl/comp/sent |
|----|----------------------|-----------|----------------|-------|-----|------------------|
| #0 | The Honeymoon Killers | are       | the producers  | -     | of  | the album Turn Me On |","| id | sbj                  | pred      | obj_d     | obj_i | sig | adv/cl/comp/sent |
|----|----------------------|-----------|-----------|-------|-----|------------------|
| #0 | The Honeymoon Killers | are       | producers | -     | of  | the album Turn Me On |"
reference1,84,"Eric Flint is the author of the 448 page book, 1634: The Bavarian Crisis.","# Output
| id | sbj      | pred    | obj_d                  | obj_i | sig | adv/cl/comp/sent |
|----|----------|---------|------------------------|-------|-----|------------------|
| #0 | Eric Flint | is the author of | 1634: The Bavarian Crisis | -     | -   | -                |
| #1 | 1634: The Bavarian Crisis | has | 448 pages | -     | -   | -                |","| id | sbj       | pred    | obj_d                 | obj_i | sig | adv/cl/comp/sent |
|----|-----------|---------|-----------------------|-------|-----|------------------|
| #0 | Eric Flint | is      | the author            | -     | of  | 1634: The Bavarian Crisis |
| #1 | 1634: The Bavarian Crisis | has | 448 pages | -     | -   | -                |","| id | sbj      | pred  | obj_d                    | obj_i | sig | adv/cl/comp/sent |
|----|----------|-------|--------------------------|-------|-----|------------------|
| #0 | Eric Flint | is the author of | 1634: The Bavarian Crisis | -     | -   | -                |
| #1 | 1634: The Bavarian Crisis | has | 448 pages | -     | -   | -                |"
reference1,85,"Hypermarcas produces healthcare and cosmetic products. With 10252 employees they have a net income of 108,600,00 and makes $1,800,00,00 a year.","| id | sbj        | pred        | obj_d                    | obj_i | sig | adv/cl/comp/sent        |
|----|------------|-------------|--------------------------|-------|-----|-------------------------|
| #0 | Hypermarcas| produces    | healthcare products      | -     | -   | -                       |
| #1 | Hypermarcas| produces    | cosmetic products        | -     | -   | -                       |
| #2 | Hypermarcas| has         | 10252 employees          | -     | -   | -                       |
| #3 | Hypermarcas| has         | a net income of 108,600,00 | -   | -   | -                       |
| #4 | Hypermarcas| makes       | $1,800,00,00 a year      | -     | -   | -                       |","| id | sbj         | pred       | obj_d                   | obj_i | sig | adv/cl/comp/sent          |
|----|-------------|------------|-------------------------|-------|-----|---------------------------|
| #0 | Hypermarcas | produces   | healthcare products     | -     | -   | -                         |
| #1 | Hypermarcas | produces   | cosmetic products       | -     | -   | -                         |
| #2 | Hypermarcas | has        | 10252 employees         | -     | -   | -                         |
| #3 | Hypermarcas | has        | a net income of 108,600,00 | -   | -   | -                         |
| #4 | Hypermarcas | makes      | $1,800,00,00 a year     | -     | -   | -                         |","| id | sbj       | pred    | obj_d                   | obj_i | sig | adv/cl/comp/sent |
|----|-----------|---------|-------------------------|-------|-----|------------------|
| #0 | Hypermarcas | produces | healthcare products     | -     | -   | -                |
| #1 | Hypermarcas | produces | cosmetic products       | -     | -   | -                |
| #2 | Hypermarcas | has      | 10252 employees         | -     | -   | -                |
| #3 | Hypermarcas | has      | a net income of 108,600,00 | -     | -   | -                |
| #4 | Hypermarcas | makes    | $1,800,00,00 a year     | -     | -   | -                |"
reference1,86,"Ciudad Ayala is a city with a population density of 1604.0, a metropolitan population of 1,777,539, and has a city manager as one of its leaders.","| id | sbj          | pred              | obj_d                | obj_i | sig | adv/cl/comp/sent |
|----|--------------|-------------------|----------------------|-------|-----|------------------|
| #0 | Ciudad Ayala | is a city         | -                    | -     | with| a population density of 1604.0 |
| #1 | Ciudad Ayala | has               | a metropolitan population | -   | of  | 1,777,539         |
| #2 | Ciudad Ayala | has               | a city manager       | -     | as  | one of its leaders |","| id | sbj          | pred                | obj_d               | obj_i | sig | adv/cl/comp/sent |
|----|--------------|---------------------|---------------------|-------|-----|------------------|
| #0 | Ciudad Ayala | is                  | a city              | -     | -   | -                |
| #1 | Ciudad Ayala | has                 | a population density| -     | of  | 1604.0           |
| #2 | Ciudad Ayala | has                 | a metropolitan population | - | of  | 1,777,539        |
| #3 | Ciudad Ayala | has                 | a city manager      | as one of its leaders | -   | -                |","| id | sbj          | pred                | obj_d               | obj_i | sig | adv/cl/comp/sent |
|----|--------------|---------------------|---------------------|-------|-----|------------------|
| #0 | Ciudad Ayala | is                  | a city              | -     | -   | -                |
| #1 | Ciudad Ayala | has                 | a population density| -     | of  | 1604.0           |
| #2 | Ciudad Ayala | has                 | a metropolitan population | - | of  | 1,777,539        |
| #3 | Ciudad Ayala | has                 | a city manager      | -     | as  | one of its leaders |"
reference1,87,The stylistic origin of reggae is rhythm and blues.,"# Output
| id | sbj | pred | obj_d | obj_i | sig | adv/cl/comp/sent |
| - | - | - | - | - | - | - |
| #0 | The stylistic origin of reggae | is | rhythm and blues | - | - | - |","| id | sbj         | pred        | obj_d                | obj_i | sig | adv/cl/comp/sent |
|----|-------------|-------------|----------------------|-------|-----|-----------------|
| #0 | reggae      | has origin  | rhythm and blues     | in    | -   | -               |","| id | sbj | pred | is | obj_d | obj_i | sig | adv/cl/comp/sent |
|----|-----|------|---|-------|-------|-----|------------------|
| #0 | The stylistic origin of reggae | is | rhythm and blues | - | - | - | - |"
reference1,88,GMA Network is the parent company of GMA New Media.,"| id | sbj         | pred        | obj_d         | obj_i | sig | adv/cl/comp/sent |
|----|-------------|-------------|---------------|-------|-----|------------------|
| #0 | GMA Network | is          | the parent company | of GMA New Media | -   | -                |","| id | sbj         | pred       | obj_d        | obj_i | sig | adv/cl/comp/sent |
|----|-------------|------------|--------------|-------|-----|------------------|
| #0 | GMA Network | is         | parent company | of GMA New Media | -   | -                |
| #1 | GMA Network | has        | GMA New Media | -     | as  | parent company   |","| id | sbj         | pred      | obj_d         | obj_i | sig | adv/cl/comp/sent |
|----|-------------|-----------|---------------|-------|-----|------------------|
| #0 | GMA Network | is        | parent company| of GMA New Media | -   | -                |"
reference1,89,Lady Anne Monson was born in the Kingdom of England where Winchester was previously the capital.,"| id | sbj             | pred        | obj_d | obj_i | sig  | adv/cl/comp/sent              |
|----|-----------------|-------------|-------|-------|------|-------------------------------|
| #0 | Lady Anne Monson| was born    | -     | in    | where| Winchester was the capital    |
| #1 | Winchester      | was         | the capital | -  | previously | -               |
| #2 | Kingdom of England | has capital | Winchester | - | - | -                           |","| id | sbj            | pred     | obj_d | obj_i | sig   | adv/cl/comp/sent       |
|----|----------------|----------|-------|-------|-------|------------------------|
| #0 | Lady Anne Monson | was born | -     | in the Kingdom of England | where | Winchester was previously the capital |
| #1 | Winchester     | was previously | the capital | -     | -     | -                      |
| #2 | the Kingdom of England | had capital | Winchester | -     | -     | -                      |","| id | sbj             | pred | obj_d | obj_i | sig   | adv/cl/comp/sent |
|----|-----------------|------|-------|-------|-------|------------------|
| #0 | Lady Anne Monson | was born | -     | in the Kingdom of England | where | Winchester was previously the capital |
| #1 | Winchester       | was previously | the capital | - | - | - |"
reference1,90,"Bootleg Series Volume 1: The Quine Tapes, released in 2001-10-16 has a run time of 230:05.","| id | sbj | pred | obj_d | obj_i | sig | adv/cl/comp/sent |
|----|-----|------|-------|-------|-----|-----------------|
| #0 | Bootleg Series Volume 1: The Quine Tapes | was released | - | - | on | 2001-10-16 |
| #1 | Bootleg Series Volume 1: The Quine Tapes | has a run time of | 230:05 | - | - | - |","| id | sbj | pred | obj_d | obj_i | sig | adv/cl/comp/sent |
|----|-----|------|-------|-------|-----|-----------------|
| #0 | Bootleg Series Volume 1: The Quine Tapes | was released | - | - | on | 2001-10-16 |
| #1 | Bootleg Series Volume 1: The Quine Tapes | has | a run time of 230:05 | - | - | - |","| id | sbj | pred | obj_d | obj_i | sig | adv/cl/comp/sent |
|----|-----|------|-------|-------|-----|-----------------|
| #0 | Bootleg Series Volume 1: The Quine Tapes | was released | - | - | on | 2001-10-16 |
| #1 | Bootleg Series Volume 1: The Quine Tapes | has | a run time of 230:05 | - | - | - |"
reference1,91,The Bedford Aerodrome is located in Thurleigh and it has a runway with the length of 1095.0.,"| id | sbj               | pred     | obj_d  | obj_i | sig | adv/cl/comp/sent |
|----|-------------------|----------|--------|-------|-----|------------------|
| #0 | The Bedford Aerodrome | is located | -      | in Thurleigh | -   | -                |
| #1 | The Bedford Aerodrome | has        | a runway | -     | with | the length of 1095.0 |","| id | sbj               | pred       | obj_d    | obj_i | sig | adv/cl/comp/sent         |
|----|-------------------|------------|----------|-------|-----|--------------------------|
| #0 | The Bedford Aerodrome | is located | -        | in Thurleigh | -   | -                        |
| #1 | The Bedford Aerodrome | has        | a runway | -     | with | the length of 1095.0 meters |","| id | sbj             | pred     | obj_d  | obj_i | sig | adv/cl/comp/sent         |
|----|-----------------|----------|--------|-------|-----|--------------------------|
| #0 | The Bedford Aerodrome | is located | -      | in Thurleigh | -   | -                        |
| #1 | The Bedford Aerodrome | has        | a runway | -     | with | the length of 1095.0 meters |"
reference1,92,"Hypermarcas, which is located in Brazil, was founded on 2001-01-01 and makes drugs.","| id | sbj        | pred        | obj_d  | obj_i | sig | adv/cl/comp/sent |
|----|------------|-------------|--------|-------|-----|------------------|
| #0 | Hypermarcas| is located  | -      | in Brazil | -   | -                |
| #1 | Hypermarcas| was founded | -      | -     | on  | 2001-01-01        |
| #2 | Hypermarcas| makes       | drugs  | -     | -   | -                |","| id | sbj        | pred     | obj_d | obj_i | sig  | adv/cl/comp/sent        |
|----|------------|----------|-------|-------|------|-------------------------|
| #0 | Hypermarcas| is located| -    | in    | -    | Brazil                  |
| #1 | Hypermarcas| was founded| -   | on    | -    | 2001-01-01              |
| #2 | Hypermarcas| makes    | drugs| -     | -    | -                       |","| id | sbj        | pred     | obj_d | obj_i | sig | adv/cl/comp/sent |
|----|------------|----------|-------|-------|-----|------------------|
| #0 | Hypermarcas | is located | -     | in Brazil | -   | -                |
| #1 | Hypermarcas | was founded | -     | -     | on  | 2001-01-01        |
| #2 | Hypermarcas | makes     | drugs | -     | -   | -                |"
reference1,93,"Born 20.11.1894, music composer, Louis Levy, grew up to compose ""It's Great to Be Young, a film that debuted in 1956.","| id | sbj        | pred     | obj_d                    | obj_i | sig | adv/cl/comp/sent      |
|----|------------|----------|--------------------------|-------|-----|-----------------------|
| #0 | Louis Levy | was born | -                        | -     | on  | 20.11.1894            |
| #1 | Louis Levy | grew up  | -                        | -     | to  | compose ""It's Great to Be Young"" |
| #2 | It's Great to Be Young | is a film | -           | -     | that | debuted in 1956       |
| #3 | Louis Levy | is       | music composer           | -     | -   | -                     |","| id | sbj         | pred       | obj_d                      | obj_i | sig | adv/cl/comp/sent        |
|----|-------------|------------|----------------------------|-------|-----|-------------------------|
| #0 | Louis Levy  | was born   | -                          | -     | on  | 20.11.1894              |
| #1 | Louis Levy  | grew up    | -                          | -     | to  | compose ""It's Great to Be Young"" |
| #2 | It's Great to Be Young | debuted | -                  | -     | in  | 1956                    |
| #3 | Louis Levy  | is         | music composer             | -     | -   | -                       |","| id | sbj         | pred       | obj_d                            | obj_i | sig | adv/cl/comp/sent         |
|----|-------------|------------|----------------------------------|-------|-----|--------------------------|
| #0 | Louis Levy  | was born   | -                                | -     | on  | 20.11.1894               |
| #1 | Louis Levy  | grew up    | -                                | -     | to  | compose ""It's Great to Be Young"" |
| #2 | It's Great to Be Young | debuted | -                      | -     | in  | 1956                      |
| #3 | Louis Levy  | is         | music composer                   | -     | -   | -                         |"
reference1,94,"Brandon Carter, known for the Penrose diagram, was born on January 1, 1942 and attended the University of Cambridge.","| id | sbj           | pred       | obj_d                    | obj_i | sig | adv/cl/comp/sent         |
|----|---------------|------------|--------------------------|-------|-----|--------------------------|
| #0 | Brandon Carter | is known   | for the Penrose diagram  | -     | -   | -                        |
| #1 | Brandon Carter | was born   | -                        | on    | January 1, 1942            |
| #2 | Brandon Carter | attended   | the University of Cambridge | -   | -   | -                        |","| id | sbj            | pred         | obj_d                  | obj_i | sig | adv/cl/comp/sent        |
|----|----------------|--------------|------------------------|-------|-----|-------------------------|
| #0 | Brandon Carter | is known for | the Penrose diagram    | -     | -   | -                       |
| #1 | Brandon Carter | was born     | -                      | on    | January 1, 1942           |
| #2 | Brandon Carter | attended     | the University of Cambridge | - | -   | -                       |","| id | sbj            | pred       | obj_d                | obj_i | sig | adv/cl/comp/sent       |
|----|----------------|------------|----------------------|-------|-----|------------------------|
| #0 | Brandon Carter | is known    | for the Penrose diagram | -     | -   | -                      |
| #1 | Brandon Carter | was born    | -                    | on    | January 1, 1942          |
| #2 | Brandon Carter | attended    | the University of Cambridge | -     | -   | -                      |"
reference1,95,Post-hardcore music is a derivative of noise rock.,"| id | sbj               | pred      | obj_d             | obj_i | sig | adv/cl/comp/sent |
|----|-------------------|-----------|-------------------|-------|-----|------------------|
| #0 | Post-hardcore music | is a derivative | of noise rock | -     | -   | -                |","| id | sbj               | pred    | obj_d               | obj_i | sig | adv/cl/comp/sent |
|----|-------------------|---------|---------------------|-------|-----|------------------|
| #0 | Post-hardcore music | is a derivative of | noise rock        |       |     |                  |","| id | sbj                | pred      | obj_d              | obj_i | sig | adv/cl/comp/sent |
|----|--------------------|-----------|--------------------|-------|-----|-----------------|
| #0 | Post-hardcore music | is a derivative of | noise rock         |       |     |                 |"
reference1,96,"Bedford Aerodrome, located in Thurleigh, is operated by MotorSport Vision. MotorSport Vision was founded in 2004 by Jonathan Palmer.","# Output
| id | sbj | pred | obj_d | obj_i | sig | adv/cl/comp/sent |
| - | - | - | - | - | - | - |
| #0 | Bedford Aerodrome | is located | - | in Thurleigh | - | - |
| #1 | Bedford Aerodrome | is operated | - | by MotorSport Vision | - | - |
| #2 | MotorSport Vision | was founded | - | in 2004 | by | Jonathan Palmer |","# Output
| id | sbj             | pred      | obj_d | obj_i | sig     | adv/cl/comp/sent          |
|----|-----------------|-----------|-------|-------|---------|--------------------------|
| #0 | Bedford Aerodrome | is located | -     | in Thurleigh | -       | -                        |
| #1 | Bedford Aerodrome | is operated | -     | by MotorSport Vision | -       | -                        |
| #2 | MotorSport Vision | was founded | -     | in 2004 | by       | Jonathan Palmer           |","# Output
| id | sbj | pred | obj_d | obj_i | sig | adv/cl/comp/sent |
| - | - | - | - | - | - | - |
| #0 | Bedford Aerodrome | is located | - | in Thurleigh | - | - |
| #1 | Bedford Aerodrome | is operated | - | by MotorSport Vision | - | - |
| #2 | MotorSport Vision | was founded | - | in 2004 | by | Jonathan Palmer |"
reference1,97,"Estádio Municipal Coaracy da Mata Fonseca is located in Arapiraca and is the name of the ground of Agremiação Sportiva Arapiraquense (full name ""Agremiação Sportiva Arapiraquense""). The club has 17000 members and competes in the Brazilian Campeonato Brasileiro Série C, which the team Vila Nova Futebol Clube have been champions of.","| id | sbj | pred | obj_d | obj_i | sig | adv/cl/comp/sent |
| - | - | - | - | - | - | - |
| #0 | Estádio Municipal Coaracy da Mata Fonseca | is located | - | in Arapiraca | - | - |
| #1 | Estádio Municipal Coaracy da Mata Fonseca | is | the name of the ground | of Agremiação Sportiva Arapiraquense | - | - |
| #2 | Agremiação Sportiva Arapiraquense | has full name | ""Agremiação Sportiva Arapiraquense"" | - | - | - |
| #3 | Agremiação Sportiva Arapiraquense | has | 17000 members | - | - | - |
| #4 | Agremiação Sportiva Arapiraquense | competes | - | in the Brazilian Campeonato Brasileiro Série C | - | - |
| #5 | Vila Nova Futebol Clube | have been champions | - | of the Brazilian Campeonato Brasileiro Série C | - | - |","| id | sbj | pred | obj_d | obj_i | sig | adv/cl/comp/sent |
|----|-----|------|-------|-------|-----|-----------------|
| #0 | Estádio Municipal Coaracy da Mata Fonseca | is located | - | in Arapiraca | - | - |
| #1 | Estádio Municipal Coaracy da Mata Fonseca | is | the name of the ground | of Agremiação Sportiva Arapiraquense | - | - |
| #2 | Agremiação Sportiva Arapiraquense | has full name | ""Agremiação Sportiva Arapiraquense"" | - | - | - |
| #3 | Agremiação Sportiva Arapiraquense | has | 17000 members | - | - | - |
| #4 | Agremiação Sportiva Arapiraquense | competes in | the Brazilian Campeonato Brasileiro Série C | - | - | - |
| #5 | Vila Nova Futebol Clube | have been champions | - | of the Brazilian Campeonato Brasileiro Série C | - | - |","| id | sbj | pred | obj_d | obj_i | sig | adv/cl/comp/sent |
| - | - | - | - | - | - | - |
| #0 | Estádio Municipal Coaracy da Mata Fonseca | is located | - | in Arapiraca | - | - |
| #1 | Estádio Municipal Coaracy da Mata Fonseca | is | the name of the ground | of Agremiação Sportiva Arapiraquense | - | - |
| #2 | Agremiação Sportiva Arapiraquense | has | 17000 members | - | - | - |
| #3 | Agremiação Sportiva Arapiraquense | competes | - | in the Brazilian Campeonato Brasileiro Série C | - | - |
| #4 | Vila Nova Futebol Clube | have been champions | - | of the Brazilian Campeonato Brasileiro Série C | - | - |
| #5 | Agremiação Sportiva Arapiraquense | has full name | ""Agremiação Sportiva Arapiraquense"" | - | - | - |"
reference1,98,Tom Simon directed and produced Death on a Factory Farm which was edited by Geof Bartz and released by HBO. Sarah Teale was also a producer of the movie which had Jamie Lawrence as the music composer.,"| id | sbj       | pred      | obj_d                 | obj_i | sig | adv/cl/comp/sent |
|----|-----------|-----------|-----------------------|-------|-----|------------------|
| #0 | Tom Simon | directed  | Death on a Factory Farm | -     | -   | -                |
| #1 | Tom Simon | produced  | Death on a Factory Farm | -     | -   | -                |
| #2 | Geof Bartz | edited    | Death on a Factory Farm | -     | -   | -                |
| #3 | HBO       | released  | Death on a Factory Farm | -     | -   | -                |
| #4 | Sarah Teale | was also a producer of | Death on a Factory Farm | -     | -   | -                |
| #5 | Jamie Lawrence | was the music composer of | Death on a Factory Farm | -     | -   | -                |","| id | sbj         | pred         | obj_d                  | obj_i | sig | adv/cl/comp/sent |
|----|-------------|--------------|------------------------|-------|-----|------------------|
| #0 | Tom Simon   | directed     | Death on a Factory Farm | -     | -   | -                |
| #1 | Tom Simon   | produced     | Death on a Factory Farm | -     | -   | -                |
| #2 | Geof Bartz  | edited       | Death on a Factory Farm | -     | -   | -                |
| #3 | HBO         | released     | Death on a Factory Farm | -     | -   | -                |
| #4 | Sarah Teale | was a producer | the movie             | -     | -   | -                |
| #5 | Jamie Lawrence | was the music composer | the movie | -     | -   | -                |","| id | sbj       | pred       | obj_d                | obj_i | sig | adv/cl/comp/sent |
|----|-----------|------------|----------------------|-------|-----|------------------|
| #0 | Tom Simon | directed   | Death on a Factory Farm | -     | -   | -                |
| #1 | Tom Simon | produced   | Death on a Factory Farm | -     | -   | -                |
| #2 | Geof Bartz | edited    | Death on a Factory Farm | -     | -   | -                |
| #3 | HBO       | released   | Death on a Factory Farm | -     | -   | -                |
| #4 | Sarah Teale | was also a producer | Death on a Factory Farm | -     | -   | -                |
| #5 | Jamie Lawrence | was the music composer | Death on a Factory Farm | -     | -   | -                |"
reference1,99,"Lady Anne Monson is a British national who currently resides in India, a country of 3,287,590 square kilometers led by Pranab Mukherjee.","| id | sbj | pred | obj_d | obj_i | sig | adv/cl/comp/sent |
| - | - | - | - | - | - | - |
| #0 | Lady Anne Monson | is | a British national | - | - | - |
| #1 | Lady Anne Monson | currently resides | - | in India | - | - |
| #2 | India | is | a country | - | of | 3,287,590 square kilometers |
| #3 | India | is led by | Pranab Mukherjee | - | - | - |","| id | sbj | pred | obj_d | obj_i | sig | adv/cl/comp/sent |
| - | - | - | - | - | - | - |
| #0 | Lady Anne Monson | is | a British national | - | - | - |
| #1 | Lady Anne Monson | resides | - | in India | - | - |
| #2 | India | is | a country | - | of | 3,287,590 square kilometers |
| #3 | India | is led by | Pranab Mukherjee | - | - | - |","| id | sbj | pred | obj_d | obj_i | sig | adv/cl/comp/sent |
|----|-----|------|-------|-------|-----|-----------------|
| #0 | Lady Anne Monson | is | a British national | - | - | - |
| #1 | Lady Anne Monson | resides | - | in India | - | - |
| #2 | India | is | a country | - | of | 3,287,590 square kilometers |
| #3 | India | is led by | Pranab Mukherjee | - | - | - |"
reference1,100,"Bootleg Series Volume 1: The Quine Tapes album created by Velvet Underground with a genre rock, was preceded by the album Squeeze and recorded through Polydor Records under Universal Music Group record label released on 10-16-2001.","# Output
| id | sbj | pred | obj_d | obj_i | sig | adv/cl/comp/sent |
| - | - | - | - | - | - | - |
| #0 | Bootleg Series Volume 1: The Quine Tapes album | was created by | Velvet Underground | - | - | - |
| #1 | Bootleg Series Volume 1: The Quine Tapes album | has genre | rock | - | - | - |
| #2 | Bootleg Series Volume 1: The Quine Tapes album | was preceded by | the album Squeeze | - | - | - |
| #3 | Bootleg Series Volume 1: The Quine Tapes album | was recorded through | Polydor Records | - | - | - |
| #4 | Polydor Records | is under | Universal Music Group record label | - | - | - |
| #5 | Bootleg Series Volume 1: The Quine Tapes album | was released on | 10-16-2001 | - | - | - |","# Output
| id | sbj | pred | obj_d | obj_i | sig | adv/cl/comp/sent |
| - | - | - | - | - | - | - |
| #0 | Bootleg Series Volume 1: The Quine Tapes album | was created by | Velvet Underground | - | - | - |
| #1 | Bootleg Series Volume 1: The Quine Tapes album | has genre | rock | - | - | - |
| #2 | Bootleg Series Volume 1: The Quine Tapes album | was preceded by | the album Squeeze | - | - | - |
| #3 | Bootleg Series Volume 1: The Quine Tapes album | was recorded through | Polydor Records | - | - | - |
| #4 | Polydor Records | is under | Universal Music Group record label | - | - | - |
| #5 | Bootleg Series Volume 1: The Quine Tapes album | was released on | 10-16-2001 | - | - | - |","# Output
| id | sbj | pred | obj_d | obj_i | sig | adv/cl/comp/sent |
| - | - | - | - | - | - | - |
| #0 | Bootleg Series Volume 1: The Quine Tapes album | was created by | Velvet Underground | - | - | - |
| #1 | Bootleg Series Volume 1: The Quine Tapes album | has genre | rock | - | - | - |
| #2 | Bootleg Series Volume 1: The Quine Tapes album | was preceded by | the album Squeeze | - | - | - |
| #3 | Bootleg Series Volume 1: The Quine Tapes album | was recorded through | Polydor Records | - | - | - |
| #4 | Polydor Records | is under | Universal Music Group record label | - | - | - |
| #5 | Bootleg Series Volume 1: The Quine Tapes album | was released on | 10-16-2001 | - | - | - |"
reference1,101,Warner Music Group is the record label of the band Train.,"| id | sbj                | pred     | obj_d            | obj_i | sig | adv/cl/comp/sent |
|----|--------------------|----------|------------------|-------|-----|------------------|
| #0 | Warner Music Group | is       | the record label | of the band Train | -   | -                |
| #1 | the band Train     | has      | Warner Music Group | as record label | -   | -                |","| id | sbj                | pred       | obj_d           | obj_i | sig | adv/cl/comp/sent |
|----|--------------------|------------|-----------------|-------|-----|------------------|
| #0 | Warner Music Group | is         | the record label | of the band Train | -   | -                |
| #1 | the band Train     | has record label | Warner Music Group | -     | -   | -                |","| id | sbj                | pred           | obj_d           | obj_i | sig | adv/cl/comp/sent |
|----|--------------------|----------------|-----------------|-------|-----|------------------|
| #0 | Warner Music Group | is the record label | of the band Train | -     | -   | -                |
| #1 | the band Train     | has record label | Warner Music Group | -     | -   | -                |"
reference1,102,Brandon Carter is a physicist known for the invention of the Carter constant and for proving the no-hair theorem. His professional field was on General Relativity.,"| id | sbj          | pred        | obj_d                  | obj_i | sig | adv/cl/comp/sent      |
|----|--------------|-------------|------------------------|-------|-----|-----------------------|
| #0 | Brandon Carter | is          | a physicist            | -     | -   | -                     |
| #1 | Brandon Carter | is known    | -                      | for   | #2 and #3                |
| #2 | Brandon Carter | invented    | the Carter constant    | -     | -   | -                     |
| #3 | Brandon Carter | proved      | the no-hair theorem    | -     | -   | -                     |
| #4 | Brandon Carter | had         | his professional field | -     | on  | General Relativity     |","| id | sbj           | pred        | obj_d                | obj_i | sig | adv/cl/comp/sent        |
|----|---------------|-------------|----------------------|-------|-----|-------------------------|
| #0 | Brandon Carter| is          | a physicist          | -     | -   | -                       |
| #1 | Brandon Carter| is known    | for #2 and for #3    | -     | -   | -                       |
| #2 | Brandon Carter| invented    | the Carter constant  | -     | -   | -                       |
| #3 | Brandon Carter| proved      | the no-hair theorem  | -     | -   | -                       |
| #4 | Brandon Carter| had         | his professional field| -     | on  | General Relativity      |","| id | sbj          | pred        | obj_d                | obj_i | sig | adv/cl/comp/sent         |
|----|--------------|-------------|----------------------|-------|-----|--------------------------|
| #0 | Brandon Carter | is          | a physicist          | -     | -   | -                        |
| #1 | Brandon Carter | is known    | -                    | for   | #2 and #3                  |
| #2 | Brandon Carter | invented    | the Carter constant  | -     | -   | -                        |
| #3 | Brandon Carter | proved      | the no-hair theorem  | -     | -   | -                        |
| #4 | Brandon Carter | had         | his professional field | -   | on  | General Relativity       |"
reference1,103,Aleksandr Prudnikov is in the FC Terek Grozny club (based in Grozny) and managed by Rashid Rakhimov. He is a member of the youth side of FC Spartak Moscow and also plays for FC Amkar Perm.,"| id | sbj                | pred       | obj_d                | obj_i | sig  | adv/cl/comp/sent                      |
|----|--------------------|------------|----------------------|-------|------|---------------------------------------|
| #0 | Aleksandr Prudnikov| is in      | the FC Terek Grozny club | -     | -    | based in Grozny                       |
| #1 | FC Terek Grozny club| is based in| Grozny                | -     | -    | -                                     |
| #2 | FC Terek Grozny club| is managed by | Rashid Rakhimov     | -     | -    | -                                     |
| #3 | Aleksandr Prudnikov| is a member of | the youth side of FC Spartak Moscow | - | - | -                                  |
| #4 | Aleksandr Prudnikov| also plays for | FC Amkar Perm       | -     | -    | -                                     |","| id | sbj               | pred        | obj_d            | obj_i | sig   | adv/cl/comp/sent                |
|----|-------------------|-------------|------------------|-------|-------|---------------------------------|
| #0 | Aleksandr Prudnikov | is in       | FC Terek Grozny club | -     | -     | based in Grozny                 |
| #1 | FC Terek Grozny club | is managed by | Rashid Rakhimov  | -     | -     | -                               |
| #2 | Aleksandr Prudnikov | is a member of | the youth side of FC Spartak Moscow | -     | -     | -                               |
| #3 | Aleksandr Prudnikov | also plays for | FC Amkar Perm   | -     | -     | -                               |","| id | sbj               | pred         | obj_d               | obj_i | sig  | adv/cl/comp/sent                |
|----|-------------------|--------------|---------------------|-------|------|---------------------------------|
| #0 | Aleksandr Prudnikov | is in        | the FC Terek Grozny club | -     | -    | -                               |
| #1 | the FC Terek Grozny club | is based in | Grozny               | -     | -    | -                               |
| #2 | the FC Terek Grozny club | is managed by | Rashid Rakhimov     | -     | -    | -                               |
| #3 | Aleksandr Prudnikov | is a member of | the youth side       | of FC Spartak Moscow | -    | -                       |
| #4 | Aleksandr Prudnikov | also plays for | FC Amkar Perm        | -     | -    | -                               |"
reference1,104,"Nurhan Atasoy was born in Turkey on January 1st, 1934.","| id | sbj          | pred  | obj_d | obj_i | sig | adv/cl/comp/sent        |
|----|--------------|-------|-------|-------|-----|-------------------------|
| #0 | Nurhan Atasoy | was born | -     | in Turkey | on | January 1st, 1934      |","| id | sbj          | pred | obj_d | obj_i | sig | adv/cl/comp/sent       |
|----|--------------|------|-------|-------|-----|------------------------|
| #0 | Nurhan Atasoy | was born | -     | in Turkey | on | January 1st, 1934 |","| id | sbj          | pred | obj_d | obj_i | sig | adv/cl/comp/sent      |
|----|--------------|------|-------|-------|-----|-----------------------|
| #0 | Nurhan Atasoy | was born | -     | in Turkey | on | January 1st, 1934 |"
reference1,105,Resadiye is the birth place of Nurhan Atasoy.,"| id | sbj         | pred        | obj_d | obj_i | sig | adv/cl/comp/sent |
|----|-------------|-------------|-------|-------|-----|------------------|
| #0 | Resadiye    | is          | the birth place | of Nurhan Atasoy | -   | -                |
| #1 | Nurhan Atasoy | has birth place | Resadiye  | -   | -   | -                |","| id | sbj         | pred        | obj_d | obj_i | sig | adv/cl/comp/sent |
|----|-------------|-------------|-------|-------|-----|------------------|
| #0 | Resadiye    | is          | the birth place | of Nurhan Atasoy | -   | -                |
| #1 | Nurhan Atasoy | was born | in Resadiye | - | - | -                |","| id | sbj         | pred          | obj_d  | obj_i | sig | adv/cl/comp/sent |
|----|-------------|---------------|--------|-------|-----|------------------|
| #0 | Resadiye    | is birth place | -      | of Nurhan Atasoy | -   | -                |"
reference1,106,"The operating organisation for Al Asad airbase, which has a runway length of 3992.88, is the United States Air Force.","| id | sbj | pred | obj_d | obj_i | sig | adv/cl/comp/sent |
|----|-----|------|-------|-------|-----|------------------|
| #0 | The operating organisation | is | the United States Air Force | for Al Asad airbase | - | - |
| #1 | Al Asad airbase | has | a runway length of 3992.88 | - | - | - |","| id | sbj                         | pred        | obj_d                  | obj_i | sig  | adv/cl/comp/sent |
|----|-----------------------------|-------------|------------------------|-------|------|------------------|
| #0 | The operating organisation  | is          | the United States Air Force | -     | for  | Al Asad airbase  |
| #1 | Al Asad airbase             | has         | a runway length        | of 3992.88 meters | -    | -                |","# Output
| id | sbj | pred | obj_d | obj_i | sig | adv/cl/comp/sent |
| - | - | - | - | - | - | - |
| #0 | The operating organisation | is | the United States Air Force | for Al Asad airbase | - | - |
| #1 | Al Asad airbase | has | a runway length of 3992.88 | - | - | - |"
reference1,107,The reggae song Mermaid was written by the pop rock band Train.,"# Output
| id | sbj                | pred    | obj_d    | obj_i | sig | adv/cl/comp/sent |
|----|--------------------|---------|----------|-------|-----|------------------|
| #0 | The reggae song Mermaid | was written | by the pop rock band Train | -     | -   | -                |
| #1 | The pop rock band Train | wrote | The reggae song Mermaid | -     | -   | -                |","# Output
| id | sbj                 | pred   | obj_d     | obj_i | sig | adv/cl/comp/sent |
|----|---------------------|--------|-----------|-------|-----|------------------|
| #0 | The reggae song Mermaid | was written | by Train | -   | -   | -                |
| #1 | Train                | wrote  | Mermaid   | -     | -   | -                |","# Output
| id | sbj                   | pred    | obj_d    | obj_i | sig | adv/cl/comp/sent |
|----|-----------------------|---------|----------|-------|-----|------------------|
| #0 | The reggae song Mermaid | was written | -        | by the pop rock band Train | -   | -                |
| #1 | the pop rock band Train | wrote    | Mermaid  | -     | -   | -                |"
reference1,108,1147 Stavropolis was discovered by Grigory Neujmin. Its apoapsis is 418476000000.0 and the orbital period of the asteroid is 1249.6 days.,"| id | sbj | pred | obj_d | obj_i | sig | adv/cl/comp/sent |
|----|-----|------|-------|-------|-----|------------------|
| #0 | 1147 Stavropolis | was discovered | - | by Grigory Neujmin | - | - |
| #1 | 1147 Stavropolis | has apoapsis | 418476000000.0 | - | - | - |
| #2 | 1147 Stavropolis | has orbital period | 1249.6 days | - | - | - |","| id | sbj | pred | obj_d | obj_i | sig | adv/cl/comp/sent |
| - | - | - | - | - | - | - |
| #0 | 1147 Stavropolis | was discovered | - | by Grigory Neujmin | - | - |
| #1 | 1147 Stavropolis | has apoapsis | 418476000000.0 | - | - | - |
| #2 | 1147 Stavropolis | has orbital period | 1249.6 days | - | - | - |","| id | sbj | pred | obj_d | obj_i | sig | adv/cl/comp/sent |
| - | - | - | - | - | - | - |
| #0 | 1147 Stavropolis | was discovered | - | by Grigory Neujmin | - | - |
| #1 | 1147 Stavropolis | has apoapsis | 418476000000.0 | - | - | - |
| #2 | 1147 Stavropolis | has orbital period | 1249.6 days | - | - | - |"
reference1,109,"""Super Capers"" is a 98 minute film distributed by Lionsgate and Roadside Attractions. It was directed by Ray Griggs.","| id | sbj           | pred        | obj_d    | obj_i | sig | adv/cl/comp/sent        |
|----|---------------|-------------|----------|-------|-----|-------------------------|
| #0 | Super Capers  | is          | a film   | -     | -   | -                       |
| #1 | Super Capers  | has length  | 98 minutes | -   | -   | -                       |
| #2 | Super Capers  | is distributed by | Lionsgate | - | and | Roadside Attractions   |
| #3 | Ray Griggs    | directed    | Super Capers | -   | -   | -                       |
| #4 | Super Capers  | is distributed by | Roadside Attractions | - | - | -               |","| id | sbj             | pred       | obj_d    | obj_i | sig | adv/cl/comp/sent       |
|----|-----------------|------------|----------|-------|-----|------------------------|
| #0 | Super Capers    | is         | a film   | -     | -   | -                      |
| #1 | Super Capers    | has length | 98 minutes | -   | -   | -                      |
| #2 | Super Capers    | was distributed | -  | by Lionsgate and Roadside Attractions | - | - |
| #3 | Ray Griggs      | directed   | Super Capers | - | -   | -                      |","| id | sbj           | pred        | obj_d  | obj_i | sig | adv/cl/comp/sent        |
|----|---------------|-------------|--------|-------|-----|-------------------------|
| #0 | Super Capers  | is          | a film | -     | -   | -                       |
| #1 | Super Capers  | has length  | 98 minutes | -  | -   | -                       |
| #2 | Super Capers  | is distributed by | Lionsgate | - | and | Roadside Attractions |
| #3 | Super Capers  | was directed by  | Ray Griggs | - | - | -                      |"
reference1,110,"16800 undergraduate students and 2900 staff members call the University of Burgundy home. The university, located in Dijon, has the postal code 21000.","| id | sbj | pred | obj_d | obj_i | sig | adv/cl/comp/sent |
|----|-----|------|-------|-------|-----|------------------|
| #0 | 16800 undergraduate students and 2900 staff members | call | - | the University of Burgundy home | - | - |
| #1 | the University of Burgundy | is located | - | in Dijon | - | - |
| #2 | the University of Burgundy | has | the postal code 21000 | - | - | - |","| id | sbj | pred | obj_d | obj_i | sig | adv/cl/comp/sent |
| - | - | - | - | - | - | - |
| #0 | 16800 undergraduate students | call | - | the University of Burgundy home | - | - |
| #1 | 2900 staff members | call | - | the University of Burgundy home | - | - |
| #2 | the University of Burgundy | is located | - | in Dijon | - | - |
| #3 | the University of Burgundy | has | the postal code 21000 | - | - | - |","| id | sbj | pred | obj_d | obj_i | sig | adv/cl/comp/sent |
| - | - | - | - | - | - | - |
| #0 | 16800 undergraduate students | call | - | the University of Burgundy | - | - |
| #1 | 2900 staff members | call | - | the University of Burgundy | - | - |
| #2 | the University of Burgundy | is located | - | in Dijon | - | - |
| #3 | the University of Burgundy | has | the postal code 21000 | - | - | - |"
reference1,111,"The Mason School Of Business are the current tenants of Alan B Miller Hall, and the college of William and Mary is its owner.","# Output
| id | sbj                            | pred        | obj_d              | obj_i | sig | adv/cl/comp/sent |
|----|--------------------------------|-------------|--------------------|-------|-----|------------------|
| #0 | The Mason School Of Business   | are tenants | -                  | of Alan B Miller Hall | -   | -                |
| #1 | Alan B Miller Hall             | has tenants | The Mason School Of Business | -   | -   | -                |
| #2 | the college of William and Mary | is owner    | -                  | of Alan B Miller Hall | -   | -                |
| #3 | Alan B Miller Hall             | has owner   | the college of William and Mary | - | -   | -                |","# Output
| id | sbj | pred | obj_d | obj_i | sig | adv/cl/comp/sent |
| - | - | - | - | - | - | - |
| #0 | The Mason School Of Business | are | the current tenants | of Alan B Miller Hall | - | - |
| #1 | the college of William and Mary | is | the owner | of Alan B Miller Hall | - | - |","# Output
| id | sbj | pred | obj_d | obj_i | sig | adv/cl/comp/sent |
| - | - | - | - | - | - | - |
| #0 | The Mason School Of Business | are | tenants | of Alan B Miller Hall | - | - |
| #1 | The college of William and Mary | is | owner | of Alan B Miller Hall | - | - |"
reference1,112,George Allen & Unwin published The Fellowship of the Ring.,"| id | sbj                | pred     | obj_d                        | obj_i | sig | adv/cl/comp/sent |
|----|--------------------|----------|------------------------------|-------|-----|-----------------|
| #0 | George Allen & Unwin | published | The Fellowship of the Ring | -     | -   | -               |","# Output
| id | sbj                | pred     | obj_d                        | obj_i | sig | adv/cl/comp/sent |
|----|--------------------|----------|------------------------------|-------|-----|------------------|
| #0 | George Allen & Unwin | published | The Fellowship of the Ring | -     | -   | -                |","| id | sbj                | pred     | obj_d                        | obj_i | sig | adv/cl/comp/sent |
|----|--------------------|----------|------------------------------|-------|-----|-----------------|
| #0 | George Allen & Unwin | published | The Fellowship of the Ring | -     | -   | -               |"
reference1,113,"The University of Burgundy is located in the city of Dijon, France. The country's full name is ""The French Republic"" and one of its leaders is Claude Bartolone.","| id | sbj                    | pred    | obj_d            | obj_i | sig | adv/cl/comp/sent         |
|----|------------------------|---------|------------------|-------|-----|--------------------------|
| #0 | The University of Burgundy | is located | -                | in the city of Dijon, France | -   | -                        |
| #1 | The country             | has full name | ""The French Republic"" | -     | -   | -                        |
| #2 | The country             | has leader    | Claude Bartolone  | -     | -   | -                        |","| id | sbj                    | pred     | obj_d            | obj_i | sig | adv/cl/comp/sent         |
|----|------------------------|----------|------------------|-------|-----|--------------------------|
| #0 | The University of Burgundy | is located | -                | in the city of Dijon, France | -   | -                        |
| #1 | The country            | has full name | ""The French Republic"" | -     | -   | -                        |
| #2 | The French Republic    | has leader | Claude Bartolone  | -     | -   | -                        |","| id | sbj                  | pred     | obj_d             | obj_i | sig | adv/cl/comp/sent        |
|----|----------------------|----------|-------------------|-------|-----|-------------------------|
| #0 | The University of Burgundy | is located | -                 | in the city of Dijon, France | -   | -                         |
| #1 | The country           | has full name | ""The French Republic"" | -     | -   | -                         |
| #2 | The French Republic  | has leader | Claude Bartolone   | -     | -   | -                         |"
reference1,114,Lionsgate offers digital distribution service.,"# Output
| id | sbj       | pred  | obj_d                       | obj_i | sig | adv/cl/comp/sent |
|----|-----------|-------|-----------------------------|-------|-----|------------------|
| #0 | Lionsgate | offers | digital distribution service | -     | -   | -                |","| id | sbj       | pred   | obj_d                        | obj_i | sig | adv/cl/comp/sent |
|----|-----------|--------|------------------------------|-------|-----|------------------|
| #0 | Lionsgate | offers | digital distribution service | -     | -   | -                |","# Output
| id | sbj       | pred  | obj_d                      | obj_i | sig | adv/cl/comp/sent |
|----|-----------|-------|----------------------------|-------|-----|------------------|
| #0 | Lionsgate | offers | digital distribution service | -     | -   | -                |"
reference1,115,English Without Tears is a film with a running time of 89 minutes.,"| id | sbj | pred | obj_d | obj_i | sig | adv/cl/comp/sent |
| - | - | - | - | - | - | - |
| #0 | English Without Tears | is | a film | - | - | - |
| #1 | English Without Tears | has | a running time | of 89 minutes | - | - |","| id | sbj | pred | obj_d | obj_i | sig | adv/cl/comp/sent |
| - | - | - | - | - | - | - |
| #0 | English Without Tears | is | a film | - | - | - |
| #1 | English Without Tears | has | a running time | of 89 minutes | - | - |","| id | sbj | pred | obj_d | obj_i | sig | adv/cl/comp/sent |
| - | - | - | - | - | - | - |
| #0 | English Without Tears | is | a film | - | - | - |
| #1 | English Without Tears | has | a running time | of 89 minutes | - | - |"
reference1,116,"Completed on June 1st, 2009, Alan B Miller Hall's current tenants are the Mason School of Business.","# Output
| id | sbj | pred | obj_d | obj_i | sig | adv/cl/comp/sent |
| - | - | - | - | - | - | - |
| #0 | Alan B Miller Hall | was completed | - | - | on | June 1st, 2009 |
| #1 | Alan B Miller Hall's current tenants | are | the Mason School of Business | - | - | - |","# Output
| id | sbj | pred | obj_d | obj_i | sig | adv/cl/comp/sent |
| - | - | - | - | - | - | - |
| #0 | Alan B Miller Hall | was completed | - | - | on | June 1st, 2009 |
| #1 | Alan B Miller Hall's current tenants | are | the Mason School of Business | - | - | - |","| id | sbj | pred | obj_d | obj_i | sig | adv/cl/comp/sent |
| - | - | - | - | - | - | - |
| #0 | Alan B Miller Hall | was completed | - | - | on | June 1st, 2009 |
| #1 | Alan B Miller Hall's current tenants | are | the Mason School of Business | - | - | - |"
reference1,117,Darlington has a grid reference of NZ289147.,"| id | sbj       | pred        | obj_d | obj_i | sig | adv/cl/comp/sent |
|----|-----------|-------------|-------|-------|-----|------------------|
| #0 | Darlington | has grid reference | NZ289147 | -   | -   | -                |","| id | sbj        | pred        | obj_d     | obj_i | sig | adv/cl/comp/sent |
|----|------------|-------------|-----------|-------|-----|------------------|
| #0 | Darlington | has         | a grid reference | -     | of | NZ289147        |","| id | sbj       | pred       | obj_d         | obj_i | sig | adv/cl/comp/sent |
|----|-----------|------------|---------------|-------|-----|-----------------|
| #0 | Darlington | has        | a grid reference | -     | of  | NZ289147        |"
reference1,118,Punk blues' is the genre of the album Turn Me On and its origin is garage rock.,"| id | sbj         | pred       | obj_d           | obj_i | sig | adv/cl/comp/sent |
|----|-------------|------------|-----------------|-------|-----|------------------|
| #0 | Punk blues  | is         | the genre       | of the album Turn Me On | -   | -                |
| #1 | Punk blues  | has origin | garage rock     | -     | -   | -                |","| id | sbj | pred | obj_d | obj_i | sig | adv/cl/comp/sent |
| - | - | - | - | - | - | - |
| #0 | Turn Me On | is | an album | - | - | - |
| #1 | Turn Me On | is in | punk blues | - | - | - |
| #2 | punk blues | has origin | garage rock | - | - | - |","| id | sbj          | pred        | obj_d              | obj_i | sig  | adv/cl/comp/sent |
|----|--------------|-------------|--------------------|-------|------|------------------|
| #0 | Turn Me On   | is          | an album           | -     | -    | -                |
| #1 | Turn Me On   | is          | -                  | in    | the genre of punk blues |
| #2 | punk blues   | is          | a genre            | -     | -    | -                |
| #3 | punk blues   | has origin  | garage rock        | -     | -    | -                |"
reference1,119,Alan Jaggs was the editor and Nicholas Brodszky was the composer in a 89 minute film called 'English Without Tears.',"| id | sbj             | pred       | obj_d                | obj_i | sig | adv/cl/comp/sent       |
|----|-----------------|------------|----------------------|-------|-----|------------------------|
| #0 | Alan Jaggs      | was        | the editor           | -     | in  | a 89 minute film called 'English Without Tears' |
| #1 | Nicholas Brodszky| was        | the composer         | -     | in  | a 89 minute film called 'English Without Tears' |
| #2 | a 89 minute film | is called  | 'English Without Tears' | -   | -   | -                      |","| id | sbj             | pred     | obj_d                 | obj_i | sig | adv/cl/comp/sent        |
|----|-----------------|----------|-----------------------|-------|-----|-------------------------|
| #0 | Alan Jaggs      | was      | the editor            | -     | in  | a 89 minute film called 'English Without Tears' |
| #1 | Nicholas Brodszky| was      | the composer          | -     | in  | a 89 minute film called 'English Without Tears' |
| #2 | a film          | is called| 'English Without Tears'| -     | -   | -                       |
| #3 | a film          | has      | a duration            | of 89 minutes | - | -                   |","| id | sbj             | pred   | obj_d                    | obj_i | sig | adv/cl/comp/sent |
|----|-----------------|--------|--------------------------|-------|-----|------------------|
| #0 | Alan Jaggs      | was    | the editor               | -     | in  | a 89 minute film called 'English Without Tears' |
| #1 | Nicholas Brodszky | was   | the composer             | -     | in  | a 89 minute film called 'English Without Tears' |
| #2 | a 89 minute film | is called | 'English Without Tears' | -     | -   | -                |"
reference1,120,Nicholas Brodszky was a non-performing staff.,"| id | sbj             | pred       | obj_d | obj_i | sig | adv/cl/comp/sent |
|----|-----------------|------------|-------|-------|-----|------------------|
| #0 | Nicholas Brodszky | was        | a non-performing staff | -     | -   | -                |","| id | sbj             | pred       | obj_d | obj_i | sig | adv/cl/comp/sent |
|----|-----------------|------------|-------|-------|-----|------------------|
| #0 | Nicholas Brodszky | was        | a non-performing staff | -     | -   | -                |","| id | sbj             | pred      | obj_d               | obj_i | sig | adv/cl/comp/sent |
|----|-----------------|-----------|---------------------|-------|-----|-----------------|
| #0 | Nicholas Brodszky | was       | a non-performing staff | -     | -   | -               |"
reference1,121,"At one time, the United States Secretary of Health, Education, and Welfare was a man called Abraham A. Ribicoff who was born in the USA where African Americans are an ethnic group. Abraham was married to Ruth Ribicoff.","| id | sbj | pred | obj_d | obj_i | sig | adv/cl/comp/sent |
|----|-----|------|-------|-------|-----|-----------------|
| #0 | the United States Secretary of Health, Education, and Welfare | was | a man called Abraham A. Ribicoff | - | at one time | - |
| #1 | Abraham A. Ribicoff | was born | - | in the USA | - | - |
| #2 | African Americans | are | an ethnic group | - | in | the USA |
| #3 | Abraham A. Ribicoff | was married | to Ruth Ribicoff | - | - | - |","| id | sbj | pred | obj_d | obj_i | sig | adv/cl/comp/sent |
|----|-----|------|-------|-------|-----|-----------------|
| #0 | the United States Secretary of Health, Education, and Welfare | was | a man called Abraham A. Ribicoff | - | at one time | - |
| #1 | Abraham A. Ribicoff | was born | - | in the USA | - | - |
| #2 | African Americans | are | an ethnic group | - | in | the USA |
| #3 | Abraham A. Ribicoff | was married | to Ruth Ribicoff | - | - | - |","| id | sbj | pred | obj_d | obj_i | sig | adv/cl/comp/sent |
|----|-----|------|-------|-------|-----|-----------------|
| #0 | the United States Secretary of Health, Education, and Welfare | was | a man called Abraham A. Ribicoff | - | at one time | - |
| #1 | Abraham A. Ribicoff | was born | - | in the USA | - | - |
| #2 | African Americans | are | an ethnic group | - | in | the USA |
| #3 | Abraham A. Ribicoff | was married | to Ruth Ribicoff | - | - | - |"
reference1,123,"Chinabank is a banking service company with 295 locations. Founded on August 16, 1920, Chinabank has a net income of $15,100,000,000.","| id | sbj       | pred        | obj_d            | obj_i | sig  | adv/cl/comp/sent            |
|----|-----------|-------------|------------------|-------|------|-----------------------------|
| #0 | Chinabank | is          | a banking service company | -     | with | 295 locations             |
| #1 | Chinabank | was founded | -                | on    | August 16, 1920                |
| #2 | Chinabank | has         | a net income     | of    | $15,100,000,000                |","| id | sbj       | pred        | obj_d                | obj_i | sig       | adv/cl/comp/sent          |
|----|-----------|-------------|----------------------|-------|-----------|---------------------------|
| #0 | Chinabank | is          | a banking service company | -     | with      | 295 locations            |
| #1 | Chinabank | was founded | -                    | on    | August 16, 1920                          |
| #2 | Chinabank | has         | a net income         | of    | $15,100,000,000                          |","| id | sbj       | pred         | obj_d             | obj_i | sig     | adv/cl/comp/sent            |
|----|-----------|--------------|-------------------|-------|---------|-----------------------------|
| #0 | Chinabank | is           | a banking service company | -     | with   | 295 locations              |
| #1 | Chinabank | was founded  | -                 | on    | August 16, 1920 |
| #2 | Chinabank | has          | a net income      | of    | $15,100,000,000                |"
reference1,124,"Bill Oddie born in Rochdale, starred in Bananaman which was created by Steve Bright and broadcasted by BBC the Broadcasting House based in London.","| id | sbj       | pred      | obj_d       | obj_i | sig | adv/cl/comp/sent         |
|----|-----------|-----------|-------------|-------|-----|--------------------------|
| #0 | Bill Oddie | was born  | -           | in Rochdale | - | -                      |
| #1 | Bill Oddie | starred   | in Bananaman | -     | -   | -                        |
| #2 | Bananaman  | was created | -          | by Steve Bright | - | -                  |
| #3 | Bananaman  | was broadcasted | -      | by BBC | - | -                         |
| #4 | BBC        | is based  | -           | in London | - | -                        |
| #5 | BBC        | is        | the Broadcasting House | - | - | -                    |","| id | sbj       | pred        | obj_d       | obj_i | sig | adv/cl/comp/sent             |
|----|-----------|-------------|-------------|-------|-----|-----------------------------|
| #0 | Bill Oddie | was born     | -           | in Rochdale | -   | -                           |
| #1 | Bill Oddie | starred      | in Bananaman | -     | -   | -                           |
| #2 | Bananaman  | was created  | -           | by Steve Bright | -   | -                           |
| #3 | Bananaman  | was broadcasted | -       | by BBC | -   | -                           |
| #4 | BBC        | is based     | -           | in London | -   | -                           |
| #5 | BBC        | is           | the Broadcasting House | - | -   | -                           |","| id | sbj       | pred        | obj_d       | obj_i | sig    | adv/cl/comp/sent |
|----|-----------|-------------|-------------|-------|--------|------------------|
| #0 | Bill Oddie | was born     | -           | in Rochdale | -      | -                |
| #1 | Bill Oddie | starred      | in Bananaman | -     | -      | -                |
| #2 | Bananaman  | was created  | -           | by Steve Bright | -      | -                |
| #3 | Bananaman  | was broadcasted | -       | by BBC | -      | -                |
| #4 | BBC        | is based     | -           | in London | -      | -                |
| #5 | BBC        | is the Broadcasting House | - | -     | based | in London        |"
reference1,125,The University of Burgundy has 9400 postgraduate students attending and employs 2900 staff members.,"| id | sbj                        | pred       | obj_d                    | obj_i | sig | adv/cl/comp/sent |
|----|----------------------------|------------|--------------------------|-------|-----|------------------|
| #0 | The University of Burgundy | has        | 9400 postgraduate students | -     | -   | -                |
| #1 | The University of Burgundy | employs    | 2900 staff members       | -     | -   | -                |","| id | sbj | pred | obj_d | obj_i | sig | adv/cl/comp/sent |
|----|-----|------|-------|-------|-----|-----------------|
| #0 | The University of Burgundy | has | 9400 postgraduate students | - | - | - |
| #1 | The University of Burgundy | employs | 2900 staff members | - | - | - |","| id | sbj                       | pred      | obj_d                  | obj_i | sig | adv/cl/comp/sent |
|----|---------------------------|-----------|------------------------|-------|-----|-----------------|
| #0 | The University of Burgundy | has       | 9400 postgraduate students | -     | -   | -               |
| #1 | The University of Burgundy | employs   | 2900 staff members     | -     | -   | -               |"
reference1,126,The periapsis of 1147 Stavropolis is 260855000000.0.,"| id | sbj             | pred        | obj_d            | obj_i | sig | adv/cl/comp/sent |
|----|-----------------|-------------|------------------|-------|-----|------------------|
| #0 | 1147 Stavropolis | has periapsis | 260855000000.0 | -     | -   | -                |","| id | sbj             | pred      | obj_d             | obj_i | sig | adv/cl/comp/sent |
|----|-----------------|-----------|-------------------|-------|-----|------------------|
| #0 | 1147 Stavropolis | has periapsis | 260855000000.0 | -     | -   | -                |","| id | sbj | pred | obj_d | obj_i | sig | adv/cl/comp/sent |
| - | - | - | - | - | - | - |
| #0 | 1147 Stavropolis | has periapsis | 260855000000.0 | - | - | - |"
reference1,127,Bootleg Series Volume 1: The Quine Tapes was recorded in the United States.,"| id | sbj | pred | obj_d | obj_i | sig | adv/cl/comp/sent |
| - | - | - | - | - | - | - |
| #0 | Bootleg Series Volume 1: The Quine Tapes | was recorded | - | in the United States | - | - |","| id | sbj | pred | obj_d | obj_i | sig | adv/cl/comp/sent |
| - | - | - | - | - | - | - |
| #0 | Bootleg Series Volume 1: The Quine Tapes | was recorded | - | in the United States | - | - |","| id | sbj | pred | obj_d | obj_i | sig | adv/cl/comp/sent |
| -- | --- | ---- | ----- | ----- | --- | --------------- |
| #0 | Bootleg Series Volume 1: The Quine Tapes | was recorded | - | in the United States | - | - |"
reference1,128,The Acharya Institute of Technology is located in the state of Karnataka in the city of Bangalore.,"| id | sbj                         | pred    | obj_d | obj_i | sig | adv/cl/comp/sent             |
|----|-----------------------------|---------|-------|-------|-----|------------------------------|
| #0 | The Acharya Institute of Technology | is located | -     | in the state of Karnataka | in | the city of Bangalore |","| id | sbj                         | pred     | obj_d | obj_i | sig | adv/cl/comp/sent              |
|----|-----------------------------|----------|-------|-------|-----|-------------------------------|
| #0 | The Acharya Institute of Technology | is located | -     | in   | in the state of Karnataka     |
| #1 | The Acharya Institute of Technology | is located | -     | in   | in the city of Bangalore      |","| id | sbj                         | pred     | obj_d | obj_i | sig | adv/cl/comp/sent        |
|----|-----------------------------|----------|-------|-------|-----|-------------------------|
| #0 | The Acharya Institute of Technology | is located | -     | in  | -   | the state of Karnataka in the city of Bangalore |"
reference1,129,"Dr. G. P. Prabhukumar is the director of the Acharya Institute of Technology which is based in Bangalore. The All India Council for Technical Education which is located in Mumbai gave the institute Technical Campus status. The address for the campus is: Soldevanahalli, Acharya Dr. Sarvapalli Radhakrishnan Road, Hessarghatta Main Road, Bangalore - 560090.","# Output
| id | sbj | pred | obj_d | obj_i | sig | adv/cl/comp/sent |
| - | - | - | - | - | - | - |
| #0 | Dr. G. P. Prabhukumar | is | the director | of the Acharya Institute of Technology | - | - |
| #1 | the Acharya Institute of Technology | is based | - | in Bangalore | - | - |
| #2 | The All India Council for Technical Education | gave | Technical Campus status | to the institute | - | - |
| #3 | The All India Council for Technical Education | is located | - | in Mumbai | - | - |
| #4 | the campus | has address | Soldevanahalli, Acharya Dr. Sarvapalli Radhakrishnan Road, Hessarghatta Main Road, Bangalore - 560090 | - | - | - |","# Output
| id | sbj | pred | obj_d | obj_i | sig | adv/cl/comp/sent |
| - | - | - | - | - | - | - |
| #0 | Dr. G. P. Prabhukumar | is | the director | of the Acharya Institute of Technology | - | - |
| #1 | the Acharya Institute of Technology | is based | - | in Bangalore | - | - |
| #2 | The All India Council for Technical Education | gave | Technical Campus status | to the institute | - | - |
| #3 | The All India Council for Technical Education | is located | - | in Mumbai | - | - |
| #4 | the campus | has address | Soldevanahalli, Acharya Dr. Sarvapalli Radhakrishnan Road, Hessarghatta Main Road, Bangalore - 560090 | - | - | - |","# Output
| id | sbj | pred | obj_d | obj_i | sig | adv/cl/comp/sent |
| - | - | - | - | - | - | - |
| #0 | Dr. G. P. Prabhukumar | is the director of | the Acharya Institute of Technology | - | - | - |
| #1 | the Acharya Institute of Technology | is based | - | in Bangalore | - | - |
| #2 | The All India Council for Technical Education | gave | Technical Campus status | to the institute | - | - |
| #3 | The All India Council for Technical Education | is located | - | in Mumbai | - | - |
| #4 | the campus | has the address | Soldevanahalli, Acharya Dr. Sarvapalli Radhakrishnan Road, Hessarghatta Main Road, Bangalore - 560090 | - | - | - |"
reference1,130,"Nurhan Atasoy was born on January 1, 1934 in Turkey. He is a citizen of Turkey and one of his residence is located in Istanbul.","| id | sbj          | pred     | obj_d     | obj_i | sig | adv/cl/comp/sent        |
|----|--------------|----------|-----------|-------|-----|-------------------------|
| #0 | Nurhan Atasoy | was born  | -         | in Turkey | on | January 1, 1934       |
| #1 | Nurhan Atasoy | is       | a citizen | of Turkey | -  | -                      |
| #2 | Nurhan Atasoy | has      | a residence | -     | in | Istanbul               |
| #3 | Nurhan Atasoy | has      | a residence | -     | -  | one of his residence is located in Istanbul |","| id | sbj          | pred        | obj_d  | obj_i | sig | adv/cl/comp/sent        |
|----|--------------|-------------|--------|-------|-----|-------------------------|
| #0 | Nurhan Atasoy| was born     | -      | in    | on  | January 1, 1934         |
| #1 | Nurhan Atasoy| was born     | -      | in    | -   | Turkey                  |
| #2 | Nurhan Atasoy| is           | a citizen | of  | -   | Turkey                  |
| #3 | Nurhan Atasoy| has residence| -      | in    | -   | one of his residence is located in Istanbul |","| id | sbj          | pred        | obj_d    | obj_i | sig | adv/cl/comp/sent          |
|----|--------------|-------------|----------|-------|-----|---------------------------|
| #0 | Nurhan Atasoy | was born     | -        | in Turkey | on | January 1, 1934          |
| #1 | Nurhan Atasoy | is           | a citizen | of Turkey | - | -                        |
| #2 | Nurhan Atasoy | has residence | -        | in Istanbul | - | -                        |
| #3 | Nurhan Atasoy | is           | one of his residence | located in Istanbul | - | - |"
reference1,131,The Adolfo Suárez Madrid–Barajas Airport in Alcobendas is operated by ENAIRE which is based in the city of Madrid. The airport has an elevation of 610 metres above sea level and has a runway named 14L/32R.,"# Output
| id | sbj | pred | obj_d | obj_i | sig | adv/cl/comp/sent |
| - | - | - | - | - | - | - |
| #0 | The Adolfo Suárez Madrid–Barajas Airport | is located in | Alcobendas | - | - | - |
| #1 | The Adolfo Suárez Madrid–Barajas Airport | is operated by | ENAIRE | - | - | - |
| #2 | ENAIRE | is based in | the city of Madrid | - | - | - |
| #3 | The Adolfo Suárez Madrid–Barajas Airport | has | an elevation | - | of | 610 metres above sea level |
| #4 | The Adolfo Suárez Madrid–Barajas Airport | has | a runway | - | named | 14L/32R |","# Output
| id | sbj | pred | obj_d | obj_i | sig | adv/cl/comp/sent |
| - | - | - | - | - | - | - |
| #0 | The Adolfo Suárez Madrid–Barajas Airport | is located | in Alcobendas | - | - | - |
| #1 | The Adolfo Suárez Madrid–Barajas Airport | is operated | - | by ENAIRE | - | - |
| #2 | ENAIRE | is based | in the city of Madrid | - | - | - |
| #3 | The Adolfo Suárez Madrid–Barajas Airport | has | an elevation | - | of | 610 metres above sea level |
| #4 | The Adolfo Suárez Madrid–Barajas Airport | has | a runway | named 14L/32R | - | - |","# Output
| id | sbj | pred | obj_d | obj_i | sig | adv/cl/comp/sent |
| - | - | - | - | - | - | - |
| #0 | The Adolfo Suárez Madrid–Barajas Airport | is located in | Alcobendas | - | - | - |
| #1 | The Adolfo Suárez Madrid–Barajas Airport | is operated by | ENAIRE | - | - | - |
| #2 | ENAIRE | is based in | the city of Madrid | - | - | - |
| #3 | The Adolfo Suárez Madrid–Barajas Airport | has | an elevation | - | of | 610 metres above sea level |
| #4 | The Adolfo Suárez Madrid–Barajas Airport | has | a runway named 14L/32R | - | - | - |"
reference1,132,"The 11th Mississippi Infantry Monument is located in Adams County, Pennsylvania which is in United States.","| id | sbj                                     | pred   | obj_d | obj_i | sig | adv/cl/comp/sent               |
|----|-----------------------------------------|--------|-------|-------|-----|--------------------------------|
| #0 | The 11th Mississippi Infantry Monument  | is located | -     | in Adams County, Pennsylvania | -   | -                              |
| #1 | Adams County, Pennsylvania              | is in  | -     | United States                  | -   | -                              |","| id | sbj                                     | pred  | obj_d | obj_i | sig | adv/cl/comp/sent                |
|----|-----------------------------------------|-------|-------|-------|-----|---------------------------------|
| #0 | The 11th Mississippi Infantry Monument  | is located | -    | in Adams County, Pennsylvania | -   | -                               |
| #1 | Adams County, Pennsylvania              | is in | United States | -   | -   | -                               |","| id | sbj                                     | pred   | obj_d                                | obj_i | sig | adv/cl/comp/sent                |
|----|-----------------------------------------|--------|--------------------------------------|-------|-----|---------------------------------|
| #0 | The 11th Mississippi Infantry Monument  | is located | -                                  | in Adams County, Pennsylvania | -   | -                               |
| #1 | Adams County, Pennsylvania              | is     | -                                    | in    | the United States                | -                               |"
reference1,133,The University of Burgundy is located in Dijon. The school employs 2900 staff members and currently serves 1299 doctoral students.,"| id | sbj | pred | obj_d | obj_i | sig | adv/cl/comp/sent |
| - | - | - | - | - | - | - |
| #0 | The University of Burgundy | is located | - | in Dijon | - | - |
| #1 | The University of Burgundy | employs | 2900 staff members | - | - | - |
| #2 | The University of Burgundy | serves | 1299 doctoral students | - | currently | - |","| id | sbj                  | pred       | obj_d               | obj_i | sig | adv/cl/comp/sent |
|----|----------------------|------------|---------------------|-------|-----|------------------|
| #0 | The University of Burgundy | is located | -                   | in Dijon | -   | -                |
| #1 | The University of Burgundy | employs    | 2900 staff members | -     | -   | -                |
| #2 | The University of Burgundy | serves     | 1299 doctoral students | -   | -   | -                |","| id | sbj                    | pred     | obj_d                | obj_i | sig | adv/cl/comp/sent |
|----|------------------------|----------|----------------------|-------|-----|-----------------|
| #0 | The University of Burgundy | is located | -                    | in Dijon | -   | -               |
| #1 | The University of Burgundy | employs   | 2900 staff members   | -     | -   | -               |
| #2 | The University of Burgundy | serves    | 1299 doctoral students | -     | -   | -               |"
reference1,134,"The city of Bangalore, in Karnataka state, India, was founded by Kempe Gowda I, and is home to the Acharya Institute of Technology, a campus located at Soldevanahalli, Acharya Dr. Sarvapalli Radhakrishnan Road, Hessarghatta Main Road, Bangalore - 560090, directed by Dr. G.P. Prabhukumar, and proudly designated a Technical Campus by the All India Council for Technical Education of Mumbai.","# Output
| id | sbj | pred | obj_d | obj_i | sig | adv/cl/comp/sent |
| - | - | - | - | - | - | - |
| #0 | The city of Bangalore | was founded | - | by Kempe Gowda I | - | - |
| #1 | The city of Bangalore | is home to | the Acharya Institute of Technology | - | - | - |
| #2 | the Acharya Institute of Technology | is located at | Soldevanahalli, Acharya Dr. Sarvapalli Radhakrishnan Road, Hessarghatta Main Road, Bangalore - 560090 | - | - | - |
| #3 | Dr. G.P. Prabhukumar | directed | the Acharya Institute of Technology | - | - | - |
| #4 | the Acharya Institute of Technology | was designated | a Technical Campus | by the All India Council for Technical Education of Mumbai | proudly | - |
| #5 | The city of Bangalore | is in | Karnataka state, India | - | - | - |","# Output
| id | sbj | pred | obj_d | obj_i | sig | adv/cl/comp/sent |
| - | - | - | - | - | - | - |
| #0 | Bangalore | was founded | - | by Kempe Gowda I | - | - |
| #1 | Bangalore | is located in | Karnataka state, India | - | - | - |
| #2 | Bangalore | is home to | the Acharya Institute of Technology | - | - | - |
| #3 | the Acharya Institute of Technology | is located at | Soldevanahalli, Acharya Dr. Sarvapalli Radhakrishnan Road, Hessarghatta Main Road, Bangalore - 560090 | - | - | - |
| #4 | the Acharya Institute of Technology | is directed by | Dr. G.P. Prabhukumar | - | - | - |
| #5 | the Acharya Institute of Technology | is designated | a Technical Campus | by | the All India Council for Technical Education of Mumbai |
| #6 | the All India Council for Technical Education | is located in | Mumbai | - | - | - |","# Output
| id | sbj | pred | obj_d | obj_i | sig | adv/cl/comp/sent |
| - | - | - | - | - | - | - |
| #0 | Bangalore | was founded | - | by Kempe Gowda I | - | - |
| #1 | Bangalore | is located | in Karnataka state, India | - | - | - |
| #2 | Bangalore | is home to | the Acharya Institute of Technology | - | - | - |
| #3 | the Acharya Institute of Technology | is located | at Soldevanahalli, Acharya Dr. Sarvapalli Radhakrishnan Road, Hessarghatta Main Road, Bangalore - 560090 | - | - | - |
| #4 | the Acharya Institute of Technology | is directed | by Dr. G.P. Prabhukumar | - | - | - |
| #5 | the Acharya Institute of Technology | is designated | a Technical Campus | by | the All India Council for Technical Education of Mumbai |
| #6 | the Acharya Institute of Technology | is proudly designated | a Technical Campus | by | the All India Council for Technical Education of Mumbai |"
reference1,135,"Alan Shepard was an American, born November 18th, 1923 in New Hampshire and he died in California. He graduated from NWC with an M.A. in 1957 and was the Chief of the Astronaut Office in 1963.","| id | sbj          | pred           | obj_d | obj_i | sig  | adv/cl/comp/sent              |
|----|--------------|----------------|-------|-------|------|-------------------------------|
| #0 | Alan Shepard | was born       | -     | in    | on   | November 18th, 1923           |
| #1 | Alan Shepard | was born       | -     | in    | -    | New Hampshire                 |
| #2 | Alan Shepard | died           | -     | in    | -    | California                    |
| #3 | Alan Shepard | graduated      | -     | from  | with | an M.A. in 1957               |
| #4 | Alan Shepard | graduated      | -     | from  | -    | NWC                           |
| #5 | Alan Shepard | was            | Chief of the Astronaut Office | -    | in   | 1963                         |
| #6 | Alan Shepard | was            | an American | -    | -    | -                           |","| id | sbj         | pred         | obj_d   | obj_i | sig | adv/cl/comp/sent |
|----|-------------|--------------|---------|-------|-----|------------------|
| #0 | Alan Shepard | was born      | -       | in New Hampshire | on | November 18th, 1923 |
| #1 | Alan Shepard | died          | -       | in California | - | - |
| #2 | Alan Shepard | was           | an American | - | - | - |
| #3 | Alan Shepard | graduated     | -       | from NWC | with | an M.A. in 1957 |
| #4 | Alan Shepard | was the Chief | -       | of the Astronaut Office | in | 1963 |","| id | sbj          | pred         | obj_d | obj_i | sig | adv/cl/comp/sent        |
|----|--------------|--------------|-------|-------|-----|-------------------------|
| #0 | Alan Shepard | was born      | -     | in New Hampshire | on | November 18th, 1923 |
| #1 | Alan Shepard | died          | -     | in California    | -  | -                    |
| #2 | Alan Shepard | graduated     | -     | from NWC         | with | an M.A. in 1957    |
| #3 | Alan Shepard | was           | the Chief of the Astronaut Office | - | in | 1963           |
| #4 | Alan Shepard | was           | an American | - | - | -                        |"
reference1,136,The Bootleg Series Volume I: The Quine Tapes by The Velvet Underground was released by the record label Universal Music Group whose parent company is Vivendi. Lou Reed is a former member of the band The Velvet Underground.,"| id | sbj | pred | obj_d | obj_i | sig | adv/cl/comp/sent |
| - | - | - | - | - | - | - |
| #0 | The Bootleg Series Volume I: The Quine Tapes | was released by | The Velvet Underground | - | - | - |
| #1 | The Velvet Underground | was released | The Bootleg Series Volume I: The Quine Tapes | by | the record label Universal Music Group |
| #2 | Universal Music Group | has parent company | Vivendi | - | - | - |
| #3 | Lou Reed | is a former member of | the band | - | - | The Velvet Underground |","| id | sbj | pred | obj_d | obj_i | sig | adv/cl/comp/sent |
| - | - | - | - | - | - | - |
| #0 | The Bootleg Series Volume I: The Quine Tapes by The Velvet Underground | was released | - | by the record label Universal Music Group | - | - |
| #1 | the record label Universal Music Group | has parent company | Vivendi | - | - | - |
| #2 | Lou Reed | is a former member | - | of the band The Velvet Underground | - | - |","| id | sbj | pred | obj_d | obj_i | sig | adv/cl/comp/sent |
| - | - | - | - | - | - | - |
| #0 | The Bootleg Series Volume I: The Quine Tapes by The Velvet Underground | was released | - | by the record label Universal Music Group | - | - |
| #1 | the record label Universal Music Group | has parent company | Vivendi | - | - | - |
| #2 | Lou Reed | is a former member | - | of the band The Velvet Underground | - | - |"
reference1,137,"Nurhan Atasoy was born on January 1st, 1934, in Turkey. He is both of Turkish nationality and a Turkish citizen. Atasoy currently lives in Turkey. One of his residences was in Istanbul.","| id | sbj          | pred         | obj_d   | obj_i | sig | adv/cl/comp/sent       |
|----|--------------|--------------|---------|-------|-----|------------------------|
| #0 | Nurhan Atasoy | was born      | -       | in Turkey | on | January 1st, 1934      |
| #1 | Nurhan Atasoy | is            | of Turkish nationality | - | - | -                  |
| #2 | Nurhan Atasoy | is            | a Turkish citizen | - | - | -                    |
| #3 | Nurhan Atasoy | currently lives | -       | in Turkey | - | -                    |
| #4 | Nurhan Atasoy | had residence | -       | in Istanbul | - | -                    |
| #5 | Nurhan Atasoy | had residence | -       | in Turkey | - | -                    |","| id | sbj          | pred         | obj_d | obj_i | sig | adv/cl/comp/sent       |
|----|--------------|--------------|-------|-------|-----|------------------------|
| #0 | Nurhan Atasoy| was born      | -     | in Turkey | on | January 1st, 1934      |
| #1 | Nurhan Atasoy| is            | -     | of Turkish nationality | - | - |
| #2 | Nurhan Atasoy| is            | a Turkish citizen | - | - | - |
| #3 | Nurhan Atasoy| currently lives | -   | in Turkey | - | - |
| #4 | Nurhan Atasoy| had residence | -     | in Istanbul | - | - |","| id | sbj         | pred        | obj_d   | obj_i | sig | adv/cl/comp/sent          |
|----|-------------|-------------|---------|-------|-----|---------------------------|
| #0 | Nurhan Atasoy | was born    | -       | in Turkey | on | January 1st, 1934        |
| #1 | Nurhan Atasoy | is          | of Turkish nationality | -     | -   | -                       |
| #2 | Nurhan Atasoy | is          | a Turkish citizen | -     | -   | -                       |
| #3 | Nurhan Atasoy | currently lives | -       | in Turkey | -   | -                       |
| #4 | Nurhan Atasoy | had residence | -       | in Istanbul | -   | -                       |"
reference1,138,Expect a Miracle's runtime is 54.56.,"| id | sbj               | pred       | obj_d | obj_i | sig | adv/cl/comp/sent |
|----|-------------------|------------|-------|-------|-----|------------------|
| #0 | Expect a Miracle | has runtime | 54.56 | -     | -   | -                |","| id | sbj              | pred      | obj_d | obj_i | sig | adv/cl/comp/sent |
|----|------------------|-----------|-------|-------|-----|------------------|
| #0 | Expect a Miracle | has runtime | 54.56 | -     | -   | -                |","| id | sbj             | pred   | obj_d  | obj_i | sig | adv/cl/comp/sent |
|----|-----------------|--------|--------|-------|-----|------------------|
| #0 | Expect a Miracle | has runtime | 54.56 | -     | -   | -                |"
reference1,139,The Pontiac Rageous was only produced in the year 1997.,"| id | sbj             | pred        | obj_d | obj_i | sig | adv/cl/comp/sent       |
|----|-----------------|-------------|-------|-------|-----|------------------------|
| #0 | The Pontiac Rageous | was produced | -     | -     | in  | the year 1997          |","| id | sbj               | pred         | obj_d | obj_i | sig | adv/cl/comp/sent        |
|----|-------------------|--------------|-------|-------|-----|-------------------------|
| #0 | The Pontiac Rageous | was produced | -     | -     | in  | the year 1997           |","| id | sbj                | pred        | obj_d | obj_i | sig | adv/cl/comp/sent     |
|----|--------------------|-------------|-------|-------|-----|----------------------|
| #0 | The Pontiac Rageous | was produced | -     | -     | in  | the year 1997        |
| #1 | The Pontiac Rageous | was produced | only  | -     | in  | the year 1997        |"
reference1,140,"Super Capers, starring Justin Whalin, is a film written by Ray Griggs.","| id | sbj | pred | obj_d | obj_i | sig | adv/cl/comp/sent |
|----|-----|------|-------|-------|-----|-----------------|
| #0 | Super Capers | is | a film | - | - | - |
| #1 | Super Capers | stars | Justin Whalin | - | - | - |
| #2 | Ray Griggs | wrote | Super Capers | - | - | - |","| id | sbj | pred | obj_d | obj_i | sig | adv/cl/comp/sent |
|----|-----|------|-------|-------|-----|-----------------|
| #0 | Super Capers | is | a film | - | - | - |
| #1 | Super Capers | stars | Justin Whalin | - | - | - |
| #2 | Ray Griggs | wrote | Super Capers | - | - | - |","# Output
| id | sbj | pred | obj_d | obj_i | sig | adv/cl/comp/sent |
| - | - | - | - | - | - | - |
| #0 | Super Capers | is | a film | - | - | - |
| #1 | Super Capers | stars | Justin Whalin | - | - | - |
| #2 | Ray Griggs | wrote | Super Capers | - | - | - |"
reference1,141,"The Hobbit, which came before The Fellowship of the Ring, falls into the genres of high fantasy and juvenile fantasy. The Fellowship of the Ring, which was followed by The Two Towers, was written by J.R.R. Tolkien.","| id | sbj | pred | obj_d | obj_i | sig | adv/cl/comp/sent |
| - | - | - | - | - | - | - |
| #0 | The Hobbit | came before | The Fellowship of the Ring | - | - | - |
| #1 | The Hobbit | falls into | the genres of high fantasy and juvenile fantasy | - | - | - |
| #2 | The Fellowship of the Ring | was followed by | The Two Towers | - | - | - |
| #3 | The Fellowship of the Ring | was written by | J.R.R. Tolkien | - | - | - |","| id | sbj | pred | obj_d | obj_i | sig | adv/cl/comp/sent |
| - | - | - | - | - | - | - |
| #0 | The Hobbit | falls into | the genres of high fantasy and juvenile fantasy | - | - | - |
| #1 | The Hobbit | came before | The Fellowship of the Ring | - | - | - |
| #2 | The Fellowship of the Ring | was followed by | The Two Towers | - | - | - |
| #3 | The Fellowship of the Ring | was written by | J.R.R. Tolkien | - | - | - |","| id | sbj | pred | obj_d | obj_i | sig | adv/cl/comp/sent |
| - | - | - | - | - | - | - |
| #0 | The Hobbit | came before | The Fellowship of the Ring | - | - | - |
| #1 | The Hobbit | falls into | the genres of high fantasy and juvenile fantasy | - | - | - |
| #2 | The Fellowship of the Ring | was followed by | The Two Towers | - | - | - |
| #3 | The Fellowship of the Ring | was written by | J.R.R. Tolkien | - | - | - |"
reference1,142,"The Bedford Aerodrome, in Thurleigh, serves the Bedford Autodrome.","| id | sbj               | pred  | obj_d            | obj_i | sig | adv/cl/comp/sent |
|----|-------------------|-------|------------------|-------|-----|------------------|
| #0 | The Bedford Aerodrome | serves | the Bedford Autodrome | -     | in  | Thurleigh          |","| id | sbj               | pred  | obj_d            | obj_i | sig | adv/cl/comp/sent |
|----|-------------------|-------|------------------|-------|-----|------------------|
| #0 | The Bedford Aerodrome | serves | the Bedford Autodrome | -     | in  | Thurleigh           |","| id | sbj              | pred  | obj_d            | obj_i | sig | adv/cl/comp/sent |
|----|------------------|-------|------------------|-------|-----|------------------|
| #0 | The Bedford Aerodrome | serves | the Bedford Autodrome | -     | in  | Thurleigh          |"
reference1,143,Bionico (made from Granola) is a food from the region Jalisco in Mexico. The currency in Mexico is the Mexican peso inhabited by the Mexicans.,"| id | sbj | pred | obj_d | obj_i | sig | adv/cl/comp/sent |
| - | - | - | - | - | - | - |
| #0 | Bionico | is | a food | - | from | the region Jalisco in Mexico |
| #1 | Bionico | is made from | Granola | - | - | - |
| #2 | the currency in Mexico | is | the Mexican peso | - | - | - |
| #3 | the Mexican peso | is inhabited by | the Mexicans | - | - | - |","| id | sbj | pred | obj_d | obj_i | sig | adv/cl/comp/sent |
| - | - | - | - | - | - | - |
| #0 | Bionico | is made from | Granola | - | - | - |
| #1 | Bionico | is | a food | - | from | the region Jalisco in Mexico |
| #2 | The currency in Mexico | is | the Mexican peso | - | - | - |
| #3 | The Mexican peso | is inhabited by | the Mexicans | - | - | - |
| #4 | Mexico | is inhabited by | the Mexicans | - | - | - |","| id | sbj | pred | obj_d | obj_i | sig | adv/cl/comp/sent |
| - | - | - | - | - | - | - |
| #0 | Bionico | is made from | Granola | - | - | - |
| #1 | Bionico | is | a food | - | from | the region Jalisco in Mexico |
| #2 | The currency in Mexico | is | the Mexican peso | - | - | - |
| #3 | The Mexican peso | is inhabited by | the Mexicans | - | - | - |
| #4 | Mexico | is inhabited by | the Mexicans | - | - | - |"
reference1,144,Bionico is a dessert found in Mexico which is led by Enrique Pena Nieto.,"| id | sbj      | pred      | obj_d     | obj_i | sig  | adv/cl/comp/sent  |
|----|----------|-----------|-----------|-------|------|-------------------|
| #0 | Bionico  | is        | a dessert | -     | in   | Mexico            |
| #1 | Bionico  | is led by | -         | -     | -    | Enrique Pena Nieto |","| id | sbj | pred | obj_d | obj_i | sig | adv/cl/comp/sent |
|----|-----|------|-------|-------|-----|-----------------|
| #0 | Bionico | is a dessert | - | - | found in | Mexico |
| #1 | Mexico | is led | - | by | Enrique Pena Nieto |","| id | sbj   | pred   | obj_d    | obj_i | sig  | adv/cl/comp/sent         |
|----|-------|--------|----------|-------|------|--------------------------|
| #0 | Bionico | is     | a dessert | -     | in   | Mexico                   |
| #1 | Mexico | is led | -         | by    | Enrique Pena Nieto         |"
reference1,145,"The University of Burgundy is located in Dijon, France.","| id | sbj                    | pred    | obj_d | obj_i | sig | adv/cl/comp/sent |
|----|------------------------|---------|-------|-------|-----|-----------------|
| #0 | The University of Burgundy | is located | -     | in Dijon, France | -   | -               |","| id | sbj                  | pred    | obj_d | obj_i | sig | adv/cl/comp/sent |
|----|----------------------|---------|-------|-------|-----|-----------------|
| #0 | The University of Burgundy | is located | -     | in Dijon, France | -   | -               |","| id | sbj                   | pred    | obj_d | obj_i | sig | adv/cl/comp/sent      |
|----|-----------------------|---------|-------|-------|-----|-----------------------|
| #0 | The University of Burgundy | is located | -     | in Dijon, France | -   | -                     |"
reference1,146,"Andrew Rayel, who is associated with the musician Jwaydan Moyine, has performed the genre of Trance music.","| id | sbj         | pred       | obj_d       | obj_i | sig | adv/cl/comp/sent |
|----|-------------|------------|-------------|-------|-----|------------------|
| #0 | Andrew Rayel | is associated with | Jwaydan Moyine | -     | -   | -                |
| #1 | Andrew Rayel | has performed | the genre of Trance music | -     | -   | -                |
| #2 | Jwaydan Moyine | is a musician | - | -     | -   | -                |","| id | sbj          | pred        | obj_d       | obj_i | sig | adv/cl/comp/sent |
|----|--------------|-------------|-------------|-------|-----|------------------|
| #0 | Andrew Rayel | is associated with | Jwaydan Moyine | -     | -   | -                |
| #1 | Andrew Rayel | has performed | Trance music | -     | -   | -                |
| #2 | Jwaydan Moyine | is a musician | -           | -     | -   | -                |","# Output
| id | sbj         | pred         | obj_d | obj_i | sig | adv/cl/comp/sent |
|----|-------------|--------------|-------|-------|-----|------------------|
| #0 | Andrew Rayel | is associated | -     | with  | #1  |
| #1 | Andrew Rayel | has associate | Jwaydan Moyine | - | - | - |
| #2 | Andrew Rayel | has performed | Trance music | - | - | - |"
reference1,147,"S.A. corporation Hypermarcas, which was founded on January 1st, 2001, has a subsidiary called Mantecorp.","# Output
| id | sbj          | pred      | obj_d     | obj_i | sig | adv/cl/comp/sent |
|----|--------------|-----------|-----------|-------|-----|------------------|
| #0 | Hypermarcas  | was founded | -         | -     | on  | January 1st, 2001 |
| #1 | Hypermarcas  | has subsidiary | Mantecorp | -     | -   | -                |","# Output
| id | sbj          | pred        | obj_d     | obj_i | sig | adv/cl/comp/sent |
|----|--------------|-------------|-----------|-------|-----|------------------|
| #0 | Hypermarcas  | was founded | -         | -     | on  | January 1st, 2001 |
| #1 | Hypermarcas  | has         | subsidiary | -     | -   | -                |
| #2 | subsidiary   | is called   | Mantecorp | -     | -   | -                |","# Output
| id | sbj | pred | obj_d | obj_i | sig | adv/cl/comp/sent |
| - | - | - | - | - | - | - |
| #0 | Hypermarcas | was founded | - | - | on | January 1st, 2001 |
| #1 | Hypermarcas | has | Mantecorp | as a subsidiary | - | - |"
reference1,148,"1147 Stavropolis, an asteroid with a magnitude of 11.5, was discovered by Grigory Neujmin on June 11, 1929. The asteroid has a periapsis of 260855000000.0 and an apoapsis of 418476000000.0. The orbital period of 1147 Stavropolis is 1249.6 days and the rotation period is 20378.5.","| id | sbj | pred | obj_d | obj_i | sig | adv/cl/comp/sent |
|----|-----|------|-------|-------|-----|------------------|
| #0 | 1147 Stavropolis | was discovered | - | by Grigory Neujmin | on | June 11, 1929 |
| #1 | 1147 Stavropolis | has | a magnitude of 11.5 | - | - | - |
| #2 | 1147 Stavropolis | has | a periapsis | of 260855000000.0 | - | - |
| #3 | 1147 Stavropolis | has | an apoapsis | of 418476000000.0 | - | - |
| #4 | 1147 Stavropolis | has | an orbital period | of 1249.6 days | - | - |
| #5 | 1147 Stavropolis | has | a rotation period | of 20378.5 | - | - |","| id | sbj | pred | obj_d | obj_i | sig | adv/cl/comp/sent |
| - | - | - | - | - | - | - |
| #0 | 1147 Stavropolis | was discovered | - | by Grigory Neujmin | on | June 11, 1929 |
| #1 | 1147 Stavropolis | has | a magnitude of 11.5 | - | - | - |
| #2 | 1147 Stavropolis | has | a periapsis of 260855000000.0 | - | - | - |
| #3 | 1147 Stavropolis | has | an apoapsis of 418476000000.0 | - | - | - |
| #4 | 1147 Stavropolis | has | an orbital period of 1249.6 days | - | - | - |
| #5 | 1147 Stavropolis | has | a rotation period of 20378.5 | - | - | - |","| id | sbj | pred | obj_d | obj_i | sig | adv/cl/comp/sent |
| - | - | - | - | - | - | - |
| #0 | 1147 Stavropolis | was discovered | - | by Grigory Neujmin | on | June 11, 1929 |
| #1 | 1147 Stavropolis | has | a magnitude of 11.5 | - | - | - |
| #2 | 1147 Stavropolis | has | a periapsis of 260855000000.0 | - | - | - |
| #3 | 1147 Stavropolis | has | an apoapsis of 418476000000.0 | - | - | - |
| #4 | 1147 Stavropolis | has | an orbital period of 1249.6 days | - | - | - |
| #5 | 1147 Stavropolis | has | a rotation period of 20378.5 | - | - | - |"
reference1,149,"In Ciudad Ayala, a Mexican city and part of Morelos, the leader is called the governator.","| id | sbj             | pred  | obj_d | obj_i | sig | adv/cl/comp/sent |
|----|-----------------|-------|-------|-------|-----|------------------|
| #0 | Ciudad Ayala    | is    | a city | -    | -   | -                |
| #1 | Ciudad Ayala    | is part of | Morelos | -  | -   | -                |
| #2 | the leader of Ciudad Ayala | is called | the governator | - | - | - |","| id | sbj | pred | obj_d | obj_i | sig | adv/cl/comp/sent |
| - | - | - | - | - | - | - |
| #0 | Ciudad Ayala | is | a Mexican city | - | - | - |
| #1 | Ciudad Ayala | is part of | Morelos | - | - | - |
| #2 | the leader | is called | the governator | in Ciudad Ayala | - | - |","| id | sbj | pred | obj_d | obj_i | sig | adv/cl/comp/sent |
|----|-----|------|-------|-------|-----|-----------------|
| #0 | Ciudad Ayala | is | a Mexican city | - | - | - |
| #1 | Ciudad Ayala | is part of | Morelos | - | - | - |
| #2 | the leader | is called | the governator | in Ciudad Ayala | - | - |"
reference1,150,"The University of Burgundy, located in the city of Dijon, has a staff of 2900 members and an enrollment of 27400 students, 16800 of which are undergraduate students and 1299 which are doctoral students.","# Output
| id | sbj                        | pred        | obj_d  | obj_i | sig    | adv/cl/comp/sent           |
|----|----------------------------|-------------|--------|-------|--------|----------------------------|
| #0 | The University of Burgundy | is located  | -      | in    | -      | the city of Dijon          |
| #1 | The University of Burgundy | has         | a staff| -     | of     | 2900 members               |
| #2 | The University of Burgundy | has         | an enrollment| - | of  | 27400 students             |
| #3 | The University of Burgundy | has         | undergraduate students | - | - | 16800 |
| #4 | The University of Burgundy | has         | doctoral students | - | - | 1299 |","# Output
| id | sbj | pred | obj_d | obj_i | sig | adv/cl/comp/sent |
| - | - | - | - | - | - | - |
| #0 | The University of Burgundy | is located | - | in the city of Dijon | - | - |
| #1 | The University of Burgundy | has | a staff of 2900 members | - | - | - |
| #2 | The University of Burgundy | has | an enrollment of 27400 students | - | - | - |
| #3 | The University of Burgundy | has | 16800 undergraduate students | - | of | the enrollment |
| #4 | The University of Burgundy | has | 1299 doctoral students | - | of | the enrollment |","# Output
| id | sbj | pred | obj_d | obj_i | sig | adv/cl/comp/sent |
| - | - | - | - | - | - | - |
| #0 | The University of Burgundy | is located | - | in the city of Dijon | - | - |
| #1 | The University of Burgundy | has | a staff of 2900 members | - | - | - |
| #2 | The University of Burgundy | has | an enrollment of 27400 students | - | - | - |
| #3 | The University of Burgundy | has | 16800 undergraduate students | - | as part of | an enrollment of 27400 students |
| #4 | The University of Burgundy | has | 1299 doctoral students | - | as part of | an enrollment of 27400 students |"
reference1,151,"Piotr Hallmann, who weighs 70.308kg, was born in Gdynia, Poland. Gdynia is a city in Poland and is in the Central European Summer timezone.","| id | sbj          | pred       | obj_d | obj_i | sig | adv/cl/comp/sent          |
|----|--------------|------------|-------|-------|-----|---------------------------|
| #0 | Piotr Hallmann | weighs     | 70.308kg | -     | -   | -                         |
| #1 | Piotr Hallmann | was born   | -     | in Gdynia, Poland | -   | -                         |
| #2 | Gdynia        | is a city  | -     | in Poland | -   | -                         |
| #3 | Gdynia        | is in      | the Central European Summer timezone | -     | -   | -                         |","| id | sbj           | pred       | obj_d | obj_i | sig | adv/cl/comp/sent         |
|----|---------------|------------|-------|-------|-----|--------------------------|
| #0 | Piotr Hallmann| weighs     | 70.308kg | -   | -   | -                        |
| #1 | Piotr Hallmann| was born   | -     | in Gdynia, Poland | -   | -                |
| #2 | Gdynia        | is a city  | -     | in Poland | -   | -                      |
| #3 | Gdynia        | is in      | the Central European Summer timezone | - | -   | - |","| id | sbj | pred | obj_d | obj_i | sig | adv/cl/comp/sent |
|----|-----|------|-------|-------|-----|------------------|
| #0 | Piotr Hallmann | was born | - | in Gdynia, Poland | - | - |
| #1 | Piotr Hallmann | weighs | 70.308kg | - | - | - |
| #2 | Gdynia | is a city | - | in Poland | - | - |
| #3 | Gdynia | is | - | in the Central European Summer timezone | - | - |
| #4 | Gdynia | is in | Poland | - | - | - |"
reference1,152,"Nurhan Atasoy, who is of Turkish nationality, was born on the date 1934.01-01.","| id | sbj          | pred     | obj_d | obj_i | sig | adv/cl/comp/sent |
|----|--------------|----------|-------|-------|-----|------------------|
| #0 | Nurhan Atasoy | was born | -     | on    | -   | the date 1934.01-01 |
| #1 | Nurhan Atasoy | is       | of Turkish nationality | - | - | - |","| id | sbj          | pred  | obj_d | obj_i | sig | adv/cl/comp/sent |
|----|--------------|-------|-------|-------|-----|------------------|
| #0 | Nurhan Atasoy | was born | -     | on   | -   | the date 1934.01-01 |
| #1 | Nurhan Atasoy | is     | -     | of   | -   | Turkish nationality |","| id | sbj          | pred   | obj_d | obj_i | sig | adv/cl/comp/sent |
|----|--------------|--------|-------|-------|-----|------------------|
| #0 | Nurhan Atasoy | was born | -     | on   | -   | the date 1934.01-01 |
| #1 | Nurhan Atasoy | is      | -     | of   | -   | Turkish nationality |"
reference1,153,Agremiacao Sportiva Arapiraquense's ground is the Estadio Municipal Coaracy da Mata Fonseca (located in Arapiraca) & the club has 17000 members.Agremiação Sportiva Arapiraquense play in the Campeonato Brasileiro Série C league in Brazil.,"| id | sbj | pred | obj_d | obj_i | sig | adv/cl/comp/sent |
| - | - | - | - | - | - | - |
| #0 | Agremiacao Sportiva Arapiraquense | has ground | the Estadio Municipal Coaracy da Mata Fonseca | - | - | - |
| #1 | the Estadio Municipal Coaracy da Mata Fonseca | is located | - | in Arapiraca | - | - |
| #2 | Agremiacao Sportiva Arapiraquense | has | 17000 members | - | - | - |
| #3 | Agremiacao Sportiva Arapiraquense | play | - | in the Campeonato Brasileiro Série C league | - | in Brazil |","| id | sbj | pred | obj_d | obj_i | sig | adv/cl/comp/sent |
| - | - | - | - | - | - | - |
| #0 | Agremiacao Sportiva Arapiraquense | has ground | the Estadio Municipal Coaracy da Mata Fonseca | - | - | - |
| #1 | the Estadio Municipal Coaracy da Mata Fonseca | is located | - | in Arapiraca | - | - |
| #2 | Agremiacao Sportiva Arapiraquense | has | 17000 members | - | - | - |
| #3 | Agremiacao Sportiva Arapiraquense | play | - | in the Campeonato Brasileiro Série C league | - | in Brazil |","| id | sbj | pred | obj_d | obj_i | sig | adv/cl/comp/sent |
| - | - | - | - | - | - | - |
| #0 | Agremiação Sportiva Arapiraquense | has ground | the Estadio Municipal Coaracy da Mata Fonseca | - | - | - |
| #1 | the Estadio Municipal Coaracy da Mata Fonseca | is located | - | in Arapiraca | - | - |
| #2 | Agremiação Sportiva Arapiraquense | has | 17000 members | - | - | - |
| #3 | Agremiação Sportiva Arapiraquense | play | - | in the Campeonato Brasileiro Série C league | in | Brazil |"
reference1,155,Andrzej Piotr Ruszczynski is known for stochastic programming.,"| id | sbj                   | pred    | obj_d                | obj_i | sig | adv/cl/comp/sent |
|----|-----------------------|---------|----------------------|-------|-----|------------------|
| #0 | Andrzej Piotr Ruszczynski | is known | for stochastic programming | -     | -   | -                |","| id | sbj                   | pred    | obj_d                | obj_i | sig | adv/cl/comp/sent |
|----|-----------------------|---------|----------------------|-------|-----|------------------|
| #0 | Andrzej Piotr Ruszczynski | is known | for stochastic programming | -     | -   | -                |","| id | sbj                    | pred        | obj_d                | obj_i | sig | adv/cl/comp/sent |
|----|------------------------|-------------|----------------------|-------|-----|------------------|
| #0 | Andrzej Piotr Ruszczynski | is known for | stochastic programming | -     | -   | -                |"
reference1,156,The Year of No Light album Live at Roadburn 2008 had been produced by Roadburn Festival.,"| id | sbj | pred | obj_d | obj_i | sig | adv/cl/comp/sent |
| - | - | - | - | - | - | - |
| #0 | The Year of No Light album Live at Roadburn 2008 | had been produced | - | by Roadburn Festival | - | - |","| id | sbj | pred | obj_d | obj_i | sig | adv/cl/comp/sent |
|----|-----|------|-------|-------|-----|-----------------|
| #0 | The Year of No Light album Live at Roadburn 2008 | had been produced | - | by Roadburn Festival | - | - |","| id | sbj | pred | obj_d | obj_i | sig | adv/cl/comp/sent |
|----|-----|------|-------|-------|-----|-----------------|
| #0 | The Year of No Light album Live at Roadburn 2008 | had been produced | - | by Roadburn Festival | - | - |"
reference1,157,"The Train song Mermaid, written by Pat Monahan and produced by the Espionage production team, is followed by the John Lennon song Imagine.","| id | sbj | pred | obj_d | obj_i | sig | adv/cl/comp/sent |
|----|-----|------|-------|-------|-----|-----------------|
| #0 | The Train song Mermaid | was written | - | by Pat Monahan | - | - |
| #1 | The Train song Mermaid | was produced | - | by the Espionage production team | - | - |
| #2 | The Train song Mermaid | is followed | by the John Lennon song Imagine | - | - | - |
| #3 | The John Lennon song Imagine | - | - | - | - | - |","| id | sbj | pred | obj_d | obj_i | sig | adv/cl/comp/sent |
| - | - | - | - | - | - | - |
| #0 | The Train song Mermaid | was written | - | by Pat Monahan | - | - |
| #1 | The Train song Mermaid | was produced | - | by the Espionage production team | - | - |
| #2 | The Train song Mermaid | is followed | by the John Lennon song Imagine | - | - | - |","| id | sbj | pred | obj_d | obj_i | sig | adv/cl/comp/sent |
| - | - | - | - | - | - | - |
| #0 | The Train song Mermaid | was written | - | by Pat Monahan | - | - |
| #1 | The Train song Mermaid | was produced | - | by the Espionage production team | - | - |
| #2 | The Train song Mermaid | is followed | by the John Lennon song Imagine | - | - | - |"
reference1,158,Acharya Institute of Technology in Bangalore received the Technical Campus status by the All India Council for Technical Education and has an affiliation with Visvesvaraya Technological University.,"| id | sbj | pred | obj_d | obj_i | sig | adv/cl/comp/sent |
|----|-----|------|-------|-------|-----|-----------------|
| #0 | Acharya Institute of Technology in Bangalore | received | the Technical Campus status | by the All India Council for Technical Education | - | - |
| #1 | Acharya Institute of Technology in Bangalore | has | an affiliation | with Visvesvaraya Technological University | - | - |","| id | sbj | pred | obj_d | obj_i | sig | adv/cl/comp/sent |
|----|-----|------|-------|-------|-----|-----------------|
| #0 | Acharya Institute of Technology | is located in | Bangalore | - | - | - |
| #1 | Acharya Institute of Technology | received | the Technical Campus status | by the All India Council for Technical Education | - | - |
| #2 | Acharya Institute of Technology | has | an affiliation | with Visvesvaraya Technological University | - | - |","| id | sbj | pred | obj_d | obj_i | sig | adv/cl/comp/sent |
|----|-----|------|-------|-------|-----|-----------------|
| #0 | Acharya Institute of Technology | received | the Technical Campus status | by the All India Council for Technical Education | - | - |
| #1 | Acharya Institute of Technology | is located | - | in Bangalore | - | - |
| #2 | Acharya Institute of Technology | has | an affiliation | with Visvesvaraya Technological University | - | - |"
reference1,159,"Acharya Institute of Technology was given the Technical Campus status by the All India Council for Technical Education and is affiliated to Visvesvaraya Technological University. The All India Council for Technical Education is located in Mumbai and The Acharya Institute of Technology campus is located in Soldevanahalli, Acharya Dr. Sarvapalli Radhakrishnan Road, Hessarghatta Main Road, Bangalore – 560090 which is in Bangalore.","| id | sbj | pred | obj_d | obj_i | sig | adv/cl/comp/sent |
| - | - | - | - | - | - | - |
| #0 | Acharya Institute of Technology | was given | the Technical Campus status | by the All India Council for Technical Education | - | - |
| #1 | Acharya Institute of Technology | is affiliated | - | to Visvesvaraya Technological University | - | - |
| #2 | The All India Council for Technical Education | is located | - | in Mumbai | - | - |
| #3 | The Acharya Institute of Technology campus | is located | - | in Soldevanahalli, Acharya Dr. Sarvapalli Radhakrishnan Road, Hessarghatta Main Road, Bangalore – 560090 | - | - |
| #4 | Soldevanahalli, Acharya Dr. Sarvapalli Radhakrishnan Road, Hessarghatta Main Road, Bangalore – 560090 | is in | Bangalore | - | - | - |","| id | sbj | pred | obj_d | obj_i | sig | adv/cl/comp/sent |
| - | - | - | - | - | - | - |
| #0 | Acharya Institute of Technology | was given | the Technical Campus status | by the All India Council for Technical Education | - | - |
| #1 | Acharya Institute of Technology | is affiliated | - | to Visvesvaraya Technological University | - | - |
| #2 | The All India Council for Technical Education | is located | - | in Mumbai | - | - |
| #3 | The Acharya Institute of Technology campus | is located | - | in Soldevanahalli, Acharya Dr. Sarvapalli Radhakrishnan Road, Hessarghatta Main Road, Bangalore – 560090 | - | - |
| #4 | Soldevanahalli, Acharya Dr. Sarvapalli Radhakrishnan Road, Hessarghatta Main Road, Bangalore – 560090 | is | - | in Bangalore | - | - |","| id | sbj | pred | obj_d | obj_i | sig | adv/cl/comp/sent |
| - | - | - | - | - | - | - |
| #0 | Acharya Institute of Technology | was given | the Technical Campus status | by the All India Council for Technical Education | - | - |
| #1 | Acharya Institute of Technology | is affiliated | - | to Visvesvaraya Technological University | - | - |
| #2 | The All India Council for Technical Education | is located | - | in Mumbai | - | - |
| #3 | The Acharya Institute of Technology campus | is located | - | in Soldevanahalli, Acharya Dr. Sarvapalli Radhakrishnan Road, Hessarghatta Main Road, Bangalore – 560090 | - | - |
| #4 | Soldevanahalli, Acharya Dr. Sarvapalli Radhakrishnan Road, Hessarghatta Main Road, Bangalore – 560090 | is in | Bangalore | - | - | - |"
reference1,160,One of the leaders of Ciudad Ayala is the City Manager.,"| id | sbj | pred | obj_d | obj_i | sig | adv/cl/comp/sent |
|----|-----|------|-------|-------|-----|-----------------|
| #0 | One of the leaders of Ciudad Ayala | is | the City Manager | - | - | - |","| id | sbj | pred | obj_d | obj_i | sig | adv/cl/comp/sent |
| - | - | - | - | - | - | - |
| #0 | One of the leaders of Ciudad Ayala | is | the City Manager | - | - | - |","| id | sbj | pred | obj_d | obj_i | sig | adv/cl/comp/sent |
| - | - | - | - | - | - | - |
| #0 | One of the leaders of Ciudad Ayala | is | the City Manager | - | - | - |"
reference1,161,The Pontiac Rageous is manufactured by Pontiac and was first produced in 1997. Pontiac was first founded in the United States and the successor to Pontiac is Buick.,"| id | sbj              | pred            | obj_d     | obj_i | sig | adv/cl/comp/sent      |
|----|------------------|-----------------|-----------|-------|-----|-----------------------|
| #0 | The Pontiac Rageous | is manufactured | -         | by Pontiac | -   | -                     |
| #1 | The Pontiac Rageous | was first produced | -     | -     | in  | 1997                    |
| #2 | Pontiac          | was first founded | -         | in the United States | -   | -               |
| #3 | Pontiac          | has successor    | Buick     | -     | -   | -                       |","| id | sbj             | pred           | obj_d       | obj_i | sig | adv/cl/comp/sent |
|----|-----------------|----------------|-------------|-------|-----|------------------|
| #0 | The Pontiac Rageous | is manufactured | by Pontiac   | -     | -   | -                |
| #1 | The Pontiac Rageous | was first produced | -           | in   | 1997| -                |
| #2 | Pontiac          | was founded    | -           | in    | the United States | - |
| #3 | Pontiac          | has successor  | Buick       | -     | -   | -                |","| id | sbj             | pred             | obj_d     | obj_i | sig | adv/cl/comp/sent |
|----|-----------------|------------------|-----------|-------|-----|------------------|
| #0 | The Pontiac Rageous | is manufactured | -         | by Pontiac | -   | -                |
| #1 | The Pontiac Rageous | was first produced | -      | -     | in  | 1997              |
| #2 | Pontiac         | was first founded | -         | in the United States | -   | -                |
| #3 | Pontiac         | has successor     | Buick     | -     | -   | -                |"
reference1,162,"New Jersey has an area of water that is 3,544.04.","| id | sbj       | pred     | obj_d | obj_i | sig | adv/cl/comp/sent |
|----|-----------|----------|-------|-------|-----|------------------|
| #0 | New Jersey | has an area of water | 3,544.04 | - | - | - |","| id | sbj       | pred      | obj_d | obj_i | sig | adv/cl/comp/sent |
|----|-----------|-----------|-------|-------|-----|------------------|
| #0 | New Jersey | has an area of water | 3,544.04 square kilometers | - | - | - |","| id | sbj       | pred | obj_d | obj_i | sig | adv/cl/comp/sent |
|----|-----------|------|-------|-------|-----|------------------|
| #0 | New Jersey | has an area of water | 3,544.04 | - | - | - |"
reference1,163,Ciudad Ayala has a UTC offset of -6 and is a city in Mexico.,"| id | sbj          | pred         | obj_d | obj_i | sig | adv/cl/comp/sent   |
|----|--------------|--------------|-------|-------|-----|--------------------|
| #0 | Ciudad Ayala | has          | -     | -     | a   | UTC offset of -6   |
| #1 | Ciudad Ayala | is           | a city| -     | in  | Mexico             |","| id | sbj         | pred        | obj_d | obj_i | sig | adv/cl/comp/sent       |
|----|-------------|-------------|-------|-------|-----|------------------------|
| #0 | Ciudad Ayala | has         | a UTC offset of -6 | -     | -   | -                      |
| #1 | Ciudad Ayala | is          | a city | -     | in  | Mexico                |","| id | sbj         | pred        | obj_d | obj_i | sig | adv/cl/comp/sent |
|----|-------------|-------------|-------|-------|-----|------------------|
| #0 | Ciudad Ayala | has         | a UTC offset of -6 | -     | -   | -                |
| #1 | Ciudad Ayala | is          | a city | in Mexico | -   | -                |"
reference1,164,"Anatole de Grunwald, the producer of English Without Tears, was born in Saint Petersburg.","| id | sbj                | pred    | obj_d | obj_i | sig | adv/cl/comp/sent            |
|----|--------------------|---------|-------|-------|-----|-----------------------------|
| #0 | Anatole de Grunwald | was born | -     | in    | -   | Saint Petersburg            |
| #1 | Anatole de Grunwald | is the producer | of English Without Tears | - | - | - |","| id | sbj               | pred     | obj_d                | obj_i | sig | adv/cl/comp/sent      |
|----|-------------------|----------|----------------------|-------|-----|-----------------------|
| #0 | Anatole de Grunwald | was born | -                    | in Saint Petersburg | -   | -                     |
| #1 | Anatole de Grunwald | is the producer | of English Without Tears | -     | -   | -                     |","| id | sbj               | pred        | obj_d                 | obj_i | sig | adv/cl/comp/sent |
|----|-------------------|-------------|-----------------------|-------|-----|------------------|
| #0 | Anatole de Grunwald | was born    | -                     | in Saint Petersburg | -   | -                |
| #1 | Anatole de Grunwald | is producer | of English Without Tears | -     | -   | -                |"
reference1,165,The Bootleg Series Volume I: The Quine Tapes is a rock album recorded in San Francisco and released under the label Polydor Records. It was preceded by the album Squeeze.,"| id | sbj | pred | obj_d | obj_i | sig | adv/cl/comp/sent |
| - | - | - | - | - | - | - |
| #0 | The Bootleg Series Volume I: The Quine Tapes | is | a rock album | - | - | - |
| #1 | The Bootleg Series Volume I: The Quine Tapes | was recorded | - | in San Francisco | - | - |
| #2 | The Bootleg Series Volume I: The Quine Tapes | was released | - | under the label Polydor Records | - | - |
| #3 | The Bootleg Series Volume I: The Quine Tapes | was preceded | by the album Squeeze | - | - | - |","| id | sbj | pred | obj_d | obj_i | sig | adv/cl/comp/sent |
| - | - | - | - | - | - | - |
| #0 | The Bootleg Series Volume I: The Quine Tapes | is | a rock album | - | - | - |
| #1 | The Bootleg Series Volume I: The Quine Tapes | was recorded | - | in San Francisco | - | - |
| #2 | The Bootleg Series Volume I: The Quine Tapes | was released | - | under the label Polydor Records | - | - |
| #3 | The Bootleg Series Volume I: The Quine Tapes | was preceded | by the album Squeeze | - | - | - |","| id | sbj | pred | obj_d | obj_i | sig | adv/cl/comp/sent |
| - | - | - | - | - | - | - |
| #0 | The Bootleg Series Volume I: The Quine Tapes | is | a rock album | - | - | - |
| #1 | The Bootleg Series Volume I: The Quine Tapes | was recorded | - | in San Francisco | - | - |
| #2 | The Bootleg Series Volume I: The Quine Tapes | was released | - | under | the label Polydor Records |
| #3 | The Bootleg Series Volume I: The Quine Tapes | was preceded by | the album Squeeze | - | - | - |"
reference1,166,“eng” is the ISO 639-2 code for the English language.,"| id | sbj | pred | obj_d | obj_i | sig | adv/cl/comp/sent |
|----|-----|------|-------|-------|-----|------------------|
| #0 | ""eng"" | is | the ISO 639-2 code | for the English language | - | - |","| id | sbj | pred | is | obj_d | obj_i | sig | adv/cl/comp/sent |
|----|-----|------|----|-------|-------|-----|-----------------|
| #0 | “eng” | is the ISO 639-2 code | for | the English language | - | - | - |","| id | sbj | pred | is | obj_d | obj_i | sig | adv/cl/comp/sent |
|----|-----|------|----|-------|-------|-----|-----------------|
| #0 | “eng” | is the ISO 639-2 code | for | the English language | - | - | - |"
reference1,167,"Hypermarcas employs 10,252 people.","| id | sbj        | pred   | obj_d | obj_i | sig | adv/cl/comp/sent |
|----|------------|--------|-------|-------|-----|-----------------|
| #0 | Hypermarcas | employs | 10,252 people | -     | -   | -               |","| id | sbj        | pred   | obj_d | obj_i | sig | adv/cl/comp/sent |
|----|------------|--------|-------|-------|-----|------------------|
| #0 | Hypermarcas | employs | 10,252 people | -    | -   | -                |","| id | sbj        | pred   | obj_d | obj_i | sig | adv/cl/comp/sent |
|----|------------|--------|-------|-------|-----|------------------|
| #0 | Hypermarcas | employs | 10,252 people | -    | -   | -                |"
reference1,168,"The 11th Mississippi Infantry Monument was established in 2000 in Adams County, Pennsylvania which is south to the Cumberland county, Pennsylvania.","# Output
| id | sbj                                     | pred        | obj_d                                  | obj_i | sig   | adv/cl/comp/sent                       |
|----|-----------------------------------------|-------------|----------------------------------------|-------|-------|---------------------------------------|
| #0 | The 11th Mississippi Infantry Monument  | was established | -                                      | in Adams County, Pennsylvania | in     | 2000                                    |
| #1 | Adams County, Pennsylvania              | is           | -                                      | south to Cumberland county, Pennsylvania | -     | -                                       |","| id | sbj                                      | pred        | obj_d                                | obj_i | sig  | adv/cl/comp/sent                     |
|----|------------------------------------------|-------------|--------------------------------------|-------|------|--------------------------------------|
| #0 | The 11th Mississippi Infantry Monument   | was established | -                                    | in Adams County, Pennsylvania | in   | 2000                                   |
| #1 | Adams County, Pennsylvania               | is          | -                                    | south to Cumberland County, Pennsylvania | -    | -                                    |","| id | sbj                                      | pred       | obj_d                                    | obj_i | sig   | adv/cl/comp/sent                         |
|----|------------------------------------------|------------|------------------------------------------|-------|-------|------------------------------------------|
| #0 | The 11th Mississippi Infantry Monument   | was established | -                                        | in Adams County, Pennsylvania | in    | 2000                                       |
| #1 | Adams County, Pennsylvania               | is         | -                                        | south to Cumberland county, Pennsylvania | -     | -                                        |"
reference1,169,Brandon Carter was born in England and graduated from the University of Cambridge where the current Chancellor is Leszek Borysiewicz.,"| id | sbj           | pred      | obj_d        | obj_i | sig  | adv/cl/comp/sent |
|----|---------------|-----------|--------------|-------|------|------------------|
| #0 | Brandon Carter | was born  | -            | in England | -    | -                |
| #1 | Brandon Carter | graduated | -            | from the University of Cambridge | where | #2                |
| #2 | the University of Cambridge | has Chancellor | Leszek Borysiewicz | - | - | -                |","| id | sbj           | pred         | obj_d | obj_i | sig   | adv/cl/comp/sent          |
|----|---------------|--------------|-------|-------|-------|---------------------------|
| #0 | Brandon Carter | was born     | -     | in England | -     | -                         |
| #1 | Brandon Carter | graduated    | -     | from the University of Cambridge | -     | -                         |
| #2 | the University of Cambridge | has as Chancellor | Leszek Borysiewicz | - | where | Brandon Carter graduated |","| id | sbj           | pred       | obj_d      | obj_i | sig   | adv/cl/comp/sent |
|----|---------------|------------|------------|-------|-------|------------------|
| #0 | Brandon Carter | was born   | -          | in England | -     | -                |
| #1 | Brandon Carter | graduated  | -          | from the University of Cambridge | -     | -                |
| #2 | the University of Cambridge | has as Chancellor | Leszek Borysiewicz | - | where | Brandon Carter graduated |"
reference1,170,The full name of Agremiação Sportiva Arapiraquense is (Agremiação Sportiva Arapiraquense) they played in the Campeonato Brasileiro Série C league is based in Brazil in 2015 and ground is the Estadio Municipal Coaracy da Mata Fonseca located in Arapiraca. The Vila Nova Futebol Clube are the champions of Campeonato Brasileiro Serie C.,"# Output
| id | sbj | pred | obj_d | obj_i | sig | adv/cl/comp/sent |
| - | - | - | - | - | - | - |
| #0 | Agremiação Sportiva Arapiraquense | has full name | Agremiação Sportiva Arapiraquense | - | - | - |
| #1 | Agremiação Sportiva Arapiraquense | played in | the Campeonato Brasileiro Série C league | - | in | 2015 |
| #2 | the Campeonato Brasileiro Série C league | is based in | Brazil | - | in | 2015 |
| #3 | Agremiação Sportiva Arapiraquense | has ground | the Estadio Municipal Coaracy da Mata Fonseca | - | - | - |
| #4 | the Estadio Municipal Coaracy da Mata Fonseca | is located in | Arapiraca | - | - | - |
| #5 | Vila Nova Futebol Clube | are the champions of | Campeonato Brasileiro Serie C | - | - | - |","# Output
| id | sbj | pred | obj_d | obj_i | sig | adv/cl/comp/sent |
| - | - | - | - | - | - | - |
| #0 | Agremiação Sportiva Arapiraquense | is | - | - | - | - |
| #1 | Agremiação Sportiva Arapiraquense | played in | the Campeonato Brasileiro Série C league | - | - | in 2015 |
| #2 | the Campeonato Brasileiro Série C league | is based | - | in Brazil | - | - |
| #3 | Agremiação Sportiva Arapiraquense | has ground | the Estadio Municipal Coaracy da Mata Fonseca | - | - | - |
| #4 | the Estadio Municipal Coaracy da Mata Fonseca | is located | - | in Arapiraca | - | - |
| #5 | Vila Nova Futebol Clube | are the champions of | Campeonato Brasileiro Serie C | - | - | - |","# Output
| id | sbj | pred | obj_d | obj_i | sig | adv/cl/comp/sent |
| - | - | - | - | - | - | - |
| #0 | Agremiação Sportiva Arapiraquense | has full name | Agremiação Sportiva Arapiraquense | - | - | - |
| #1 | Agremiação Sportiva Arapiraquense | played in | the Campeonato Brasileiro Série C league | - | in | 2015 |
| #2 | the Campeonato Brasileiro Série C league | is based in | Brazil | - | in | 2015 |
| #3 | Agremiação Sportiva Arapiraquense | has ground | the Estadio Municipal Coaracy da Mata Fonseca | - | - | - |
| #4 | the Estadio Municipal Coaracy da Mata Fonseca | is located in | Arapiraca | - | - | - |
| #5 | Vila Nova Futebol Clube | are the champions of | Campeonato Brasileiro Serie C | - | - | - |"
reference1,171,The Train song by Mermaid is from the pop rock genre written by Espen Lind that lasts 3.16 minutes which was released on 27th December 2012. It was preceded by the song This'll Be My Year.,"# Output
| id | sbj | pred | obj_d | obj_i | sig | adv/cl/comp/sent |
| - | - | - | - | - | - | - |
| #0 | The Train song by Mermaid | is from | the pop rock genre | - | - | - |
| #1 | The Train song by Mermaid | was written by | Espen Lind | - | - | - |
| #2 | The Train song by Mermaid | lasts | 3.16 minutes | - | - | - |
| #3 | The Train song by Mermaid | was released on | 27th December 2012 | - | - | - |
| #4 | The Train song by Mermaid | was preceded by | the song This'll Be My Year | - | - | - |","| id | sbj | pred | obj_d | obj_i | sig | adv/cl/comp/sent |
| - | - | - | - | - | - | - |
| #0 | The Train song by Mermaid | is from | the pop rock genre | - | - | - |
| #1 | The Train song by Mermaid | was written by | Espen Lind | - | - | - |
| #2 | The Train song by Mermaid | lasts | 3.16 minutes | - | - | - |
| #3 | The Train song by Mermaid | was released on | 27th December 2012 | - | - | - |
| #4 | The Train song by Mermaid | was preceded by | the song This'll Be My Year | - | - | - |","| id | sbj | pred | obj_d | obj_i | sig | adv/cl/comp/sent |
| - | - | - | - | - | - | - |
| #0 | The Train song by Mermaid | is from | the pop rock genre | - | - | - |
| #1 | The Train song by Mermaid | was written by | Espen Lind | - | - | - |
| #2 | The Train song by Mermaid | lasts | 3.16 minutes | - | - | - |
| #3 | The Train song by Mermaid | was released on | 27th December 2012 | - | - | - |
| #4 | The Train song by Mermaid | was preceded by | the song This'll Be My Year | - | - | - |"
reference1,172,Nord is an album by Year of No Light which was released on the Crucial Blast and E-Vinyl labels.,"# Output
| id | sbj             | pred        | obj_d | obj_i | sig | adv/cl/comp/sent |
|----|-----------------|-------------|-------|-------|-----|------------------|
| #0 | Nord            | is          | an album | -   | -   | -                |
| #1 | Nord            | was released| -       | on the Crucial Blast and E-Vinyl labels | - | - |","| id | sbj             | pred     | obj_d  | obj_i | sig | adv/cl/comp/sent |
|----|-----------------|----------|--------|-------|-----|------------------|
| #0 | Nord            | is       | an album | -     | -   | -                |
| #1 | Nord            | was released | -    | on the Crucial Blast and E-Vinyl labels | -   | -                |
| #2 | Year of No Light | has album | Nord  | -     | -   | -                |","| id | sbj              | pred     | obj_d | obj_i | sig | adv/cl/comp/sent |
|----|------------------|----------|-------|-------|-----|------------------|
| #0 | Nord             | is       | an album | -   | -   | -                |
| #1 | Nord             | was released | -   | on the Crucial Blast and E-Vinyl labels | - | - |"
reference1,173,Estádio Municipal Coaracy da Mata Fonseca located in Arapiraca is the name of the ground of Agremiação Sportiva Arapiraquense. Agremiação Sportiva Arapiraquense played in the 2015 season and in the Campeonato Brasileiro Série C league from Brazil.,"| id | sbj | pred | obj_d | obj_i | sig | adv/cl/comp/sent |
| - | - | - | - | - | - | - |
| #0 | Estádio Municipal Coaracy da Mata Fonseca | is located in | Arapiraca | - | - | - |
| #1 | Estádio Municipal Coaracy da Mata Fonseca | is | the name of the ground | of Agremiação Sportiva Arapiraquense | - | - |
| #2 | Agremiação Sportiva Arapiraquense | played | - | in the 2015 season | - | - |
| #3 | Agremiação Sportiva Arapiraquense | played | - | in the Campeonato Brasileiro Série C league | from | Brazil |","| id | sbj | pred | obj_d | obj_i | sig | adv/cl/comp/sent |
| - | - | - | - | - | - | - |
| #0 | Estádio Municipal Coaracy da Mata Fonseca | is located | - | in Arapiraca | - | - |
| #1 | Estádio Municipal Coaracy da Mata Fonseca | is the name of | the ground | of Agremiação Sportiva Arapiraquense | - | - |
| #2 | Agremiação Sportiva Arapiraquense | played | - | - | in | the 2015 season |
| #3 | Agremiação Sportiva Arapiraquense | played | - | in the Campeonato Brasileiro Série C league | from | Brazil |","| id | sbj | pred | obj_d | obj_i | sig | adv/cl/comp/sent |
| - | - | - | - | - | - | - |
| #0 | Estádio Municipal Coaracy da Mata Fonseca | is located in | Arapiraca | - | - | - |
| #1 | Estádio Municipal Coaracy da Mata Fonseca | is the name of the ground of | Agremiação Sportiva Arapiraquense | - | - | - |
| #2 | Agremiação Sportiva Arapiraquense | played | - | in the 2015 season | and | in the Campeonato Brasileiro Série C league from Brazil |"
reference1,174,"Aaron Turner, originally from Boston, sings for a living as a post-metal music performer with the band Twilight.","| id | sbj          | pred    | obj_d | obj_i | sig | adv/cl/comp/sent |
|----|--------------|---------|-------|-------|-----|------------------|
| #0 | Aaron Turner | sings   | -     | for a living | as | a post-metal music performer with the band Twilight |
| #1 | Aaron Turner | is from | Boston | -     | -   | -                |
| #2 | Aaron Turner | is      | a post-metal music performer | with | the band Twilight |","| id | sbj          | pred | obj_d | obj_i | sig | adv/cl/comp/sent |
|----|--------------|------|-------|-------|-----|------------------|
| #0 | Aaron Turner | sings | -     | for a living | as | a post-metal music performer with the band Twilight |
| #1 | Aaron Turner | is from | Boston | - | - | - |","| id | sbj           | pred | obj_d | obj_i | sig | adv/cl/comp/sent |
|----|---------------|------|-------|-------|-----|------------------|
| #0 | Aaron Turner  | sings| -     | for a living | as | a post-metal music performer with the band Twilight |
| #1 | Aaron Turner  | is   | from  | Boston | originally | - |"
reference1,175,"The author of the Fellowship of the Ring is J.R.R. Tolkien. It was released on July 29, 1954. The Hobbit came before it, and it was followed by The Two Towers.","| id | sbj | pred | obj_d | obj_i | sig | adv/cl/comp/sent |
| - | - | - | - | - | - | - |
| #0 | The Fellowship of the Ring | has author | J.R.R. Tolkien | - | - | - |
| #1 | The Fellowship of the Ring | was released | - | on | July 29, 1954 |
| #2 | The Hobbit | came before | The Fellowship of the Ring | - | - | - |
| #3 | The Two Towers | followed | The Fellowship of the Ring | - | - | - |","| id | sbj | pred | obj_d | obj_i | sig | adv/cl/comp/sent |
| - | - | - | - | - | - | - |
| #0 | The Fellowship of the Ring | has author | J.R.R. Tolkien | - | - | - |
| #1 | The Fellowship of the Ring | was released | - | on | July 29, 1954 |
| #2 | The Hobbit | came before | The Fellowship of the Ring | - | - | - |
| #3 | The Two Towers | followed | The Fellowship of the Ring | - | - | - |","| id | sbj | pred | obj_d | obj_i | sig | adv/cl/comp/sent |
|----|-----|------|-------|-------|-----|-----------------|
| #0 | The Fellowship of the Ring | has author | J.R.R. Tolkien | - | - | - |
| #1 | The Fellowship of the Ring | was released | - | - | on | July 29, 1954 |
| #2 | The Hobbit | came before | The Fellowship of the Ring | - | - | - |
| #3 | The Two Towers | followed | The Fellowship of the Ring | - | - | - |"
reference1,176,The population density of Ciudad Ayala which is part of Morelos is 1604.0.,"| id | sbj | pred | obj_d | obj_i | sig | adv/cl/comp/sent |
|----|-----|------|-------|-------|-----|-----------------|
| #0 | Ciudad Ayala | is part of | Morelos | - | - | - |
| #1 | The population density | is | 1604.0 | in Ciudad Ayala | - | - |","| id | sbj | pred | is | obj_d | obj_i | sig | adv/cl/comp/sent |
|----|-----|------|----|-------|-------|-----|-----------------|
| #0 | The population density of Ciudad Ayala | is | 1604.0 | - | - | - | - |
| #1 | Ciudad Ayala | is part of | Morelos | - | - | - | - |","| id | sbj | pred | obj_d | obj_i | sig | adv/cl/comp/sent |
| - | - | - | - | - | - | - |
| #0 | Ciudad Ayala | is part of | Morelos | - | - | - |
| #1 | The population density of Ciudad Ayala | is | 1604.0 | - | - | - |"
reference1,177,Darinka Dentcheva is a US citizen and a mathematician working in the field of mathematical optimization.,"| id | sbj             | pred        | obj_d | obj_i | sig | adv/cl/comp/sent |
|----|-----------------|-------------|-------|-------|-----|------------------|
| #0 | Darinka Dentcheva | is          | a US citizen | -   | and | #1              |
| #1 | Darinka Dentcheva | is          | a mathematician | -   | -   | -              |
| #2 | Darinka Dentcheva | is working  | -     | in the field of mathematical optimization | -   | -              |","| id | sbj             | pred       | obj_d | obj_i | sig | adv/cl/comp/sent |
|----|-----------------|------------|-------|-------|-----|------------------|
| #0 | Darinka Dentcheva | is         | a US citizen | -   | and | #1              |
| #1 | Darinka Dentcheva | is         | a mathematician | -   | -   | -              |
| #2 | Darinka Dentcheva | is working | -     | in the field of mathematical optimization | -   | -              |","| id | sbj             | pred       | obj_d | obj_i | sig | adv/cl/comp/sent |
|----|-----------------|------------|-------|-------|-----|------------------|
| #0 | Darinka Dentcheva | is         | a US citizen | -   | and | #1               |
| #1 | Darinka Dentcheva | is         | a mathematician | -   | -   | #2               |
| #2 | Darinka Dentcheva | is working | -     | in the field of mathematical optimization | -   | -   |"
reference1,178,"Member of the entertainment industry, The GMA New Media, is located in the GMA Network Center in the Philippines.","# Output
| id | sbj                | pred    | obj_d | obj_i | sig | adv/cl/comp/sent          |
|----|--------------------|---------|-------|-------|-----|---------------------------|
| #0 | The GMA New Media  | is      | -     | -     | in  | the GMA Network Center    |
| #1 | the GMA Network Center | is located | - | in  | the Philippines            |
| #2 | The GMA New Media  | is a member of | the entertainment industry | - | - | - |","| id | sbj                | pred     | obj_d | obj_i | sig | adv/cl/comp/sent         |
|----|--------------------|----------|-------|-------|-----|--------------------------|
| #0 | The GMA New Media  | is located | -     | in the GMA Network Center | in | the Philippines |","| id | sbj                | pred     | obj_d | obj_i | sig | adv/cl/comp/sent        |
|----|--------------------|----------|-------|-------|-----|-------------------------|
| #0 | The GMA New Media  | is located | -     | in the GMA Network Center | in | the Philippines |"
reference0,1,MotorSport Vision is located in the city of Fawkham.,"| id | sbj             | pred     | obj_d | obj_i | sig | adv/cl/comp/sent   |
|----|-----------------|----------|-------|-------|-----|--------------------|
| #0 | MotorSport Vision | is located | -     | in   | the city of Fawkham |","| id | sbj              | pred    | obj_d | obj_i | sig | adv/cl/comp/sent       |
|----|------------------|---------|-------|-------|-----|------------------------|
| #0 | MotorSport Vision | is located | -     | in   | the city of Fawkham     |","| id | sbj             | pred    | obj_d | obj_i | sig | adv/cl/comp/sent |
|----|-----------------|---------|-------|-------|-----|------------------|
| #0 | MotorSport Vision | is located | -     | in the city of Fawkham | -   | -                |"
reference0,2,"Abdul Taib Mahmud, member of the Parti Pesaka Bumiputera Bersatu party, resides in Demak Jaya, Jalan Bako, Kuching, Sarawak.","| id | sbj                | pred  | obj_d | obj_i | sig | adv/cl/comp/sent           |
|----|--------------------|-------|-------|-------|-----|----------------------------|
| #0 | Abdul Taib Mahmud | resides | -    | in    | -   | Demak Jaya, Jalan Bako, Kuching, Sarawak |
| #1 | Abdul Taib Mahmud | is member | of the Parti Pesaka Bumiputera Bersatu party | - | - | - |","| id | sbj                | pred   | obj_d | obj_i | sig | adv/cl/comp/sent            |
|----|--------------------|--------|-------|-------|-----|-----------------------------|
| #0 | Abdul Taib Mahmud | resides | -     | in Demak Jaya, Jalan Bako, Kuching, Sarawak | -   | -                           |
| #1 | Abdul Taib Mahmud | is member | -     | of the Parti Pesaka Bumiputera Bersatu party | -   | -                           |","| id | sbj                | pred   | obj_d | obj_i | sig | adv/cl/comp/sent                   |
|----|--------------------|--------|-------|-------|-----|------------------------------------|
| #0 | Abdul Taib Mahmud | resides | -     | in    | -   | Demak Jaya, Jalan Bako, Kuching, Sarawak |
| #1 | Abdul Taib Mahmud | is member | -    | of    | -   | the Parti Pesaka Bumiputera Bersatu party |"
reference0,3,Aaron Turner is a post-metal musician from Massachusetts who plays the electric guitar. He started performing in 1995 and is a musician in the Lotus Eaters band.,"| id | sbj          | pred            | obj_d             | obj_i | sig | adv/cl/comp/sent |
|----|--------------|-----------------|-------------------|-------|-----|------------------|
| #0 | Aaron Turner | is              | a post-metal musician | from Massachusetts | - | - |
| #1 | Aaron Turner | plays           | the electric guitar | -     | -   | -                |
| #2 | Aaron Turner | started performing | -               | -     | in  | 1995             |
| #3 | Aaron Turner | is              | a musician         | in the Lotus Eaters band | - | - |","| id | sbj | pred | obj_d | obj_i | sig | adv/cl/comp/sent |
| - | - | - | - | - | - | - |
| #0 | Aaron Turner | is | a post-metal musician | from Massachusetts | - | - |
| #1 | Aaron Turner | plays | the electric guitar | - | - | - |
| #2 | Aaron Turner | started performing | - | - | in | 1995 |
| #3 | Aaron Turner | is | a musician | in the Lotus Eaters band | - | - |","| id | sbj          | pred          | obj_d                | obj_i | sig | adv/cl/comp/sent |
|----|--------------|---------------|----------------------|-------|-----|------------------|
| #0 | Aaron Turner | is            | a post-metal musician| -     | from| Massachusetts    |
| #1 | Aaron Turner | plays         | the electric guitar  | -     | -   | -                |
| #2 | Aaron Turner | started       | performing           | -     | in  | 1995             |
| #3 | Aaron Turner | is            | a musician           | -     | in  | the Lotus Eaters band |"
reference0,4,Year of No Light is a band whose members include a former guitarist for Monarch has created an album called Nord.,"| id | sbj                | pred      | obj_d    | obj_i | sig | adv/cl/comp/sent |
|----|--------------------|-----------|----------|-------|-----|------------------|
| #0 | Year of No Light   | is        | a band   | -     | -   | -                |
| #1 | Year of No Light   | includes  | a former guitarist for Monarch | -     | whose members | -                |
| #2 | a former guitarist for Monarch | has created | an album | -     | -   | called Nord    |","| id | sbj                | pred         | obj_d  | obj_i | sig  | adv/cl/comp/sent |
|----|--------------------|--------------|--------|-------|------|------------------|
| #0 | Year of No Light   | is           | a band | -     | whose| #1               |
| #1 | a band             | includes     | members| -     | -    | #2               |
| #2 | members            | include      | a former guitarist for Monarch | - | - | - |
| #3 | Year of No Light   | has created  | an album| -    | -    | called Nord      |","| id | sbj                | pred     | obj_d  | obj_i | sig  | adv/cl/comp/sent |
|----|--------------------|----------|--------|-------|------|------------------|
| #0 | Year of No Light   | is       | a band | -     | whose| #1               |
| #1 | members of the band| include  | a former guitarist for Monarch | - | - | - |
| #2 | a former guitarist for Monarch | has created | an album | - | - | called Nord |"
reference0,5,Cecil Parker had a main role in It's Great to Be Young.,"# Output
| id | sbj         | pred       | obj_d                | obj_i | sig | adv/cl/comp/sent |
|----|-------------|------------|----------------------|-------|-----|------------------|
| #0 | Cecil Parker| had        | a main role          | in It's Great to Be Young | -   | -                |","# Output
| id | sbj         | pred       | obj_d                | obj_i | sig | adv/cl/comp/sent |
|----|-------------|------------|----------------------|-------|-----|------------------|
| #0 | Cecil Parker | had | a main role | in It's Great to Be Young | -   | -                |","# Output
| id | sbj         | pred       | obj_d                | obj_i | sig | adv/cl/comp/sent |
|----|-------------|------------|----------------------|-------|-----|------------------|
| #0 | Cecil Parker| had        | a main role          | in It's Great to Be Young | -   | -                |"
reference0,6,"Train followed Mermaid with Imagine is a song by musical artist John Lennon, which has a FIMI certification. It was produced by the production team Espionage.","| id | sbj | pred | obj_d | obj_i | sig | adv/cl/comp/sent |
|----|-----|------|-------|-------|-----|-----------------|
| #0 | Imagine | is | a song | by John Lennon | - | - |
| #1 | Imagine | has | a FIMI certification | - | - | - |
| #2 | Espionage | produced | Imagine | - | - | - |
| #3 | Train | followed | Mermaid | - | - | - |","| id | sbj | pred | obj_d | obj_i | sig | adv/cl/comp/sent |
| - | - | - | - | - | - | - |
| #0 | Imagine | is | a song | by John Lennon | - | - |
| #1 | Imagine | has | a FIMI certification | - | - | - |
| #2 | Imagine | was produced | - | by the production team Espionage | - | - |
| #3 | John Lennon | is | a musical artist | - | - | - |","| id | sbj | pred | obj_d | obj_i | sig | adv/cl/comp/sent |
| - | - | - | - | - | - | - |
| #0 | Train | followed | Mermaid with Imagine | - | - | - |
| #1 | Mermaid with Imagine | is | a song | - | by | John Lennon |
| #2 | Mermaid with Imagine | has | a FIMI certification | - | - | - |
| #3 | Espionage | produced | Mermaid with Imagine | - | - | - |
| #4 | John Lennon | is | a musical artist | - | - | - |"
reference0,7,The Fellowship of the Ring belongs to the fantasy genre.,"| id | sbj                        | pred  | obj_d  | obj_i | sig | adv/cl/comp/sent |
|----|----------------------------|-------|--------|-------|-----|------------------|
| #0 | The Fellowship of the Ring | belongs | -      | to the fantasy genre | -   | -                |","| id | sbj                        | pred  | obj_d   | obj_i | sig | adv/cl/comp/sent |
|----|----------------------------|-------|---------|-------|-----|------------------|
| #0 | The Fellowship of the Ring | belongs to | the fantasy genre | -     | -   | -                |","| id | sbj                        | pred   | obj_d            | obj_i | sig | adv/cl/comp/sent |
|----|----------------------------|--------|------------------|-------|-----|------------------|
| #0 | The Fellowship of the Ring | belongs| -                | to the fantasy genre | -   | -                |"
reference0,8,"In the United States, one of the national ethnic groups are the African Americans. The United States is where Abraham A. Ribicoff, who was married to Casey Ribicoff, died.","| id | sbj | pred | obj_d | obj_i | sig | adv/cl/comp/sent |
| - | - | - | - | - | - | - |
| #0 | one of the national ethnic groups | are | the African Americans | in the United States | - | - |
| #1 | Abraham A. Ribicoff | died | - | - | in | the United States |
| #2 | Abraham A. Ribicoff | was married | - | to Casey Ribicoff | - | - |","| id | sbj | pred | obj_d | obj_i | sig | adv/cl/comp/sent |
| - | - | - | - | - | - | - |
| #0 | one of the national ethnic groups | are | African Americans | in the United States | - | - |
| #1 | Abraham A. Ribicoff | died | - | - | in | the United States |
| #2 | Abraham A. Ribicoff | was married to | Casey Ribicoff | - | - | - |","| id | sbj | pred | obj_d | obj_i | sig | adv/cl/comp/sent |
| - | - | - | - | - | - | - |
| #0 | African Americans | are | one of the national ethnic groups | in the United States | - | - |
| #1 | Abraham A. Ribicoff | died | - | - | in | the United States |
| #2 | Abraham A. Ribicoff | was married to | Casey Ribicoff | - | - | - |"
reference0,9,"The University of Burgundy in Dijon has 2,900 staff members along with 27,400 students, of which 9,400 are postgraduate students and 1,299 are PhD students.","# Output
| id | sbj | pred | obj_d | obj_i | sig | adv/cl/comp/sent |
| - | - | - | - | - | - | - |
| #0 | The University of Burgundy in Dijon | has | 2,900 staff members | - | - | - |
| #1 | The University of Burgundy in Dijon | has | 27,400 students | - | - | - |
| #2 | The University of Burgundy in Dijon | has | 9,400 postgraduate students | - | among | 27,400 students |
| #3 | The University of Burgundy in Dijon | has | 1,299 PhD students | - | among | 27,400 students |","# Output
| id | sbj | pred | obj_d | obj_i | sig | adv/cl/comp/sent |
| - | - | - | - | - | - | - |
| #0 | The University of Burgundy in Dijon | has | 2,900 staff members | - | along with | 27,400 students |
| #1 | The University of Burgundy in Dijon | has | 27,400 students | - | - | - |
| #2 | The University of Burgundy in Dijon | has | 9,400 postgraduate students | - | of which | - |
| #3 | The University of Burgundy in Dijon | has | 1,299 PhD students | - | of which | - |","# Output
| id | sbj | pred | obj_d | obj_i | sig | adv/cl/comp/sent |
| - | - | - | - | - | - | - |
| #0 | The University of Burgundy in Dijon | has | 2,900 staff members | - | along with | 27,400 students |
| #1 | The University of Burgundy in Dijon | has | 27,400 students | - | - | - |
| #2 | The University of Burgundy in Dijon | has | 9,400 postgraduate students | - | of which | #1 |
| #3 | The University of Burgundy in Dijon | has | 1,299 PhD students | - | of which | #1 |"
reference0,10,Year of No Light is both the artist and the producer of the album Nord. The album was released on the label Crucial Blast. Year of No Light's next album was Live at Roadburn 2008.,"| id | sbj | pred | obj_d | obj_i | sig | adv/cl/comp/sent |
| - | - | - | - | - | - | - |
| #0 | Year of No Light | is | both the artist and the producer | of the album Nord | - | - |
| #1 | Year of No Light | produced | the album Nord | - | - | - |
| #2 | the album Nord | was released | - | on the label Crucial Blast | - | - |
| #3 | Year of No Light | has next album | Live at Roadburn 2008 | - | - | - |
| #4 | Live at Roadburn 2008 | was | Year of No Light's next album | - | - | - |","| id | sbj | pred | obj_d | obj_i | sig | adv/cl/comp/sent |
| - | - | - | - | - | - | - |
| #0 | Year of No Light | is | both the artist and the producer | of the album Nord | - | - |
| #1 | Year of No Light | released | the album Nord | on the label Crucial Blast | - | - |
| #2 | Year of No Light | has next album | Live at Roadburn 2008 | - | - | - |","# Output
| id | sbj | pred | obj_d | obj_i | sig | adv/cl/comp/sent |
| - | - | - | - | - | - | - |
| #0 | Year of No Light | is | both the artist and the producer | of the album Nord | - | - |
| #1 | Year of No Light | produced | the album Nord | - | - | - |
| #2 | the album Nord | was released | - | on the label Crucial Blast | - | - |
| #3 | Year of No Light's next album | is | Live at Roadburn 2008 | - | - | - |
| #4 | Year of No Light | produced | the album Nord | - | - | - |
| #5 | Year of No Light | is the artist of | the album Nord | - | - | - |"
reference0,11,"Aleksandr Prudnikov was born on February 24, 1989 and is 185 cm tall. He currently plays for FC Amkar Perm and also played for FC Terek Grozny, which is located in Grozny.","| id | sbj                | pred         | obj_d          | obj_i | sig | adv/cl/comp/sent           |
|----|--------------------|--------------|----------------|-------|-----|----------------------------|
| #0 | Aleksandr Prudnikov | was born      | -              | -     | on  | February 24, 1989         |
| #1 | Aleksandr Prudnikov | is            | 185 cm tall    | -     | -   | -                          |
| #2 | Aleksandr Prudnikov | currently plays | for FC Amkar Perm | -     | -   | -                          |
| #3 | Aleksandr Prudnikov | also played   | for FC Terek Grozny | -     | -   | -                          |
| #4 | FC Terek Grozny     | is located    | -              | in Grozny | -   | -                          |","| id | sbj               | pred        | obj_d          | obj_i | sig | adv/cl/comp/sent            |
|----|-------------------|-------------|----------------|-------|-----|-----------------------------|
| #0 | Aleksandr Prudnikov | was born    | -              | on    | -   | February 24, 1989           |
| #1 | Aleksandr Prudnikov | is          | 185 cm tall    | -     | -   | -                           |
| #2 | Aleksandr Prudnikov | currently plays | for FC Amkar Perm | -     | -   | -                           |
| #3 | Aleksandr Prudnikov | played      | for FC Terek Grozny | -     | -   | -                           |
| #4 | FC Terek Grozny    | is located  | in Grozny      | -     | -   | -                           |","| id | sbj               | pred             | obj_d          | obj_i | sig | adv/cl/comp/sent                |
|----|-------------------|------------------|----------------|-------|-----|---------------------------------|
| #0 | Aleksandr Prudnikov | was born         | -              | on    | -   | February 24, 1989               |
| #1 | Aleksandr Prudnikov | is               | 185 cm tall    | -     | -   | -                               |
| #2 | Aleksandr Prudnikov | currently plays  | -              | for   | -   | FC Amkar Perm                   |
| #3 | Aleksandr Prudnikov | played           | -              | for   | -   | FC Terek Grozny                 |
| #4 | FC Terek Grozny     | is located       | -              | in    | -   | Grozny                          |"
reference0,12,"The College of William and Mary, located in Williamsburg Virginia is the location of the Mason School of Business located inside Alan B Miller Hall.","# Output
| id | sbj | pred | obj_d | obj_i | sig | adv/cl/comp/sent |
| - | - | - | - | - | - | - |
| #0 | The College of William and Mary | is located in | Williamsburg Virginia | - | - | - |
| #1 | The College of William and Mary | is the location of | the Mason School of Business | - | - | - |
| #2 | the Mason School of Business | is located inside | Alan B Miller Hall | - | - | - |","| id | sbj | pred | obj_d | obj_i | sig | adv/cl/comp/sent |
| - | - | - | - | - | - | - |
| #0 | The College of William and Mary | is located in | Williamsburg Virginia | - | - | - |
| #1 | The College of William and Mary | is the location of | the Mason School of Business | - | - | - |
| #2 | the Mason School of Business | is located inside | Alan B Miller Hall | - | - | - |","| id | sbj | pred | obj_d | obj_i | sig | adv/cl/comp/sent |
| - | - | - | - | - | - | - |
| #0 | The College of William and Mary | is located | - | in Williamsburg Virginia | - | - |
| #1 | The College of William and Mary | is the location of | the Mason School of Business | - | - | - |
| #2 | the Mason School of Business | is located | - | inside Alan B Miller Hall | - | - |"
reference0,13,"Director Ray Griggs, born in 1974, is the writer of the film Super Capers, starring Michael Rooker and Tom Sizemore.","# Output
| id | sbj          | pred        | obj_d       | obj_i | sig | adv/cl/comp/sent |
|----|--------------|-------------|-------------|-------|-----|------------------|
| #0 | Ray Griggs    | was born    | -           | -     | in  | 1974             |
| #1 | Ray Griggs    | is          | the writer  | -     | of  | the film Super Capers |
| #2 | Super Capers  | stars       | Michael Rooker | -   | and | Tom Sizemore    |
| #3 | Super Capers  | stars       | Tom Sizemore | -    | -   | -                |","| id | sbj          | pred         | obj_d         | obj_i | sig | adv/cl/comp/sent |
|----|--------------|--------------|---------------|-------|-----|------------------|
| #0 | Ray Griggs   | was born     | -             | -     | in  | 1974             |
| #1 | Ray Griggs   | is           | the writer    | -     | of  | the film Super Capers |
| #2 | Super Capers | stars        | Michael Rooker | -     | -   | -                |
| #3 | Super Capers | stars        | Tom Sizemore  | -     | -   | -                |","# Output
| id | sbj | pred | obj_d | obj_i | sig | adv/cl/comp/sent |
| - | - | - | - | - | - | - |
| #0 | Director Ray Griggs | was born | - | - | in | 1974 |
| #1 | Director Ray Griggs | is the writer of | the film Super Capers | - | - | - |
| #2 | the film Super Capers | stars | Michael Rooker and Tom Sizemore | - | - | - |"
reference0,14,"Nord is an album by Year Of No Light that falls under the genres of sludge metal and post-metal. It was released in September 6th, 2006. The next album Year Of No Light released was Live at Roadburn 2008.","| id | sbj | pred | obj_d | obj_i | sig | adv/cl/comp/sent |
|----|-----|------|-------|-------|-----|-----------------|
| #0 | Nord | is an album | - | by Year Of No Light | - | - |
| #1 | Nord | falls under | the genres of sludge metal and post-metal | - | - | - |
| #2 | Nord | was released | - | - | on | September 6th, 2006 |
| #3 | Year Of No Light | released | Live at Roadburn 2008 | - | after | Nord |","| id | sbj | pred | obj_d | obj_i | sig | adv/cl/comp/sent |
| - | - | - | - | - | - | - |
| #0 | Nord | is an album by | Year Of No Light | - | - | - |
| #1 | Nord | falls under | the genres of sludge metal and post-metal | - | - | - |
| #2 | Nord | was released | - | - | on | September 6th, 2006 |
| #3 | Year Of No Light | released | Live at Roadburn 2008 | - | after | Nord |","| id | sbj | pred | obj_d | obj_i | sig | adv/cl/comp/sent |
| - | - | - | - | - | - | - |
| #0 | Nord | is an album by | Year Of No Light | - | - | - |
| #1 | Nord | falls under | the genres of sludge metal and post-metal | - | - | - |
| #2 | Nord | was released | - | - | on | September 6th, 2006 |
| #3 | Year Of No Light | released | Live at Roadburn 2008 | - | after | Nord |"
reference0,15,The ALCO RS-3 was produced between May 1950 and August 1956 has has a cylinder count of 12 and is 17068.8 millimetres in length.,"| id | sbj         | pred        | obj_d | obj_i | sig   | adv/cl/comp/sent                 |
|----|-------------|-------------|-------|-------|-------|----------------------------------|
| #0 | The ALCO RS-3 | was produced | -     | -     | between | May 1950 and August 1956        |
| #1 | The ALCO RS-3 | has          | a cylinder count of 12 | -     | -     | -                              |
| #2 | The ALCO RS-3 | is           | 17068.8 millimetres in length | -     | -     | -                              |","| id | sbj          | pred        | obj_d  | obj_i | sig      | adv/cl/comp/sent              |
|----|--------------|-------------|--------|-------|----------|-------------------------------|
| #0 | The ALCO RS-3| was produced| -      | -     | between  | May 1950 and August 1956      |
| #1 | The ALCO RS-3| has         | a cylinder count of 12 | - | - | -                           |
| #2 | The ALCO RS-3| is          | 17068.8 millimetres in length | - | - | -                   |","| id | sbj        | pred        | obj_d  | obj_i | sig   | adv/cl/comp/sent        |
|----|------------|-------------|--------|-------|-------|-------------------------|
| #0 | The ALCO RS-3 | was produced | -      | -     | between | May 1950 and August 1956 |
| #1 | The ALCO RS-3 | has          | a cylinder count of 12 | -     | -     | -                         |
| #2 | The ALCO RS-3 | is           | 17068.8 millimetres in length | - | - | -                         |"
reference0,16,Adam West was born in the year 1928.,"| id | sbj     | pred     | obj_d | obj_i | sig | adv/cl/comp/sent |
|----|---------|----------|-------|-------|-----|------------------|
| #0 | Adam West | was born | -     | -     | in  | the year 1928    |","| id | sbj     | pred   | obj_d | obj_i | sig | adv/cl/comp/sent |
|----|---------|--------|-------|-------|-----|------------------|
| #0 | Adam West | was born | -     | in   | the year 1928     |","| id | sbj     | pred  | obj_d | obj_i | sig | adv/cl/comp/sent |
|----|---------|-------|-------|-------|-----|------------------|
| #0 | Adam West | was born | -     | -     | in  | the year 1928    |"
reference0,17,"The College of William and Mary is the owner of the Alan B. Miller Hall which was completed on 1st June 2009, address is ""101 Ukrop Way"". The Mason School of Business are the current tenants of Alan B Miller Hall.","| id | sbj | pred | obj_d | obj_i | sig | adv/cl/comp/sent |
| - | - | - | - | - | - | - |
| #0 | The College of William and Mary | is the owner of | the Alan B. Miller Hall | - | - | - |
| #1 | the Alan B. Miller Hall | was completed | - | on | 1st June 2009 |
| #2 | the Alan B. Miller Hall | has address | ""101 Ukrop Way"" | - | - | - |
| #3 | The Mason School of Business | are the current tenants of | Alan B Miller Hall | - | - | - |","| id | sbj | pred | obj_d | obj_i | sig | adv/cl/comp/sent |
| - | - | - | - | - | - | - |
| #0 | The College of William and Mary | is the owner of | Alan B. Miller Hall | - | - | - |
| #1 | Alan B. Miller Hall | was completed | - | - | on | 1st June 2009 |
| #2 | Alan B. Miller Hall | has address | ""101 Ukrop Way"" | - | - | - |
| #3 | The Mason School of Business | are the current tenants of | Alan B Miller Hall | - | - | - |","| id | sbj | pred | obj_d | obj_i | sig | adv/cl/comp/sent |
| - | - | - | - | - | - | - |
| #0 | The College of William and Mary | is the owner of | Alan B. Miller Hall | - | - | - |
| #1 | Alan B. Miller Hall | was completed | - | on | 1st June 2009 |
| #2 | Alan B. Miller Hall | has address | ""101 Ukrop Way"" | - | - | - |
| #3 | The Mason School of Business | are the current tenants of | Alan B Miller Hall | - | - | - |"
reference0,18,"Aaron Turner starter performing in 1995 and began singing for a living. He performs under the genre of post-metal, and is noted to have played with the band Twilight.","| id | sbj         | pred       | obj_d | obj_i | sig | adv/cl/comp/sent |
|----|-------------|------------|-------|-------|-----|------------------|
| #0 | Aaron Turner | started performing | -     | -    | in  | 1995             |
| #1 | Aaron Turner | began singing | -     | for a living | -   | -                |
| #2 | Aaron Turner | performs   | -     | under the genre of post-metal | -   | -                |
| #3 | Aaron Turner | is noted   | -     | -    | to have | played with the band Twilight |","| id | sbj         | pred        | obj_d | obj_i | sig | adv/cl/comp/sent |
|----|-------------|-------------|-------|-------|-----|-----------------|
| #0 | Aaron Turner | started performing | -     | -    | in  | 1995           |
| #1 | Aaron Turner | began singing | -     | for a living | -   | -             |
| #2 | Aaron Turner | performs under | the genre of post-metal | -    | -   | -             |
| #3 | Aaron Turner | is noted | -     | -    | to have | played with the band Twilight |","| id | sbj         | pred        | obj_d | obj_i | sig | adv/cl/comp/sent |
|----|-------------|-------------|-------|-------|-----|------------------|
| #0 | Aaron Turner | started performing | -     | -    | in  | 1995             |
| #1 | Aaron Turner | began singing | -     | for a living | -   | -                |
| #2 | Aaron Turner | performs under | the genre of post-metal | - | -   | -                |
| #3 | Aaron Turner | is noted | -     | -    | to have | played with the band Twilight |"
reference0,19,"Darinka Dentcheva is resident of new Jersey which has an area of water that is 3.544.04 meters squared and citizen of the United States where the motto is ""In God We Trust"".","| id | sbj             | pred        | obj_d                | obj_i | sig   | adv/cl/comp/sent   |
|----|-----------------|-------------|----------------------|-------|-------|--------------------|
| #0 | Darinka Dentcheva | is resident | -                    | of new Jersey | -     | #1                |
| #1 | new Jersey      | has         | an area of water     | -     | that  | is 3,544.04 meters squared |
| #2 | Darinka Dentcheva | is citizen  | -                    | of the United States | -     | #3                |
| #3 | the United States | has motto   | ""In God We Trust""    | -     | where | -                  |","| id | sbj | pred | obj_d | obj_i | sig | adv/cl/comp/sent |
| - | - | - | - | - | - | - |
| #0 | Darinka Dentcheva | is resident of | New Jersey | - | - | - |
| #1 | Darinka Dentcheva | is citizen of | the United States | - | - | - |
| #2 | New Jersey | has | an area of water | - | that is | 3,544.04 meters squared |
| #3 | the United States | has | motto | - | where | ""In God We Trust"" |","| id | sbj             | pred        | obj_d                        | obj_i | sig   | adv/cl/comp/sent         |
|----|-----------------|-------------|------------------------------|-------|-------|--------------------------|
| #0 | Darinka Dentcheva | is resident | -                            | of new Jersey | -     | -                        |
| #1 | Darinka Dentcheva | is citizen  | -                            | of the United States | -     | -                        |
| #2 | new Jersey       | has         | an area of water             | -     | that  | is 3,544.04 meters squared |
| #3 | the United States | has motto   | ""In God We Trust""            | -     | -     | -                        |"
reference0,20,One of the leaders of Israel is Reuven Rivlin.,"| id | sbj | pred | obj_d | obj_i | sig | adv/cl/comp/sent |
| - | - | - | - | - | - | - |
| #0 | Reuven Rivlin | is one of the leaders | - | of Israel | - | - |","# Output
| id | sbj | pred | obj_d | obj_i | sig | adv/cl/comp/sent |
| - | - | - | - | - | - | - |
| #0 | Reuven Rivlin | is one of the leaders | - | of Israel | - | - |","# Output
| id | sbj | pred | obj_d | obj_i | sig | adv/cl/comp/sent |
| - | - | - | - | - | - | - |
| #0 | Reuven Rivlin | is one of the leaders | - | of Israel | - | - |"
reference0,21,"The Estádio Municipal Coaracy da Mata Fonseca is located in Arapiraca. It is the ground of Agremiação Sportiva Arapiraquense who play in the Campeonato Brasileiro Série C league and have 17000 members. The full name of the club is ""Agremiação Sportiva Arapiraquense""","| id | sbj | pred | obj_d | obj_i | sig | adv/cl/comp/sent |
| - | - | - | - | - | - | - |
| #0 | Estádio Municipal Coaracy da Mata Fonseca | is located | - | in Arapiraca | - | - |
| #1 | Estádio Municipal Coaracy da Mata Fonseca | is | the ground | of Agremiação Sportiva Arapiraquense | - | - |
| #2 | Agremiação Sportiva Arapiraquense | play | - | in the Campeonato Brasileiro Série C league | - | - |
| #3 | Agremiação Sportiva Arapiraquense | have | 17000 members | - | - | - |
| #4 | Agremiação Sportiva Arapiraquense | has full name | ""Agremiação Sportiva Arapiraquense"" | - | - | - |","| id | sbj | pred | obj_d | obj_i | sig | adv/cl/comp/sent |
| - | - | - | - | - | - | - |
| #0 | Estádio Municipal Coaracy da Mata Fonseca | is located | - | in Arapiraca | - | - |
| #1 | Estádio Municipal Coaracy da Mata Fonseca | is | the ground | of Agremiação Sportiva Arapiraquense | - | - |
| #2 | Agremiação Sportiva Arapiraquense | play | - | in the Campeonato Brasileiro Série C league | - | - |
| #3 | Agremiação Sportiva Arapiraquense | have | 17000 members | - | - | - |
| #4 | Agremiação Sportiva Arapiraquense | has | full name | ""Agremiação Sportiva Arapiraquense"" | - | - |","| id | sbj | pred | obj_d | obj_i | sig | adv/cl/comp/sent |
| - | - | - | - | - | - | - |
| #0 | Estádio Municipal Coaracy da Mata Fonseca | is located | - | in Arapiraca | - | - |
| #1 | Agremiação Sportiva Arapiraquense | is the ground of | Estádio Municipal Coaracy da Mata Fonseca | - | - | - |
| #2 | Agremiação Sportiva Arapiraquense | play | - | in the Campeonato Brasileiro Série C league | - | - |
| #3 | Agremiação Sportiva Arapiraquense | have | 17000 members | - | - | - |
| #4 | Agremiação Sportiva Arapiraquense | has full name | ""Agremiação Sportiva Arapiraquense"" | - | - | - |"
reference0,22,"While pop rock can trace its stylistic roots back to rock music, Reggae music evolved out of different musical genre, known as ska. Interestingly, the Train song, Mermaid, belongs to the genre of pop rock, but is also considered to be of the reggae genre as well.","| id | sbj | pred | obj_d | obj_i | sig | adv/cl/comp/sent |
|----|-----|------|-------|-------|-----|------------------|
| #0 | pop rock | can trace | its stylistic roots | back to rock music | - | - |
| #1 | Reggae music | evolved out of | a different musical genre | - | known as | ska |
| #2 | the Train song, Mermaid | belongs to | the genre of pop rock | - | - | - |
| #3 | the Train song, Mermaid | is considered to be | of the reggae genre | - | as well | - |","# Output
| id | sbj | pred | obj_d | obj_i | sig | adv/cl/comp/sent |
| - | - | - | - | - | - | - |
| #0 | pop rock | can trace | its stylistic roots | back to rock music | - | - |
| #1 | Reggae music | evolved out of | different musical genre | - | known as | ska |
| #2 | the Train song, Mermaid | belongs to | the genre of pop rock | - | - | - |
| #3 | the Train song, Mermaid | is considered to be of | the reggae genre | - | as well | - |","# Output
| id | sbj | pred | obj_d | obj_i | sig | adv/cl/comp/sent |
| - | - | - | - | - | - | - |
| #0 | pop rock | can trace | its stylistic roots | back to rock music | - | - |
| #1 | Reggae music | evolved out of | a different musical genre | - | - | known as ska |
| #2 | the Train song, Mermaid | belongs to | the genre of pop rock | - | - | - |
| #3 | the Train song, Mermaid | is considered to be | of the reggae genre | - | as well | - |"
reference0,23,"After releasing their album Squeeze, music group the Velvet Underground produced and released rock music album Bootleg Series Volume 1: The Quine Tapes, which they recorded in St Louis Missouri, USA The album was released on 2001-10-16 under the Polydor and Universal Music Group record labels and has a total run time of 230:05 minutes.","# Output
| id | sbj | pred | obj_d | obj_i | sig | adv/cl/comp/sent |
| - | - | - | - | - | - | - |
| #0 | the Velvet Underground | released | their album Squeeze | - | - | - |
| #1 | the Velvet Underground | produced and released | rock music album Bootleg Series Volume 1: The Quine Tapes | - | after | releasing their album Squeeze |
| #2 | the Velvet Underground | recorded | rock music album Bootleg Series Volume 1: The Quine Tapes | in St Louis Missouri, USA | - | - |
| #3 | rock music album Bootleg Series Volume 1: The Quine Tapes | was released | - | on | 2001-10-16 |
| #4 | rock music album Bootleg Series Volume 1: The Quine Tapes | was released | - | under | the Polydor and Universal Music Group record labels |
| #5 | rock music album Bootleg Series Volume 1: The Quine Tapes | has | a total run time of 230:05 minutes | - | - | - |","| id | sbj | pred | obj_d | obj_i | sig | adv/cl/comp/sent |
| - | - | - | - | - | - | - |
| #0 | the Velvet Underground | released | their album Squeeze | - | - | - |
| #1 | the Velvet Underground | produced | Bootleg Series Volume 1: The Quine Tapes | - | after | releasing their album Squeeze |
| #2 | the Velvet Underground | released | Bootleg Series Volume 1: The Quine Tapes | - | after | producing it |
| #3 | the Velvet Underground | recorded | Bootleg Series Volume 1: The Quine Tapes | in St Louis Missouri, USA | - | - |
| #4 | Bootleg Series Volume 1: The Quine Tapes | was released | - | on | 2001-10-16 |
| #5 | Bootleg Series Volume 1: The Quine Tapes | was released under | the Polydor and Universal Music Group record labels | - | - | - |
| #6 | Bootleg Series Volume 1: The Quine Tapes | has | a total run time of 230:05 minutes | - | - | - |","# Output
| id | sbj | pred | obj_d | obj_i | sig | adv/cl/comp/sent |
| - | - | - | - | - | - | - |
| #0 | the Velvet Underground | released | their album Squeeze | - | - | - |
| #1 | the Velvet Underground | produced | rock music album Bootleg Series Volume 1: The Quine Tapes | - | after | releasing their album Squeeze |
| #2 | the Velvet Underground | released | rock music album Bootleg Series Volume 1: The Quine Tapes | - | - | - |
| #3 | the Velvet Underground | recorded | rock music album Bootleg Series Volume 1: The Quine Tapes | in St Louis Missouri, USA | - | - |
| #4 | rock music album Bootleg Series Volume 1: The Quine Tapes | was released | - | on | 2001-10-16 |
| #5 | rock music album Bootleg Series Volume 1: The Quine Tapes | was released | - | under | the Polydor and Universal Music Group record labels |
| #6 | rock music album Bootleg Series Volume 1: The Quine Tapes | has | a total run time of 230:05 minutes | - | - | - |"
reference0,24,GMA New Media is a company in the mass media industry whose headquarters are located in the GMA Network Center.,"| id | sbj             | pred      | obj_d  | obj_i | sig   | adv/cl/comp/sent               |
|----|-----------------|-----------|--------|-------|-------|--------------------------------|
| #0 | GMA New Media   | is        | a company | -     | in    | the mass media industry        |
| #1 | GMA New Media   | has       | headquarters | -   | -     | #2                            |
| #2 | headquarters    | are located | -      | in    | the GMA Network Center           |","| id | sbj            | pred        | obj_d | obj_i | sig   | adv/cl/comp/sent                  |
|----|----------------|-------------|-------|-------|-------|-----------------------------------|
| #0 | GMA New Media  | is          | a company | -     | in    | the mass media industry           |
| #1 | GMA New Media  | has         | headquarters | -   | -     | located in the GMA Network Center |","| id | sbj              | pred           | obj_d  | obj_i | sig  | adv/cl/comp/sent                    |
|----|------------------|----------------|--------|-------|------|-------------------------------------|
| #0 | GMA New Media    | is             | a company | -     | in   | the mass media industry             |
| #1 | GMA New Media    | has headquarters | -      | -     | in   | the GMA Network Center              |
| #2 | the headquarters | are located    | -      | in    | the GMA Network Center | -               |"
reference0,25,"Death on a Factory Farm is a film broadcasted by HBO, formerly known as The Green Channel.","| id | sbj | pred | obj_d | obj_i | sig | adv/cl/comp/sent |
|----|-----|------|-------|-------|-----|-----------------|
| #0 | Death on a Factory Farm | is | a film | - | - | - |
| #1 | Death on a Factory Farm | was broadcasted | - | by HBO | - | - |
| #2 | HBO | was formerly known as | The Green Channel | - | - | - |
| #3 | Death on a Factory Farm | was known as | The Green Channel | - | - | - |","| id | sbj | pred | obj_d | obj_i | sig | adv/cl/comp/sent |
| - | - | - | - | - | - | - |
| #0 | Death on a Factory Farm | is | a film | - | - | - |
| #1 | Death on a Factory Farm | was broadcasted by | HBO | - | - | - |
| #2 | HBO | was formerly known as | The Green Channel | - | - | - |","| id | sbj | pred | obj_d | obj_i | sig | adv/cl/comp/sent |
| - | - | - | - | - | - | - |
| #0 | Death on a Factory Farm | is | a film | - | - | - |
| #1 | Death on a Factory Farm | was broadcasted | - | by HBO | - | - |
| #2 | HBO | was formerly known as | The Green Channel | - | - | - |"
reference0,26,"""English Without Tears"" was produced and written by Anatole de Grunwald. The editor for the film was Alan Jaggs.","# Output
| id | sbj                  | pred      | obj_d                | obj_i | sig | adv/cl/comp/sent |
|----|----------------------|-----------|----------------------|-------|-----|------------------|
| #0 | ""English Without Tears"" | was produced | -                    | by Anatole de Grunwald | -   | -                |
| #1 | ""English Without Tears"" | was written  | -                    | by Anatole de Grunwald | -   | -                |
| #2 | The editor            | was        | Alan Jaggs           | for the film | -   | -                |","# Output
| id | sbj                  | pred      | obj_d  | obj_i | sig | adv/cl/comp/sent |
|----|----------------------|-----------|--------|-------|-----|------------------|
| #0 | ""English Without Tears"" | was produced | -      | by Anatole de Grunwald | -   | -                |
| #1 | ""English Without Tears"" | was written  | -      | by Anatole de Grunwald | -   | -                |
| #2 | The editor           | was        | Alan Jaggs | for the film | -   | -                |","# Output
| id | sbj | pred | obj_d | obj_i | sig | adv/cl/comp/sent |
| - | - | - | - | - | - | - |
| #0 | ""English Without Tears"" | was produced | - | by Anatole de Grunwald | - | - |
| #1 | ""English Without Tears"" | was written | - | by Anatole de Grunwald | - | - |
| #2 | The editor for the film | was | Alan Jaggs | - | - | - |"
reference0,27,Aaron Turner was born in Massachusetts and is a post metal musician who plays electric guitar and played with the band Twilight.,"| id | sbj          | pred        | obj_d            | obj_i | sig | adv/cl/comp/sent        |
|----|--------------|-------------|------------------|-------|-----|-------------------------|
| #0 | Aaron Turner | was born     | -                | in    | -   | Massachusetts           |
| #1 | Aaron Turner | is           | a post metal musician | -   | -   | -                       |
| #2 | Aaron Turner | plays        | electric guitar  | -     | -   | -                       |
| #3 | Aaron Turner | played       | with the band Twilight | - | -   | -                       |","| id | sbj          | pred        | obj_d            | obj_i | sig | adv/cl/comp/sent     |
|----|--------------|-------------|------------------|-------|-----|----------------------|
| #0 | Aaron Turner | was born    | -                | in Massachusetts | -   | -                    |
| #1 | Aaron Turner | is          | a post metal musician | -   | -   | -                    |
| #2 | Aaron Turner | plays       | electric guitar  | -     | -   | -                    |
| #3 | Aaron Turner | played      | with the band Twilight | -   | -   | -                    |","| id | sbj          | pred        | obj_d             | obj_i | sig | adv/cl/comp/sent |
|----|--------------|-------------|-------------------|-------|-----|------------------|
| #0 | Aaron Turner | was born    | -                 | in Massachusetts | -   | -                |
| #1 | Aaron Turner | is          | a post metal musician | -   | -   | -                |
| #2 | Aaron Turner | plays       | electric guitar   | -     | -   | -                |
| #3 | Aaron Turner | played      | -                 | with the band Twilight | - | -                |"
reference0,28,"The University of Burgundy has 16,800 undergraduate students.","| id | sbj                    | pred       | obj_d                    | obj_i | sig | adv/cl/comp/sent |
|----|------------------------|------------|--------------------------|-------|-----|------------------|
| #0 | The University of Burgundy | has       | 16,800 undergraduate students | -     | -   | -                |","| id | sbj                    | pred        | obj_d                     | obj_i | sig | adv/cl/comp/sent |
|----|------------------------|-------------|---------------------------|-------|-----|-----------------|
| #0 | The University of Burgundy | has         | 16,800 undergraduate students | -     | -   | -               |","| id | sbj                 | pred      | obj_d                        | obj_i | sig | adv/cl/comp/sent |
|----|---------------------|-----------|------------------------------|-------|-----|-----------------|
| #0 | The University of Burgundy | has       | 16,800 undergraduate students | -     | -   | -               |"
reference0,29,Estádio Municipal Coaracy da Mata Fonseca is a sports ground which is based in Arapiraca and used by the team Agremiação Sportiva Arapiraquense. Agremiação Sportiva Arapiraquense played in the 2015 season of the Brazil based Campeonato Brasileiro Série C league. Vila Nova Futebol Clube have been previous champions of the Campeonato Brasileiro Série C league.,"# Output
| id | sbj | pred | obj_d | obj_i | sig | adv/cl/comp/sent |
| - | - | - | - | - | - | - |
| #0 | Estádio Municipal Coaracy da Mata Fonseca | is | a sports ground | - | - | - |
| #1 | Estádio Municipal Coaracy da Mata Fonseca | is based | - | in Arapiraca | - | - |
| #2 | Estádio Municipal Coaracy da Mata Fonseca | is used | - | by Agremiação Sportiva Arapiraquense | - | - |
| #3 | Agremiação Sportiva Arapiraquense | played | - | in the 2015 season of the Brazil based Campeonato Brasileiro Série C league | - | - |
| #4 | Vila Nova Futebol Clube | have been | previous champions | of the Campeonato Brasileiro Série C league | - | - |","| id | sbj | pred | obj_d | obj_i | sig | adv/cl/comp/sent |
| - | - | - | - | - | - | - |
| #0 | Estádio Municipal Coaracy da Mata Fonseca | is | a sports ground | - | - | - |
| #1 | Estádio Municipal Coaracy da Mata Fonseca | is based | - | in Arapiraca | - | - |
| #2 | Estádio Municipal Coaracy da Mata Fonseca | is used | - | by the team Agremiação Sportiva Arapiraquense | - | - |
| #3 | Agremiação Sportiva Arapiraquense | played | - | in the 2015 season of the Brazil based Campeonato Brasileiro Série C league | - | - |
| #4 | Vila Nova Futebol Clube | have been | previous champions | of the Campeonato Brasileiro Série C league | - | - |","| id | sbj | pred | obj_d | obj_i | sig | adv/cl/comp/sent |
| - | - | - | - | - | - | - |
| #0 | Estádio Municipal Coaracy da Mata Fonseca | is | a sports ground | - | - | - |
| #1 | Estádio Municipal Coaracy da Mata Fonseca | is based | - | in Arapiraca | - | - |
| #2 | Estádio Municipal Coaracy da Mata Fonseca | is used | - | by the team Agremiação Sportiva Arapiraquense | - | - |
| #3 | Agremiação Sportiva Arapiraquense | played | - | in the 2015 season of the Brazil based Campeonato Brasileiro Série C league | - | - |
| #4 | Vila Nova Futebol Clube | have been | previous champions | of the Campeonato Brasileiro Série C league | - | - |"
reference0,30,"The film Super Capers, distributed by Lionsgate and starring Justin Whalin, grossed $30,955.","| id | sbj | pred | obj_d | obj_i | sig | adv/cl/comp/sent |
| - | - | - | - | - | - | - |
| #0 | The film Super Capers | was distributed | - | by Lionsgate | - | - |
| #1 | The film Super Capers | starred | Justin Whalin | - | - | - |
| #2 | The film Super Capers | grossed | $30,955 | - | - | - |","| id | sbj | pred | obj_d | obj_i | sig | adv/cl/comp/sent |
| - | - | - | - | - | - | - |
| #0 | The film Super Capers | was distributed | - | by Lionsgate | - | - |
| #1 | The film Super Capers | starred | Justin Whalin | - | - | - |
| #2 | The film Super Capers | grossed | $30,955 | - | - | - |","| id | sbj | pred | obj_d | obj_i | sig | adv/cl/comp/sent |
| - | - | - | - | - | - | - |
| #0 | The film Super Capers | was distributed | - | by Lionsgate | - | - |
| #1 | The film Super Capers | starred | Justin Whalin | - | - | - |
| #2 | The film Super Capers | grossed | $30,955 | - | - | - |"
reference0,31,"Ciudad Ayala city, led by Juan Nolasco, has a population density of 1604.0.","# Output
| id | sbj            | pred        | obj_d | obj_i | sig | adv/cl/comp/sent |
|----|----------------|-------------|-------|-------|-----|------------------|
| #0 | Ciudad Ayala city | is led by   | Juan Nolasco | -   | -   | -                |
| #1 | Ciudad Ayala city | has         | a population density of 1604.0 | -   | -   | -                |","| id | sbj            | pred               | obj_d                  | obj_i | sig | adv/cl/comp/sent |
|----|----------------|--------------------|------------------------|-------|-----|------------------|
| #0 | Ciudad Ayala city | is led by         | Juan Nolasco           |       |     |                  |
| #1 | Ciudad Ayala city | has a population density | 1604.0               |       |     |                  |","| id | sbj          | pred          | obj_d               | obj_i | sig | adv/cl/comp/sent |
|----|--------------|---------------|---------------------|-------|-----|-----------------|
| #0 | Ciudad Ayala | is led by     | Juan Nolasco        | -     | -   | -               |
| #1 | Ciudad Ayala | has           | a population density | -     | of  | 1604.0          |"
reference0,32,"Lady Anne Monson’s nationality is English but currently resides in India, whose total area is 3,287,590 km^2. One of the leaders of India is Chief Justice.","| id | sbj | pred | obj_d | obj_i | sig | adv/cl/comp/sent |
| - | - | - | - | - | - | - |
| #0 | Lady Anne Monson | is | - | - | - | English |
| #1 | Lady Anne Monson | resides | - | in India | currently |
| #2 | India | has total area | 3,287,590 km^2 | - | - | - |
| #3 | India | has leader | Chief Justice | - | - | - |","| id | sbj                | pred           | obj_d      | obj_i | sig | adv/cl/comp/sent |
|----|--------------------|----------------|------------|-------|-----|------------------|
| #0 | Lady Anne Monson  | is             | English    | -     | -   | -                |
| #1 | Lady Anne Monson  | currently resides | -      | in India | - | -                |
| #2 | India             | has total area | 3,287,590 km^2 | -   | -   | -                |
| #3 | India             | has leader     | Chief Justice | -   | -   | -                |","| id | sbj | pred | obj_d | obj_i | sig | adv/cl/comp/sent |
| - | - | - | - | - | - | - |
| #0 | Lady Anne Monson | is | English | - | but | #1 |
| #1 | Lady Anne Monson | resides | - | in India | - | - |
| #2 | India | has total area | 3,287,590 km^2 | - | - | - |
| #3 | India | has leader | Chief Justice | - | - | - |"
reference0,33,The Train song Mermaid is followed by the John Lennon song Imagine.,"| id | sbj | pred | is followed by | obj_d | obj_i | sig | adv/cl/comp/sent |
| - | - | - | - | - | - | - | - |
| #0 | The Train song Mermaid | is followed by | the John Lennon song Imagine | - | - | - | - |","| id | sbj | pred | is followed by | obj_d | obj_i | sig | adv/cl/comp/sent |
|----|-----|------|----------------|-------|-------|-----|-----------------|
| #0 | The Train song Mermaid | is followed by | the John Lennon song Imagine | - | - | - | - |","| id | sbj | pred | is followed by | obj_d | obj_i | sig | adv/cl/comp/sent |
|----|-----|------|----------------|-------|-------|-----|-----------------|
| #0 | The Train song Mermaid | is followed by | the John Lennon song Imagine | - | - | - | - |"
reference0,34,"Nurhan Atasoy's date of birth is January 1, 1934.","| id | sbj           | pred     | obj_d        | obj_i | sig | adv/cl/comp/sent |
|----|---------------|----------|--------------|-------|-----|------------------|
| #0 | Nurhan Atasoy | was born | -            | on    | -   | January 1, 1934  |","| id | sbj           | pred          | obj_d | obj_i | sig | adv/cl/comp/sent |
|----|---------------|---------------|-------|-------|-----|------------------|
| #0 | Nurhan Atasoy | was born on   | -     | -     | -   | January 1, 1934  |","| id | sbj          | pred        | obj_d         | obj_i | sig | adv/cl/comp/sent |
|----|--------------|-------------|---------------|-------|-----|------------------|
| #0 | Nurhan Atasoy | was born on | January 1, 1934 | -     | -   | -                |"
reference0,35,"Nie Haisheng, born in Zaoyang took part in the Shenzhou 6 mission was part of the mission Shenzhou 10.","| id | sbj         | pred        | obj_d | obj_i | sig | adv/cl/comp/sent |
|----|-------------|-------------|-------|-------|-----|------------------|
| #0 | Nie Haisheng | was born     | -     | in Zaoyang | -   | -                |
| #1 | Nie Haisheng | took part    | -     | in the Shenzhou 6 mission | -   | -                |
| #2 | Nie Haisheng | was part     | -     | of the mission Shenzhou 10 | -   | -                |","| id | sbj         | pred        | obj_d        | obj_i | sig | adv/cl/comp/sent |
|----|-------------|-------------|--------------|-------|-----|------------------|
| #0 | Nie Haisheng | was born     | -            | in Zaoyang | -   | -                |
| #1 | Nie Haisheng | took part    | in the Shenzhou 6 mission | - | -   | -                |
| #2 | Nie Haisheng | was part     | of the mission Shenzhou 10 | - | -   | -                |","| id | sbj         | pred       | obj_d | obj_i | sig | adv/cl/comp/sent |
|----|-------------|------------|-------|-------|-----|------------------|
| #0 | Nie Haisheng | was born   | -     | in Zaoyang | -   | -                |
| #1 | Nie Haisheng | took part  | -     | in the Shenzhou 6 mission | -   | -                |
| #2 | Nie Haisheng | was part   | -     | of the mission Shenzhou 10 | -   | -                |"
reference0,36,"To the northeast of Frederick County, Maryland is Adams County, Pennsylvania, the location of the 11th Mississippi Infantry Monument. The monument is a Contributing Property.","# Output
| id | sbj | pred | is located | obj_d | obj_i | sig | adv/cl/comp/sent |
| - | - | - | - | - | - | - | - |
| #0 | Adams County, Pennsylvania | is located | - | to the northeast of Frederick County, Maryland | - | - | - |
| #1 | the 11th Mississippi Infantry Monument | is located | - | in Adams County, Pennsylvania | - | - | - |
| #2 | the monument | is a | Contributing Property | - | - | - | - |","# Output
| id | sbj | pred | is located | obj_d | obj_i | sig | adv/cl/comp/sent |
| - | - | - | - | - | - | - | - |
| #0 | Adams County, Pennsylvania | is located | - | to the northeast of Frederick County, Maryland | - | - | - |
| #1 | the 11th Mississippi Infantry Monument | is located | - | in Adams County, Pennsylvania | - | - | - |
| #2 | the monument | is a | Contributing Property | - | - | - | - |","# Output
| id | sbj | pred | is located | obj_d | obj_i | sig | adv/cl/comp/sent |
| - | - | - | - | - | - | - | - |
| #0 | Adams County, Pennsylvania | is located | - | to the northeast of Frederick County, Maryland | - | - | - |
| #1 | the 11th Mississippi Infantry Monument | is located | - | in Adams County, Pennsylvania | - | - | - |
| #2 | the 11th Mississippi Infantry Monument | is | a Contributing Property | - | - | - | - |"
reference0,37,The album Expect a miracle is of the easy instrumental Listening music genre.,"| id | sbj | pred | obj_d | obj_i | sig | adv/cl/comp/sent |
|----|-----|------|-------|-------|-----|-----------------|
| #0 | The album Expect a miracle | is of | the easy instrumental Listening music genre | - | - | - |","| id | sbj | pred | obj_d | obj_i | sig | adv/cl/comp/sent |
| - | - | - | - | - | - | - |
| #0 | The album Expect a miracle | is of | the easy instrumental Listening music genre | - | - | - |","| id | sbj | pred | obj_d | obj_i | sig | adv/cl/comp/sent |
|----|-----|------|-------|-------|-----|-----------------|
| #0 | The album Expect a miracle | is of | the easy instrumental Listening music genre | - | - | - |"
reference0,38,"Nurhan Atasoy is a resident of Istanbul, Turkey. Istanbul is in the Eastern European Summer Time zone.","| id | sbj | pred | obj_d | obj_i | sig | adv/cl/comp/sent |
|----|-----|------|-------|-------|-----|-----------------|
| #0 | Nurhan Atasoy | is a resident of | Istanbul, Turkey | - | - | - |
| #1 | Istanbul | is in | the Eastern European Summer Time zone | - | - | - |","| id | sbj            | pred        | obj_d | obj_i | sig | adv/cl/comp/sent        |
|----|----------------|-------------|-------|-------|-----|-------------------------|
| #0 | Nurhan Atasoy  | is resident | -     | of Istanbul, Turkey | -   | -                       |
| #1 | Istanbul       | is in       | the Eastern European Summer Time zone | - | -   | -                       |
| #2 | Istanbul       | is part of  | Turkey | -    | -   | -                       |","| id | sbj             | pred       | obj_d | obj_i | sig | adv/cl/comp/sent       |
|----|-----------------|------------|-------|-------|-----|------------------------|
| #0 | Nurhan Atasoy  | is a resident | -     | in Istanbul, Turkey | -   | -                      |
| #1 | Istanbul, Turkey | is in      | the Eastern European Summer Time zone | -   | -   | -                      |"
reference0,39,"Bootleg Series Volume 1: The Quine Tapes was released by Universal Music Group, a record label run by key person Lucian Grainge. Polydor Records recorded Bootleg Series Volume 1: The Quine Tapes.","# Output
| id | sbj | pred | obj_d | obj_i | sig | adv/cl/comp/sent |
| - | - | - | - | - | - | - |
| #0 | Bootleg Series Volume 1: The Quine Tapes | was released | - | by Universal Music Group | - | - |
| #1 | Universal Music Group | is run | - | by Lucian Grainge | - | - |
| #2 | Polydor Records | recorded | Bootleg Series Volume 1: The Quine Tapes | - | - | - |","# Output
| id | sbj | pred | obj_d | obj_i | sig | adv/cl/comp/sent |
| - | - | - | - | - | - | - |
| #0 | Universal Music Group | released | Bootleg Series Volume 1: The Quine Tapes | - | - | - |
| #1 | Universal Music Group | is run by | Lucian Grainge | - | - | - |
| #2 | Polydor Records | recorded | Bootleg Series Volume 1: The Quine Tapes | - | - | - |","| id | sbj | pred | obj_d | obj_i | sig | adv/cl/comp/sent |
| - | - | - | - | - | - | - |
| #0 | Bootleg Series Volume 1: The Quine Tapes | was released | - | by Universal Music Group | - | - |
| #1 | Universal Music Group | is run | - | by Lucian Grainge | - | - |
| #2 | Polydor Records | recorded | Bootleg Series Volume 1: The Quine Tapes | - | - | - |"
reference0,40,"The band Train followed up ""This'll be my year"" with a 3 minutes, 16 seconds long pop rock song, entitled ""Mermaid."" Mermaid, which is also considered an example of the reggae genre of music, was written by songwriter, Espen Lind and released on December, 27, 2012.","| id | sbj | pred | obj_d | obj_i | sig | adv/cl/comp/sent |
| - | - | - | - | - | - | - |
| #0 | The band Train | followed up | ""This'll be my year"" | with a 3 minutes, 16 seconds long pop rock song, entitled ""Mermaid"" | - | - |
| #1 | ""Mermaid"" | is | a 3 minutes, 16 seconds long pop rock song | - | - | - |
| #2 | ""Mermaid"" | is considered | an example of the reggae genre of music | - | - | - |
| #3 | Espen Lind | wrote | ""Mermaid"" | - | - | - |
| #4 | ""Mermaid"" | was released | - | on | December, 27, 2012 |","# Output
| id | sbj  | pred     | obj_d      | obj_i | sig | adv/cl/comp/sent |
|----|------|----------|------------|-------|-----|------------------|
| #0 | Train | followed up | ""This'll be my year"" | with a 3 minutes, 16 seconds long pop rock song, entitled ""Mermaid"" | - | - |
| #1 | ""Mermaid"" | is | a 3 minutes, 16 seconds long pop rock song | - | - | - |
| #2 | ""Mermaid"" | is also considered | an example of the reggae genre of music | - | - | - |
| #3 | ""Mermaid"" | was written | by songwriter, Espen Lind | - | - | - |
| #4 | ""Mermaid"" | was released | on | December, 27, 2012 | - | - |","| id | sbj | pred | obj_d | obj_i | sig | adv/cl/comp/sent |
| - | - | - | - | - | - | - |
| #0 | The band Train | followed up | ""This'll be my year"" | with a 3 minutes, 16 seconds long pop rock song, entitled ""Mermaid"" | - | - |
| #1 | The song ""Mermaid"" | is | - | also considered an example of the reggae genre of music | - | - |
| #2 | songwriter, Espen Lind | wrote | the song ""Mermaid"" | - | - | - |
| #3 | the song ""Mermaid"" | was released | - | on | December, 27, 2012 |"
reference0,41,"Mermaid,performed by Train, is on the Sony Music Entertainment label;however,John Lennon also released Imagine which was followed by Happy Xmas (War is Over) on the same record label.","| id | sbj | pred | obj_d | obj_i | sig | adv/cl/comp/sent |
|----|-----|------|-------|-------|-----|------------------|
| #0 | Mermaid | is performed by | Train | - | - | - |
| #1 | Mermaid | is on | the Sony Music Entertainment label | - | - | - |
| #2 | John Lennon | released | Imagine | - | however | - |
| #3 | John Lennon | released | Happy Xmas (War is Over) | - | which was followed by | Imagine |
| #4 | Happy Xmas (War is Over) | is on | the same record label | - | - | - |
| #5 | Imagine | is on | the same record label | - | - | - |","| id | sbj | pred | obj_d | obj_i | sig | adv/cl/comp/sent |
|----|-----|------|-------|-------|-----|-----------------|
| #0 | Mermaid | is performed by | Train | - | - | - |
| #1 | Mermaid | is on | the Sony Music Entertainment label | - | - | - |
| #2 | John Lennon | released | Imagine | - | however | - |
| #3 | John Lennon | released | Happy Xmas (War is Over) | - | which was followed by | Imagine |
| #4 | Happy Xmas (War is Over) | is on | the same record label | - | - | - |
| #5 | Imagine | is on | the same record label | - | - | - |","| id | sbj | pred | obj_d | obj_i | sig | adv/cl/comp/sent |
|----|-----|------|-------|-------|-----|------------------|
| #0 | Mermaid | is performed by | Train | - | - | - |
| #1 | Mermaid | is on | the Sony Music Entertainment label | - | - | - |
| #2 | John Lennon | released | Imagine | - | however | - |
| #3 | John Lennon | released | Happy Xmas (War is Over) | - | which was followed by | Imagine |
| #4 | Happy Xmas (War is Over) | is on | the same record label | - | - | - |
| #5 | Imagine | is on | the same record label | - | - | - |"
reference0,42,Bionico is a dessert found in Mexico where peso is the currency. Cookie is also a dessert.,"| id | sbj     | pred          | obj_d    | obj_i | sig  | adv/cl/comp/sent      |
|----|---------|---------------|----------|-------|------|-----------------------|
| #0 | Bionico | is            | a dessert | -     | -    | -                     |
| #1 | Bionico | is found      | -         | in Mexico | where | peso is the currency |
| #2 | Cookie  | is            | a dessert | -     | -    | -                     |
| #3 | peso    | is            | the currency | -   | in   | Mexico               |","| id | sbj | pred | obj_d | obj_i | sig | adv/cl/comp/sent |
|----|-----|------|-------|-------|-----|-----------------|
| #0 | Bionico | is | a dessert | - | - | - |
| #1 | Bionico | is found | - | in Mexico | where | peso is the currency |
| #2 | Cookie | is | a dessert | - | - | - |
| #3 | peso | is | the currency | - | in | Mexico |","| id | sbj    | pred       | obj_d    | obj_i | sig  | adv/cl/comp/sent        |
|----|--------|------------|----------|-------|------|-------------------------|
| #0 | Bionico | is         | a dessert | -     | in   | Mexico                  |
| #1 | Mexico  | has        | peso     | as    | the  | currency                |
| #2 | Cookie  | is also    | a dessert | -     | -    | -                       |"
reference0,43,"Jamie Lawrence is the music composer of the 83 minute 'Death on a Factory Farm' film, directed by Sarah Teale.","| id | sbj           | pred             | obj_d                         | obj_i | sig | adv/cl/comp/sent |
|----|---------------|------------------|-------------------------------|-------|-----|------------------|
| #0 | Jamie Lawrence | is the music composer | -                             | of the 83 minute 'Death on a Factory Farm' film | -   | -                |
| #1 | the 83 minute 'Death on a Factory Farm' film | is directed | -          | by Sarah Teale   | -   | -                |","| id | sbj           | pred         | obj_d                    | obj_i | sig | adv/cl/comp/sent |
|----|---------------|--------------|--------------------------|-------|-----|-----------------|
| #0 | Jamie Lawrence | is           | the music composer       | of the 83 minute 'Death on a Factory Farm' film | -   | -               |
| #1 | the 83 minute 'Death on a Factory Farm' film | is directed | - | by Sarah Teale | -   | -               |","| id | sbj           | pred          | obj_d                         | obj_i | sig | adv/cl/comp/sent |
|----|---------------|---------------|-------------------------------|-------|-----|------------------|
| #0 | Jamie Lawrence | is            | the music composer            | of the 83 minute 'Death on a Factory Farm' film | -   | -                |
| #1 | the 83 minute 'Death on a Factory Farm' film | is directed by | Sarah Teale                  | -     | -   | -                |"
reference0,44,"Olga Bondareva, who was born on April 27, 1937, graduated from Leningrad State University.","# Output
| id | sbj           | pred      | obj_d | obj_i | sig | adv/cl/comp/sent |
|----|---------------|-----------|-------|-------|-----|------------------|
| #0 | Olga Bondareva | was born  | -     | on    | April 27, 1937     |
| #1 | Olga Bondareva | graduated | -     | from  | Leningrad State University |","# Output
| id | sbj            | pred      | obj_d | obj_i | sig | adv/cl/comp/sent |
|----|----------------|-----------|-------|-------|-----|------------------|
| #0 | Olga Bondareva | was born   | -     | on    | -   | April 27, 1937   |
| #1 | Olga Bondareva | graduated  | -     | from  | -   | Leningrad State University |","# Output
| id | sbj           | pred      | obj_d | obj_i | sig | adv/cl/comp/sent |
|----|---------------|-----------|-------|-------|-----|------------------|
| #0 | Olga Bondareva | was born  | -     | on    | April 27, 1937     |
| #1 | Olga Bondareva | graduated | -     | from  | Leningrad State University |"
reference0,45,"Nie Haisheng is from the People's Republic of China, he was born in Zaoyang, Hubei.","| id | sbj         | pred     | obj_d | obj_i | sig | adv/cl/comp/sent |
|----|-------------|----------|-------|-------|-----|------------------|
| #0 | Nie Haisheng | is from  | -     | the People's Republic of China | - | - |
| #1 | Nie Haisheng | was born | -     | in Zaoyang, Hubei | - | - |","| id | sbj         | pred       | obj_d | obj_i | sig | adv/cl/comp/sent |
|----|-------------|------------|-------|-------|-----|------------------|
| #0 | Nie Haisheng | is from    | -     | the People's Republic of China | - | - |
| #1 | Nie Haisheng | was born   | -     | in Zaoyang, Hubei | - | - |","| id | sbj         | pred   | obj_d | obj_i | sig | adv/cl/comp/sent |
|----|-------------|--------|-------|-------|-----|------------------|
| #0 | Nie Haisheng | is from | the People's Republic of China | - | - | - |
| #1 | Nie Haisheng | was born | in Zaoyang, Hubei | - | - | - |"
reference0,46,Piotr Hallmann is 175.26 cm tall and weighs 70.308 kg.,"| id | sbj           | pred      | obj_d    | obj_i | sig | adv/cl/comp/sent |
|----|---------------|-----------|----------|-------|-----|------------------|
| #0 | Piotr Hallmann | is tall   | 175.26 cm | -     | -   | -                |
| #1 | Piotr Hallmann | weighs    | 70.308 kg | -     | -   | -                |","| id | sbj           | pred  | obj_d    | obj_i | sig | adv/cl/comp/sent |
|----|---------------|-------|----------|-------|-----|------------------|
| #0 | Piotr Hallmann | is    | 175.26 cm | tall  | -   | -                |
| #1 | Piotr Hallmann | weighs | 70.308 kg | -     | -   | -                |","| id | sbj           | pred     | obj_d     | obj_i | sig | adv/cl/comp/sent |
|----|---------------|----------|-----------|-------|-----|------------------|
| #0 | Piotr Hallmann | is tall  | 175.26 cm | -     | -   | -                |
| #1 | Piotr Hallmann | weighs   | 70.308 kg | -     | -   | -                |"
reference0,47,La Crosse is a city in La Crosse County in the U.S. state of Wisconsin.,"| id | sbj       | pred | obj_d | obj_i | sig | adv/cl/comp/sent         |
|----|-----------|------|-------|-------|-----|--------------------------|
| #0 | La Crosse | is   | a city| -     | in  | La Crosse County         |
| #1 | La Crosse County | is in | the U.S. state of Wisconsin | - | - | - |","| id | sbj       | pred | obj_d | obj_i | sig | adv/cl/comp/sent |
|----|-----------|------|-------|-------|-----|------------------|
| #0 | La Crosse | is   | a city | -     | in  | La Crosse County |
| #1 | La Crosse County | is in | the U.S. state of Wisconsin | - | - | - |","| id | sbj       | pred | obj_d | obj_i | sig | adv/cl/comp/sent |
|----|-----------|------|-------|-------|-----|------------------|
| #0 | La Crosse | is   | a city | -     | in  | La Crosse County |
| #1 | La Crosse County | is in | the U.S. state of Wisconsin | - | - | - |"
reference0,48,Brian Kelly produced an instrumental album titled Expect A Miracle.,"# Output
| id | sbj       | pred     | obj_d                  | obj_i | sig | adv/cl/comp/sent |
|----|-----------|----------|------------------------|-------|-----|-----------------|
| #0 | Brian Kelly | produced | an instrumental album  | -     | -   | -               |
| #1 | an instrumental album | is titled | Expect A Miracle | -   | -   | -               |","# Output
| id | sbj       | pred    | obj_d                 | obj_i | sig | adv/cl/comp/sent |
|----|-----------|---------|-----------------------|-------|-----|------------------|
| #0 | Brian Kelly | produced | an instrumental album | -     | -   | -                |
| #1 | an instrumental album | is titled | Expect A Miracle | -   | -   | -                |","# Output
| id | sbj       | pred    | obj_d                    | obj_i | sig | adv/cl/comp/sent |
|----|-----------|---------|--------------------------|-------|-----|------------------|
| #0 | Brian Kelly | produced | an instrumental album | -     | -   | -                |
| #1 | an instrumental album | is titled | Expect A Miracle | -     | -   | -                |"
reference0,49,Andrew Rayel who performed the genre of Trance music is associated with the musical artist Armin van Buuren.,"| id | sbj         | pred        | obj_d | obj_i | sig | adv/cl/comp/sent |
|----|-------------|-------------|-------|-------|-----|------------------|
| #0 | Andrew Rayel| performed   | -     | -     | in  | the genre of Trance music |
| #1 | Andrew Rayel| is associated with | Armin van Buuren | - | - | - |","| id | sbj         | pred        | obj_d | obj_i | sig | adv/cl/comp/sent |
|----|-------------|-------------|-------|-------|-----|------------------|
| #0 | Andrew Rayel | performed   | -     | -     | in  | the genre of Trance music |
| #1 | Andrew Rayel | is associated with | Armin van Buuren | - | - | - |
| #2 | Andrew Rayel | performed the genre of | Trance music | - | - | - |","| id | sbj         | pred       | obj_d | obj_i | sig | adv/cl/comp/sent |
|----|-------------|------------|-------|-------|-----|------------------|
| #0 | Andrew Rayel | performed  | -     | -     | in  | the genre of Trance music |
| #1 | Andrew Rayel | is associated with | Armin van Buuren | - | - | - |
| #2 | Andrew Rayel | performed | the genre of Trance music | - | - | - |"
reference0,50,Aleksandr Prudnikov was born on 1989-02-24 and plays for FC Amkar Perm. He was also a member of the youth side of FC Spartak Moscow.,"| id | sbj                | pred        | obj_d | obj_i | sig | adv/cl/comp/sent         |
|----|--------------------|-------------|-------|-------|-----|--------------------------|
| #0 | Aleksandr Prudnikov | was born    | -     | on    | 1989-02-24                 |
| #1 | Aleksandr Prudnikov | plays       | -     | for   | FC Amkar Perm              |
| #2 | Aleksandr Prudnikov | was         | a member | of  | the youth side of FC Spartak Moscow |","| id | sbj               | pred        | obj_d | obj_i | sig | adv/cl/comp/sent       |
|----|-------------------|-------------|-------|-------|-----|------------------------|
| #0 | Aleksandr Prudnikov | was born    | -     | on    | -   | 1989-02-24             |
| #1 | Aleksandr Prudnikov | plays       | -     | for   | -   | FC Amkar Perm          |
| #2 | Aleksandr Prudnikov | was         | a member | of   | -   | the youth side of FC Spartak Moscow |","| id | sbj               | pred        | obj_d             | obj_i | sig | adv/cl/comp/sent       |
|----|-------------------|-------------|-------------------|-------|-----|------------------------|
| #0 | Aleksandr Prudnikov | was born    | -                 | -     | on  | 1989-02-24             |
| #1 | Aleksandr Prudnikov | plays       | -                 | for   | FC Amkar Perm            |
| #2 | Aleksandr Prudnikov | was         | a member          | of    | the youth side of FC Spartak Moscow |"
reference0,51,Detroit is part of Michigan.,"| id | sbj      | pred | obj_d    | obj_i | sig | adv/cl/comp/sent |
|----|----------|------|----------|-------|-----|------------------|
| #0 | Detroit  | is part of | Michigan | -     | -   | -                |","| id | sbj     | pred | obj_d    | obj_i | sig | adv/cl/comp/sent |
|----|---------|------|----------|-------|-----|------------------|
| #0 | Detroit | is part of | Michigan | -   | -   | -                |","| id | sbj    | pred | obj_d   | obj_i | sig | adv/cl/comp/sent |
|----|--------|------|---------|-------|-----|------------------|
| #0 | Detroit | is part of | Michigan | -   | -   | -                |"
reference0,52,Abraham Ribicoff was born in the USA. He was married to Casey Ribicoff and was succeeded by John N. Dempsey.,"| id | sbj            | pred      | obj_d          | obj_i | sig | adv/cl/comp/sent |
|----|----------------|-----------|----------------|-------|-----|------------------|
| #0 | Abraham Ribicoff | was born  | -              | in the USA | -   | -                |
| #1 | Abraham Ribicoff | was married | to Casey Ribicoff | -   | -   | -                |
| #2 | Abraham Ribicoff | was succeeded | by John N. Dempsey | - | -   | -                |","| id | sbj             | pred      | obj_d         | obj_i | sig | adv/cl/comp/sent |
|----|-----------------|-----------|---------------|-------|-----|------------------|
| #0 | Abraham Ribicoff | was born  | -             | in the USA | -   | -                |
| #1 | Abraham Ribicoff | was married | to Casey Ribicoff | -   | -   | -                |
| #2 | Abraham Ribicoff | was succeeded | by John N. Dempsey | -   | -   | -                |","| id | sbj             | pred     | obj_d        | obj_i | sig | adv/cl/comp/sent |
|----|-----------------|----------|--------------|-------|-----|------------------|
| #0 | Abraham Ribicoff | was born | -            | in the USA | -   | -                |
| #1 | Abraham Ribicoff | was married | to Casey Ribicoff | -   | -   | -                |
| #2 | Abraham Ribicoff | was succeeded | by John N. Dempsey | -   | -   | -                |"
reference0,53,The song Mermaid is by the musical band Train.,"| id | sbj | pred | obj_d | obj_i | sig | adv/cl/comp/sent |
| - | - | - | - | - | - | - |
| #0 | The song Mermaid | is by | the musical band Train | - | - | - |","| id | sbj | pred | obj_d | obj_i | sig | adv/cl/comp/sent |
| - | - | - | - | - | - | - |
| #0 | The song Mermaid | is by | the musical band Train | - | - | - |","| id | sbj | pred | obj_d | obj_i | sig | adv/cl/comp/sent |
| - | - | - | - | - | - | - |
| #0 | The song Mermaid | is by | the musical band Train | - | - | - |"
reference0,54,Expect a Miracle is in the instrumental music genre.,"| id | sbj             | pred | obj_d    | obj_i | sig | adv/cl/comp/sent |
|----|-----------------|------|----------|-------|-----|------------------|
| #0 | Expect a Miracle | is in | - | the instrumental music genre | - | - |","| id | sbj | pred | obj_d | obj_i | sig | adv/cl/comp/sent |
| - | - | - | - | - | - | - |
| #0 | Expect a Miracle | is in | - | the instrumental music genre | - | - |","| id | sbj             | pred | obj_d                | obj_i | sig | adv/cl/comp/sent |
|----|-----------------|------|----------------------|-------|-----|------------------|
| #0 | Expect a Miracle | is   | in the instrumental music genre | -     | -   | -                |"
reference0,55,"Liselotte Grschebina was born 115 meters above sea-level, in Karlsruhe, in the German Empire, where the currency is the German Papiermark.","# Output
| id | sbj                | pred     | obj_d | obj_i | sig | adv/cl/comp/sent                  |
|----|--------------------|----------|-------|-------|-----|-----------------------------------|
| #0 | Liselotte Grschebina | was born | -     | -     | in  | Karlsruhe, in the German Empire  |
| #1 | Karlsruhe          | is located | -     | -     | -   | 115 meters above sea-level       |
| #2 | Karlsruhe          | is in     | the German Empire | - | -   | -                             |
| #3 | the German Empire  | has currency | the German Papiermark | - | -   | -                         |","# Output
| id | sbj                | pred      | obj_d | obj_i | sig | adv/cl/comp/sent                |
|----|--------------------|-----------|-------|-------|-----|---------------------------------|
| #0 | Liselotte Grschebina | was born  | -     | -     | in  | Karlsruhe, in the German Empire |
| #1 | Karlsruhe          | is located | -     | -     | -   | 115 meters above sea-level      |
| #2 | Karlsruhe          | is in     | the German Empire | - | -   | -                             |
| #3 | the German Empire  | has currency | the German Papiermark | - | -   | -                           |","# Output
| id | sbj                | pred     | obj_d | obj_i | sig | adv/cl/comp/sent                |
|----|--------------------|----------|-------|-------|-----|---------------------------------|
| #0 | Liselotte Grschebina | was born | -     | -     | in  | Karlsruhe, in the German Empire |
| #1 | Karlsruhe          | is in    | the German Empire | -     | -   | -                           |
| #2 | Karlsruhe          | is       | 115 meters above sea-level | -     | -   | -                           |
| #3 | the German Empire  | has currency | the German Papiermark | -     | -   | -                           |"
reference0,56,"Brandon Carter, a specialist in General Relativity, is known for the Carter Constant.","# Output
| id | sbj           | pred        | obj_d            | obj_i | sig | adv/cl/comp/sent |
|----|---------------|-------------|------------------|-------|-----|------------------|
| #0 | Brandon Carter | is known for | the Carter Constant | -     | -   | -                |
| #1 | Brandon Carter | is a specialist | -                | in General Relativity | -   | -                |","# Output
| id | sbj           | pred        | obj_d           | obj_i | sig | adv/cl/comp/sent |
|----|---------------|-------------|-----------------|-------|-----|------------------|
| #0 | Brandon Carter | is known    | for the Carter Constant | -     | -   | -                |
| #1 | Brandon Carter | is a specialist | in General Relativity  | -     | -   | -                |","# Output
| id | sbj           | pred     | obj_d           | obj_i | sig | adv/cl/comp/sent |
|----|---------------|----------|-----------------|-------|-----|------------------|
| #0 | Brandon Carter | is known | for the Carter Constant | -     | -   | -                |
| #1 | Brandon Carter | is       | a specialist    | in General Relativity | -   | -                |"
reference0,57,"Brandon Carter was born on January 1, 1942 and worked professionally in the field of General Relativity. Brandon Carter was known for the Carter Constant and his contributions to the no-hair theorem. Dennis William Sciama was his doctoral advisor.","| id | sbj             | pred         | obj_d                | obj_i | sig | adv/cl/comp/sent          |
|----|-----------------|--------------|----------------------|-------|-----|--------------------------|
| #0 | Brandon Carter  | was born     | -                    | on    | -   | January 1, 1942          |
| #1 | Brandon Carter  | worked       | -                    | in    | -   | the field of General Relativity |
| #2 | Brandon Carter  | was known    | for the Carter Constant | -   | and | #3                       |
| #3 | Brandon Carter  | contributed  | -                    | to    | -   | the no-hair theorem      |
| #4 | Dennis William Sciama | was   | Brandon Carter's doctoral advisor | - | - | -                    |","| id | sbj             | pred         | obj_d                  | obj_i | sig | adv/cl/comp/sent      |
|----|-----------------|--------------|------------------------|-------|-----|-----------------------|
| #0 | Brandon Carter  | was born     | -                      | on    | -   | January 1, 1942       |
| #1 | Brandon Carter  | worked       | -                      | in    | -   | the field of General Relativity |
| #2 | Brandon Carter  | was known    | for the Carter Constant | -     | -   | -                     |
| #3 | Brandon Carter  | contributed  | -                      | to    | -   | the no-hair theorem   |
| #4 | Dennis William Sciama | was   | doctoral advisor       | to    | -   | Brandon Carter        |","| id | sbj             | pred          | obj_d                | obj_i | sig | adv/cl/comp/sent       |
|----|-----------------|---------------|----------------------|-------|-----|------------------------|
| #0 | Brandon Carter  | was born      | -                    | on    | -   | January 1, 1942        |
| #1 | Brandon Carter  | worked        | professionally       | in    | -   | the field of General Relativity |
| #2 | Brandon Carter  | was known for | the Carter Constant  | -     | -   | -                      |
| #3 | Brandon Carter  | contributed   | -                    | to    | -   | the no-hair theorem    |
| #4 | Dennis William Sciama | was      | the doctoral advisor | of    | -   | Brandon Carter         |"
reference0,58,"Bootleg Series Volume I: The Quine Tapes's genre is rock, of which proto-punk is a musical subgenre.","| id | sbj | pred | obj_d | obj_i | sig | adv/cl/comp/sent |
| - | - | - | - | - | - | - |
| #0 | Bootleg Series Volume I: The Quine Tapes | has genre | rock | - | - | - |
| #1 | rock | has musical subgenre | proto-punk | - | - | - |","| id | sbj | pred | obj_d | obj_i | sig | adv/cl/comp/sent |
| - | - | - | - | - | - | - |
| #0 | Bootleg Series Volume I: The Quine Tapes | has genre | rock | - | - | - |
| #1 | rock | has subgenre | proto-punk | - | - | - |","| id | sbj | pred | obj_d | obj_i | sig | adv/cl/comp/sent |
| - | - | - | - | - | - | - |
| #0 | Bootleg Series Volume I: The Quine Tapes | has genre | rock | - | - | - |
| #1 | rock | has subgenre | proto-punk | - | - | - |"
reference0,59,"Piotr Hallmann was born on August 25, 1987 and he weighs 70.308 kilograms.","| id | sbj           | pred          | obj_d | obj_i | sig | adv/cl/comp/sent        |
|----|---------------|---------------|-------|-------|-----|-------------------------|
| #0 | Piotr Hallmann| was born      | -     | -     | on  | August 25, 1987         |
| #1 | Piotr Hallmann| weighs        | 70.308 kilograms | - | -   | -                   |","| id | sbj           | pred      | obj_d | obj_i | sig | adv/cl/comp/sent |
|----|---------------|-----------|-------|-------|-----|------------------|
| #0 | Piotr Hallmann | was born  | -     | -     | on  | August 25, 1987  |
| #1 | Piotr Hallmann | weighs    | 70.308 kilograms | - | -   | -                |","| id | sbj           | pred        | obj_d | obj_i | sig | adv/cl/comp/sent       |
|----|---------------|-------------|-------|-------|-----|------------------------|
| #0 | Piotr Hallmann | was born on | -     | -     | -   | August 25, 1987        |
| #1 | Piotr Hallmann | weighs      | 70.308 kilograms | - | -   | -                      |"
reference0,60,The population in the Ciudad Ayala metropolitan area is 1777539.,"| id | sbj | pred | obj_d | obj_i | sig | adv/cl/comp/sent |
|----|-----|------|-------|-------|-----|-----------------|
| #0 | The population | is | 1777539 | in the Ciudad Ayala metropolitan area | - | - |","| id | sbj | pred | obj_d | obj_i | sig | adv/cl/comp/sent |
|----|-----|------|-------|-------|-----|-----------------|
| #0 | The population | is | 1777539 | in the Ciudad Ayala metropolitan area | - | - |","| id | sbj | pred | obj_d | obj_i | sig | adv/cl/comp/sent |
|----|-----|------|-------|-------|-----|-----------------|
| #0 | The population | is | 1777539 | in the Ciudad Ayala metropolitan area | - | - |"
reference0,61,"The rock album ""Bootleg Series Volume 1: The Quine Tapes"" was produced by proto-punk band The Velvet Underground.","# Output
| id | sbj | pred | obj_d | obj_i | sig | adv/cl/comp/sent |
| - | - | - | - | - | - | - |
| #0 | The rock album ""Bootleg Series Volume 1: The Quine Tapes"" | was produced by | - | The Velvet Underground | - | - |","# Output
| id | sbj | pred | obj_d | obj_i | sig | adv/cl/comp/sent |
| - | - | - | - | - | - | - |
| #0 | The rock album ""Bootleg Series Volume 1: The Quine Tapes"" | was produced by | - | proto-punk band The Velvet Underground | - | - |","# Output
| id | sbj | pred | obj_d | obj_i | sig | adv/cl/comp/sent |
| - | - | - | - | - | - | - |
| #0 | The rock album ""Bootleg Series Volume 1: The Quine Tapes"" | was produced by | - | proto-punk band The Velvet Underground | - | - |"
reference0,62,"George Allen & Unwin published The Fellowship of the Ring, a fantasy, on July 29th, 1954. The Fellowship of the Ring is preceded by the Hobbit and followed by The Two Towers.","# Output
| id | sbj | pred | obj_d | obj_i | sig | adv/cl/comp/sent |
| - | - | - | - | - | - | - |
| #0 | George Allen & Unwin | published | The Fellowship of the Ring, a fantasy | - | on | July 29th, 1954 |
| #1 | The Fellowship of the Ring | is preceded by | The Hobbit | - | - | - |
| #2 | The Fellowship of the Ring | is followed by | The Two Towers | - | - | - |","| id | sbj                   | pred      | obj_d                      | obj_i | sig       | adv/cl/comp/sent          |
|----|-----------------------|-----------|----------------------------|-------|-----------|---------------------------|
| #0 | George Allen & Unwin  | published | The Fellowship of the Ring | -     | on        | July 29th, 1954           |
| #1 | The Fellowship of the Ring | is       | a fantasy                  | -     | -         | -                         |
| #2 | The Fellowship of the Ring | is preceded | by the Hobbit             | -     | -         | -                         |
| #3 | The Fellowship of the Ring | is followed | by The Two Towers         | -     | -         | -                         |","| id | sbj | pred | obj_d | obj_i | sig | adv/cl/comp/sent |
|----|-----|------|-------|-------|-----|-----------------|
| #0 | George Allen & Unwin | published | The Fellowship of the Ring, a fantasy | - | on | July 29th, 1954 |
| #1 | The Fellowship of the Ring | is preceded by | The Hobbit | - | - | - |
| #2 | The Fellowship of the Ring | is followed by | The Two Towers | - | - | - |"
reference0,63,"A monument to the 11th Mississippi Infantry was erected in 2000 categorised as a contributing property and stands in the state of Pennsylvania in the municipality of Gettysburg in Pennsylvania located in Adams County, Pennsylvania. Carroll County Maryland is southeast and Pennsylvania's Cumberland County is to the north of the Adams County.","# Output
| id | sbj | pred | obj_d | obj_i | sig | adv/cl/comp/sent |
| - | - | - | - | - | - | - |
| #0 | A monument to the 11th Mississippi Infantry | was erected | - | - | in | 2000 |
| #1 | A monument to the 11th Mississippi Infantry | is categorised as | a contributing property | - | - | - |
| #2 | A monument to the 11th Mississippi Infantry | stands | - | in the state of Pennsylvania in the municipality of Gettysburg in Pennsylvania located in Adams County, Pennsylvania | - | - |
| #3 | Adams County | is located in | Pennsylvania | - | - | - |
| #4 | Carroll County Maryland | is | southeast | - | of | Adams County |
| #5 | Cumberland County | is | north | - | of | Adams County |","# Output
| id | sbj | pred | obj_d | obj_i | sig | adv/cl/comp/sent |
| - | - | - | - | - | - | - |
| #0 | A monument to the 11th Mississippi Infantry | was erected | - | - | in | 2000 |
| #1 | A monument to the 11th Mississippi Infantry | is categorised as | a contributing property | - | - | - |
| #2 | A monument to the 11th Mississippi Infantry | stands | - | in the state of Pennsylvania in the municipality of Gettysburg in Pennsylvania located in Adams County, Pennsylvania | - | - |
| #3 | Adams County | is located in | Pennsylvania | - | - | - |
| #4 | Carroll County Maryland | is | southeast | - | of | Adams County |
| #5 | Pennsylvania's Cumberland County | is | to the north | - | of | Adams County |","# Output
| id | sbj | pred | obj_d | obj_i | sig | adv/cl/comp/sent |
| - | - | - | - | - | - | - |
| #0 | A monument to the 11th Mississippi Infantry | was erected | - | - | in | 2000 |
| #1 | A monument to the 11th Mississippi Infantry | is categorised as | a contributing property | - | - | - |
| #2 | A monument to the 11th Mississippi Infantry | stands | - | in the state of Pennsylvania in the municipality of Gettysburg in Pennsylvania located in Adams County, Pennsylvania | - | - |
| #3 | Adams County | is located in | Pennsylvania | - | - | - |
| #4 | Carroll County Maryland | is | southeast | - | of | Adams County |
| #5 | Pennsylvania's Cumberland County | is | to the north | - | of | Adams County |"
reference0,64,The album Turn Me On (which has run time of 35.1 minutes) was preceded by the album Let It Breed; Let It Breed is preceded by the release of the album Love American Style.,"| id | sbj | pred | obj_d | obj_i | sig | adv/cl/comp/sent |
| - | - | - | - | - | - | - |
| #0 | the album Turn Me On | has run time | 35.1 minutes | - | - | - |
| #1 | the album Turn Me On | was preceded by | the album Let It Breed | - | - | - |
| #2 | the album Let It Breed | was preceded by | the release of the album Love American Style | - | - | - |","| id | sbj | pred | obj_d | obj_i | sig | adv/cl/comp/sent |
| - | - | - | - | - | - | - |
| #0 | the album Turn Me On | was preceded by | the album Let It Breed | - | - | - |
| #1 | the album Let It Breed | was preceded by | the release of the album Love American Style | - | - | - |
| #2 | the album Turn Me On | has run time | 35.1 minutes | - | - | - |","| id | sbj | pred | obj_d | obj_i | sig | adv/cl/comp/sent |
|----|-----|------|-------|-------|-----|-----------------|
| #0 | The album Turn Me On | was preceded by | the album Let It Breed | - | - | - |
| #1 | The album Let It Breed | was preceded by | the release of the album Love American Style | - | - | - |
| #2 | The album Turn Me On | has run time | 35.1 minutes | - | - | - |"
reference0,65,The album Turn Me On is by the American band The Honeymoon Killers.,"# Output
| id | sbj                | pred | obj_d                  | obj_i | sig | adv/cl/comp/sent |
|----|--------------------|------|------------------------|-------|-----|------------------|
| #0 | The album Turn Me On | is by | the American band The Honeymoon Killers | -     | -   | -                |","# Output
| id | sbj                     | pred | obj_d | obj_i | sig | adv/cl/comp/sent |
|----|-------------------------|------|-------|-------|-----|------------------|
| #0 | The album Turn Me On    | is by | -     | the American band The Honeymoon Killers | -   | -                |","# Output
| id | sbj                 | pred | obj_d                | obj_i | sig | adv/cl/comp/sent |
|----|---------------------|------|----------------------|-------|-----|------------------|
| #0 | The album Turn Me On | is by | the American band The Honeymoon Killers | -     | -   | -                |"
reference0,66,"The 11th Mississippi Infantry Monument is in the United States in a place called the municipality of Gettysburg in Adams County, Pennsylvania. This place has to its southeast Carroll County, Maryland and to its north Pennsylvania's Cumberland County. The 11th Mississippi Infantry Monument is classified as a contributing property.","| id | sbj | pred | obj_d | obj_i | sig | adv/cl/comp/sent |
| - | - | - | - | - | - | - |
| #0 | The 11th Mississippi Infantry Monument | is | - | in the United States | - | - |
| #1 | The 11th Mississippi Infantry Monument | is | - | in the municipality of Gettysburg, Adams County, Pennsylvania | - | - |
| #2 | The municipality of Gettysburg, Adams County, Pennsylvania | has | Carroll County, Maryland | to its southeast | - | - |
| #3 | The municipality of Gettysburg, Adams County, Pennsylvania | has | Pennsylvania's Cumberland County | to its north | - | - |
| #4 | The 11th Mississippi Infantry Monument | is classified as | a contributing property | - | - | - |","| id | sbj | pred | obj_d | obj_i | sig | adv/cl/comp/sent |
| - | - | - | - | - | - | - |
| #0 | The 11th Mississippi Infantry Monument | is located | - | in the United States | - | - |
| #1 | The 11th Mississippi Infantry Monument | is in | the municipality of Gettysburg | in Adams County, Pennsylvania | - | - |
| #2 | The municipality of Gettysburg | has | Carroll County, Maryland | to its southeast | - | - |
| #3 | The municipality of Gettysburg | has | Pennsylvania's Cumberland County | to its north | - | - |
| #4 | The 11th Mississippi Infantry Monument | is classified as | a contributing property | - | - | - |","| id | sbj | pred | obj_d | obj_i | sig | adv/cl/comp/sent |
| - | - | - | - | - | - | - |
| #0 | The 11th Mississippi Infantry Monument | is located | - | in the United States | - | - |
| #1 | The 11th Mississippi Infantry Monument | is in | - | the municipality of Gettysburg in Adams County, Pennsylvania | - | - |
| #2 | the municipality of Gettysburg | is in | Adams County | - | - | - |
| #3 | Adams County | is in | Pennsylvania | - | - | - |
| #4 | the municipality of Gettysburg | has to its southeast | Carroll County, Maryland | - | - | - |
| #5 | the municipality of Gettysburg | has to its north | Pennsylvania's Cumberland County | - | - | - |
| #6 | The 11th Mississippi Infantry Monument | is classified as | a contributing property | - | - | - |"
reference0,67,"""Imagine"" is a song by musical artist, John Lennon.","# Output
| id | sbj | pred | obj_d | obj_i | sig | adv/cl/comp/sent |
| - | - | - | - | - | - | - |
| #0 | ""Imagine"" | is | a song | - | by | John Lennon |","# Output
| id | sbj | pred | is | obj_d | obj_i | sig | adv/cl/comp/sent |
| - | - | - | - | - | - | - | - |
| #0 | ""Imagine"" | is a song by | John Lennon | - | - | - | - |
| #1 | John Lennon | is musical artist | - | - | - | - | - |","# Output
| id | sbj | pred | is | obj_d | obj_i | sig | adv/cl/comp/sent |
| - | - | - | - | - | - | - | - |
| #0 | ""Imagine"" | is a song by | - | musical artist, John Lennon | - | - | - |
| #1 | John Lennon | is a musical artist | - | - | - | - | - |"
reference0,68,"The Acharya Institute of Technology which is in India, is affiliated with Visvesvaraya Technological University and was given the Technical Campus status by The All India Council for Technical Education which is in Mumbai. The campus address for the Acharya Institute of Technology is: Soldevanahalli, Acharya Dr. Sarvapalli Radhakrishnan Road, Hessarghatta Main Road, Bangalore - 560090.","| id | sbj | pred | obj_d | obj_i | sig | adv/cl/comp/sent |
| - | - | - | - | - | - | - |
| #0 | The Acharya Institute of Technology | is in | India | - | - | - |
| #1 | The Acharya Institute of Technology | is affiliated with | Visvesvaraya Technological University | - | - | - |
| #2 | The Acharya Institute of Technology | was given | the Technical Campus status | by The All India Council for Technical Education | - | - |
| #3 | The All India Council for Technical Education | is in | Mumbai | - | - | - |
| #4 | The campus address for the Acharya Institute of Technology | is | Soldevanahalli, Acharya Dr. Sarvapalli Radhakrishnan Road, Hessarghatta Main Road, Bangalore - 560090 | - | - | - |","| id | sbj | pred | obj_d | obj_i | sig | adv/cl/comp/sent |
| - | - | - | - | - | - | - |
| #0 | The Acharya Institute of Technology | is in | India | - | - | - |
| #1 | The Acharya Institute of Technology | is affiliated with | Visvesvaraya Technological University | - | - | - |
| #2 | The Acharya Institute of Technology | was given | the Technical Campus status | by The All India Council for Technical Education | - | - |
| #3 | The All India Council for Technical Education | is in | Mumbai | - | - | - |
| #4 | The campus address for the Acharya Institute of Technology | is | Soldevanahalli, Acharya Dr. Sarvapalli Radhakrishnan Road, Hessarghatta Main Road, Bangalore - 560090 | - | - | - |","| id | sbj | pred | obj_d | obj_i | sig | adv/cl/comp/sent |
| - | - | - | - | - | - | - |
| #0 | The Acharya Institute of Technology | is in | India | - | - | - |
| #1 | The Acharya Institute of Technology | is affiliated with | Visvesvaraya Technological University | - | - | - |
| #2 | The Acharya Institute of Technology | was given | the Technical Campus status | by The All India Council for Technical Education | - | - |
| #3 | The All India Council for Technical Education | is in | Mumbai | - | - | - |
| #4 | The campus address for the Acharya Institute of Technology | is | Soldevanahalli, Acharya Dr. Sarvapalli Radhakrishnan Road, Hessarghatta Main Road, Bangalore - 560090 | - | - | - |"
reference0,69,Bionico dessert is a food found in Mexico (currency: peso). Sandesh is also a dessert.,"| id | sbj          | pred        | obj_d   | obj_i | sig | adv/cl/comp/sent |
|----|--------------|-------------|---------|-------|-----|------------------|
| #0 | Bionico dessert | is found in | -       | Mexico | -   | -                |
| #1 | Bionico dessert | is          | a food  | -     | -   | -                |
| #2 | Mexico         | has currency | peso    | -     | -   | -                |
| #3 | Sandesh        | is          | a dessert | -    | -   | -                |","| id | sbj           | pred        | obj_d   | obj_i | sig | adv/cl/comp/sent |
|----|---------------|-------------|---------|-------|-----|------------------|
| #0 | Bionico dessert | is          | a food  | -     | -   | -                |
| #1 | Bionico dessert | is found    | -       | in Mexico | -   | -                |
| #2 | Mexico         | has currency | peso    | -     | -   | -                |
| #3 | Sandesh        | is          | a dessert | -     | -   | -                |","| id | sbj          | pred        | obj_d   | obj_i | sig | adv/cl/comp/sent |
|----|--------------|-------------|---------|-------|-----|------------------|
| #0 | Bionico dessert | is found in | -       | Mexico | -   | -                |
| #1 | Bionico dessert | is          | a food  | -     | -   | -                |
| #2 | Mexico         | has currency | peso    | -     | -   | -                |
| #3 | Sandesh        | is          | a dessert | -    | -   | -                |"
reference0,70,"Lancashire native Bill Oddie starred in Bananaman, a story created by Steve Bright filmed in London at Broadcasting House, the home of the BBC who also broadcast it.","| id | sbj | pred | obj_d | obj_i | sig | adv/cl/comp/sent |
| - | - | - | - | - | - | - |
| #0 | Bill Oddie | starred in | Bananaman | - | - | - |
| #1 | Bill Oddie | is native | - | from Lancashire | - | - |
| #2 | Bananaman | was created | by Steve Bright | - | - | - |
| #3 | Bananaman | was filmed | - | in London at Broadcasting House | - | - |
| #4 | Broadcasting House | is the home | - | of the BBC | - | - |
| #5 | the BBC | broadcast | Bananaman | - | - | - |
| #6 | the BBC | also | broadcast | Bananaman | - | - |","| id | sbj | pred | obj_d | obj_i | sig | adv/cl/comp/sent |
| - | - | - | - | - | - | - |
| #0 | Bill Oddie | starred in | Bananaman | - | - | - |
| #1 | Bill Oddie | is native | - | from Lancashire | - | - |
| #2 | Bananaman | was created by | Steve Bright | - | - | - |
| #3 | Bananaman | was filmed | - | in London at Broadcasting House | - | - |
| #4 | Broadcasting House | is the home of | the BBC | - | - | - |
| #5 | the BBC | broadcast | Bananaman | - | - | - |","| id | sbj | pred | obj_d | obj_i | sig | adv/cl/comp/sent |
| - | - | - | - | - | - | - |
| #0 | Bill Oddie | starred in | Bananaman | - | - | - |
| #1 | Bill Oddie | is native to | Lancashire | - | - | - |
| #2 | Steve Bright | created | Bananaman | - | - | - |
| #3 | Bananaman | was filmed | - | in London at Broadcasting House | - | - |
| #4 | Broadcasting House | is the home of | the BBC | - | - | - |
| #5 | the BBC | broadcast | Bananaman | - | - | - |"
reference0,71,"The Year of No Light album Nord is in the sludge metal genre, one variety of which is southern sludge.","| id | sbj | pred | obj_d | obj_i | sig | adv/cl/comp/sent |
|----|-----|------|-------|-------|-----|-----------------|
| #0 | The Year of No Light album Nord | is in | the sludge metal genre | - | - | - |
| #1 | the sludge metal genre | has variety | southern sludge | - | - | - |","| id | sbj | pred | obj_d | obj_i | sig | adv/cl/comp/sent |
| - | - | - | - | - | - | - |
| #0 | The Year of No Light album Nord | is in | the sludge metal genre | - | - | - |
| #1 | the sludge metal genre | has variety | southern sludge | - | - | - |","| id | sbj | pred | obj_d | obj_i | sig | adv/cl/comp/sent |
|----|-----|------|-------|-------|-----|-----------------|
| #0 | The Year of No Light album Nord | is in | the sludge metal genre | - | - | - |
| #1 | the sludge metal genre | has variety | southern sludge | - | - | - |"
reference0,72,"Lady Anne Monson was born in Darlington, in the Kingdom of England, on January 1st, 1726. Her nationality was with the Kingdom of England, but her residence was in India. She passed away on February 18th, 1776.","| id | sbj             | pred          | obj_d | obj_i | sig | adv/cl/comp/sent            |
|----|-----------------|---------------|-------|-------|-----|-----------------------------|
| #0 | Lady Anne Monson| was born       | -     | in Darlington, in the Kingdom of England | on | January 1st, 1726          |
| #1 | Lady Anne Monson| had nationality| -     | with the Kingdom of England | -   | -                           |
| #2 | Lady Anne Monson| had residence  | -     | in India | -   | -                           |
| #3 | Lady Anne Monson| passed away    | -     | -     | on | February 18th, 1776          |","| id | sbj             | pred          | obj_d | obj_i | sig | adv/cl/comp/sent         |
|----|-----------------|---------------|-------|-------|-----|--------------------------|
| #0 | Lady Anne Monson| was born       | -     | in Darlington, in the Kingdom of England | on | January 1st, 1726 |
| #1 | Lady Anne Monson| had nationality| -     | with the Kingdom of England | - | - |
| #2 | Lady Anne Monson| had residence  | -     | in India | - | - |
| #3 | Lady Anne Monson| passed away    | -     | - | on | February 18th, 1776 |","| id | sbj             | pred        | obj_d | obj_i | sig | adv/cl/comp/sent            |
|----|-----------------|-------------|-------|-------|-----|-----------------------------|
| #0 | Lady Anne Monson| was born     | -     | in Darlington, in the Kingdom of England | on | January 1st, 1726          |
| #1 | Lady Anne Monson| had nationality | with the Kingdom of England | - | - | - |
| #2 | Lady Anne Monson| had residence | in India | - | - | - |
| #3 | Lady Anne Monson| passed away  | -     | -     | on | February 18th, 1776         |"
reference0,73,"The Pontiac Rageous was a car with a coupe body style manufactured by Pontiac. Assembled in both Michigan and Detroit, it went into production in 1997, ending in the same year.","| id | sbj | pred | obj_d | obj_i | sig | adv/cl/comp/sent |
| - | - | - | - | - | - | - |
| #0 | The Pontiac Rageous | was | a car | - | with | a coupe body style |
| #1 | The Pontiac Rageous | was manufactured | - | by Pontiac | - | - |
| #2 | The Pontiac Rageous | was assembled | - | in Michigan | - | - |
| #3 | The Pontiac Rageous | was assembled | - | in Detroit | - | - |
| #4 | The Pontiac Rageous | went into production | - | - | in | 1997 |
| #5 | The Pontiac Rageous | ended production | - | - | in | the same year |","| id | sbj | pred | obj_d | obj_i | sig | adv/cl/comp/sent |
| - | - | - | - | - | - | - |
| #0 | The Pontiac Rageous | was | a car | with a coupe body style | - | - |
| #1 | The Pontiac Rageous | was manufactured | - | by Pontiac | - | - |
| #2 | The Pontiac Rageous | was assembled | - | in Michigan and Detroit | - | - |
| #3 | The Pontiac Rageous | went into production | - | - | in | 1997 |
| #4 | The Pontiac Rageous | ended production | - | - | in | the same year |","| id | sbj | pred | obj_d | obj_i | sig | adv/cl/comp/sent |
| - | - | - | - | - | - | - |
| #0 | The Pontiac Rageous | was | a car | with a coupe body style | - | - |
| #1 | The Pontiac Rageous | was manufactured | - | by Pontiac | - | - |
| #2 | The Pontiac Rageous | was assembled | - | in both Michigan and Detroit | - | - |
| #3 | The Pontiac Rageous | went into production | - | - | in | 1997 |
| #4 | The Pontiac Rageous | ended production | - | - | in | the same year, 1997 |"
reference0,74,"The American band, the Honeymoon Killers, self-produced its album Turn Me On, with the help of some musicians from an associated musical group called Pussy Galore.","# Output
| id | sbj                | pred          | obj_d | obj_i | sig | adv/cl/comp/sent |
|----|--------------------|---------------|-------|-------|-----|------------------|
| #0 | the Honeymoon Killers | self-produced | its album Turn Me On | - | with the help of | some musicians from an associated musical group called Pussy Galore |
| #1 | some musicians | are from | an associated musical group | - | called | Pussy Galore |","# Output
| id | sbj                | pred          | obj_d        | obj_i | sig | adv/cl/comp/sent               |
|----|--------------------|---------------|--------------|-------|-----|--------------------------------|
| #0 | the Honeymoon Killers | self-produced | its album Turn Me On | -     | with | the help of some musicians from an associated musical group called Pussy Galore |","# Output
| id | sbj                  | pred         | obj_d        | obj_i | sig | adv/cl/comp/sent       |
|----|----------------------|--------------|--------------|-------|-----|------------------------|
| #0 | the Honeymoon Killers | self-produced | its album Turn Me On | -     | with the help of | some musicians from an associated musical group called Pussy Galore |
| #1 | some musicians       | are from      | an associated musical group | -     | called | Pussy Galore |"
reference0,75,"Peso is currency used by Mexicans in Mexico. Bionico is a dessert that can be found in Guadalajara, Mexico. Cookies are also a type of dessert.","| id | sbj   | pred        | obj_d      | obj_i | sig | adv/cl/comp/sent      |
|----|-------|-------------|------------|-------|-----|-----------------------|
| #0 | Peso  | is used     | currency   | by Mexicans in Mexico | -   | -                     |
| #1 | Bionico | is found  | a dessert  | in Guadalajara, Mexico | -   | -                     |
| #2 | Cookies | are        | a type of dessert | -   | -   | -                     |","| id | sbj   | pred         | obj_d    | obj_i | sig | adv/cl/comp/sent |
|----|-------|--------------|----------|-------|-----|------------------|
| #0 | Peso  | is currency  | -        | used by Mexicans | in | Mexico |
| #1 | Bionico | is a dessert | -       | -     | that can be found | in Guadalajara, Mexico |
| #2 | Cookies | are a type of | dessert | -     | -   | -                |","| id | sbj | pred | obj_d | obj_i | sig | adv/cl/comp/sent |
| - | - | - | - | - | - | - |
| #0 | Peso | is used | - | by Mexicans | in | Mexico |
| #1 | Bionico | is | a dessert | - | in | Guadalajara, Mexico |
| #2 | Cookies | are | a type of dessert | - | - | - |"
reference0,76,Punk blues and noise rock are genre of the album Turn Me On.,"| id | sbj | pred | obj_d | obj_i | sig | adv/cl/comp/sent |
| - | - | - | - | - | - | - |
| #0 | Punk blues | is | genre | of the album Turn Me On | - | - |
| #1 | Noise rock | is | genre | of the album Turn Me On | - | - |","| id | sbj | pred | obj_d | obj_i | sig | adv/cl/comp/sent |
| - | - | - | - | - | - | - |
| #0 | Punk blues | is a genre | - | of the album Turn Me On | - | - |
| #1 | Noise rock | is a genre | - | of the album Turn Me On | - | - |","| id | sbj | pred | obj_d | obj_i | sig | adv/cl/comp/sent |
| - | - | - | - | - | - | - |
| #0 | Punk blues | is genre of | the album Turn Me On | - | - | - |
| #1 | noise rock | is genre of | the album Turn Me On | - | - | - |"
reference0,77,"Piotr Hallmann's birthplace was in Gdynia, Poland on August 25th. 1987 and he is 175.26 cm tall.","| id | sbj             | pred      | obj_d  | obj_i | sig | adv/cl/comp/sent         |
|----|-----------------|-----------|--------|-------|-----|--------------------------|
| #0 | Piotr Hallmann  | was born  | -      | in    | on  | August 25th, 1987        |
| #1 | Piotr Hallmann  | is        | 175.26 cm tall | -     | -   | -                        |
| #2 | Piotr Hallmann's birthplace | is      | in Gdynia, Poland | -     | -   | -                        |","| id | sbj             | pred         | obj_d  | obj_i | sig | adv/cl/comp/sent            |
|----|-----------------|--------------|--------|-------|-----|-----------------------------|
| #0 | Piotr Hallmann  | was born     | -      | in    | on  | August 25th, 1987           |
| #1 | Piotr Hallmann  | is           | 175.26 cm tall | -     | -   | -                           |
| #2 | Piotr Hallmann's birthplace | is | in Gdynia, Poland | - | - | - |","| id | sbj             | pred           | obj_d | obj_i | sig | adv/cl/comp/sent       |
|----|-----------------|----------------|-------|-------|-----|------------------------|
| #0 | Piotr Hallmann  | was born       | -     | in Gdynia, Poland | on | August 25th, 1987 |
| #1 | Piotr Hallmann  | is             | 175.26 cm tall | -    | -   | -                    |"
reference0,78,The full name of the country Israel is the State of Israel.,"| id | sbj | pred | obj_d | obj_i | sig | adv/cl/comp/sent |
|----|-----|------|-------|-------|-----|-----------------|
| #0 | The country Israel | has full name | the State of Israel | - | - | - |","| id | sbj | pred | obj_d | obj_i | sig | adv/cl/comp/sent |
|----|-----|------|-------|-------|-----|-----------------|
| #0 | The full name of the country Israel | is | the State of Israel | - | - | - |","| id | sbj | pred | obj_d | obj_i | sig | adv/cl/comp/sent |
|----|-----|------|-------|-------|-----|-----------------|
| #0 | Israel | has full name | the State of Israel | - | - | - |"
reference0,79,"The Pontiac Rageous was a car with a coupe body style that was manufactured by Pontiac, first produced in 1997 and last produced in 1997 as well.","| id | sbj | pred | obj_d | obj_i | sig | adv/cl/comp/sent |
|----|-----|------|-------|-------|-----|-----------------|
| #0 | The Pontiac Rageous | was | a car | - | with | a coupe body style |
| #1 | The Pontiac Rageous | was manufactured | - | by Pontiac | - | - |
| #2 | The Pontiac Rageous | was first produced | - | - | in | 1997 |
| #3 | The Pontiac Rageous | was last produced | - | - | in | 1997 |","| id | sbj | pred | obj_d | obj_i | sig | adv/cl/comp/sent |
|----|-----|------|-------|-------|-----|-----------------|
| #0 | The Pontiac Rageous | was | a car | - | with | a coupe body style |
| #1 | The Pontiac Rageous | was manufactured | - | by Pontiac | - | - |
| #2 | The Pontiac Rageous | was first produced | - | - | in | 1997 |
| #3 | The Pontiac Rageous | was last produced | - | - | in | 1997 |","| id | sbj | pred | obj_d | obj_i | sig | adv/cl/comp/sent |
|----|-----|------|-------|-------|-----|------------------|
| #0 | The Pontiac Rageous | was | a car | - | with | a coupe body style |
| #1 | The Pontiac Rageous | was manufactured | - | by Pontiac | - | - |
| #2 | The Pontiac Rageous | was first produced | - | - | in | 1997 |
| #3 | The Pontiac Rageous | was last produced | - | - | in | 1997 |"
reference0,80,The music of the film English Without Tears is composed by Nicholas Brodszky with Harold French as the director.,"| id | sbj              | pred       | obj_d        | obj_i | sig | adv/cl/comp/sent |
|----|------------------|------------|--------------|-------|-----|------------------|
| #0 | Nicholas Brodszky | composed   | the music    | of the film English Without Tears | -   | -                |
| #1 | Harold French     | is         | the director | of the film English Without Tears | -   | -                |","| id | sbj | pred | obj_d | obj_i | sig | adv/cl/comp/sent |
|----|-----|------|-------|-------|-----|-----------------|
| #0 | The music of the film English Without Tears | is composed by | Nicholas Brodszky | - | - | - |
| #1 | Harold French | is | the director | of the film English Without Tears | - | - |","| id | sbj                | pred     | obj_d   | obj_i | sig | adv/cl/comp/sent |
|----|--------------------|----------|---------|-------|-----|------------------|
| #0 | Nicholas Brodszky | composed | the music | of the film English Without Tears | -   | -                |
| #1 | Harold French     | is       | the director | of the film English Without Tears | -   | -                |"
reference0,81,"Olga Bondareva, born in Leningrad of the USSR, is an economist and mathematician who died in Saint Petersburg on December 9, 1991.","| id | sbj            | pred        | obj_d | obj_i | sig | adv/cl/comp/sent          |
|----|----------------|-------------|-------|-------|-----|---------------------------|
| #0 | Olga Bondareva | was born     | -     | in Leningrad of the USSR | -   | -                         |
| #1 | Olga Bondareva | is           | an economist and mathematician | -   | -   | -                         |
| #2 | Olga Bondareva | died         | -     | in Saint Petersburg       | on  | December 9, 1991          |","| id | sbj           | pred        | obj_d | obj_i | sig | adv/cl/comp/sent       |
|----|---------------|-------------|-------|-------|-----|------------------------|
| #0 | Olga Bondareva | was born     | -     | in Leningrad of the USSR | -   | -                      |
| #1 | Olga Bondareva | is           | an economist and mathematician | -   | -   | -                      |
| #2 | Olga Bondareva | died         | -     | in Saint Petersburg      | on  | December 9, 1991       |","| id | sbj            | pred      | obj_d | obj_i | sig | adv/cl/comp/sent          |
|----|----------------|-----------|-------|-------|-----|--------------------------|
| #0 | Olga Bondareva | was born  | -     | in    | -   | Leningrad of the USSR    |
| #1 | Olga Bondareva | is        | an economist and mathematician | - | - | - |
| #2 | Olga Bondareva | died      | -     | in    | on  | December 9, 1991         |
| #3 | Olga Bondareva | died      | -     | in    | -   | Saint Petersburg         |"
reference0,82,"The architect of Alan B Miller Hall, owned by The College of William and Mary, is Robert A M Stern and it is situated at 101 Ukrop Way, Virginia, USA. They started to build the Alan B Miller Hall on the 30th of March, 2007 and The Mason School of Business are now its tenants.","| id | sbj | pred | obj_d | obj_i | sig | adv/cl/comp/sent |
| - | - | - | - | - | - | - |
| #0 | Alan B Miller Hall | is owned by | The College of William and Mary | - | - | - |
| #1 | Alan B Miller Hall | is situated at | 101 Ukrop Way, Virginia, USA | - | - | - |
| #2 | Robert A M Stern | is the architect of | Alan B Miller Hall | - | - | - |
| #3 | they | started to build | Alan B Miller Hall | - | on | the 30th of March, 2007 |
| #4 | The Mason School of Business | are now | tenants | of Alan B Miller Hall | - | - |","| id | sbj | pred | obj_d | obj_i | sig | adv/cl/comp/sent |
| - | - | - | - | - | - | - |
| #0 | The architect | is | Robert A M Stern | of Alan B Miller Hall | - | - |
| #1 | Alan B Miller Hall | is owned by | The College of William and Mary | - | - | - |
| #2 | Alan B Miller Hall | is situated at | 101 Ukrop Way, Virginia, USA | - | - | - |
| #3 | They | started to build | Alan B Miller Hall | - | on | the 30th of March, 2007 |
| #4 | The Mason School of Business | are now | tenants | of Alan B Miller Hall | - | - |","| id | sbj | pred | obj_d | obj_i | sig | adv/cl/comp/sent |
| - | - | - | - | - | - | - |
| #0 | Alan B Miller Hall | is owned by | The College of William and Mary | - | - | - |
| #1 | Alan B Miller Hall | is situated at | 101 Ukrop Way, Virginia, USA | - | - | - |
| #2 | Robert A M Stern | is | the architect of Alan B Miller Hall | - | - | - |
| #3 | they | started to build | Alan B Miller Hall | - | on | the 30th of March, 2007 |
| #4 | The Mason School of Business | are | tenants of Alan B Miller Hall | - | now | - |"
reference0,83,The Honeymoon Killers is the producer of the Turn Me On album.,"| id | sbj                  | pred       | obj_d             | obj_i | sig | adv/cl/comp/sent |
|----|----------------------|------------|-------------------|-------|-----|------------------|
| #0 | The Honeymoon Killers | is producer of | the Turn Me On album | -     | -   | -                |","| id | sbj                | pred     | obj_d            | obj_i | sig | adv/cl/comp/sent |
|----|--------------------|----------|------------------|-------|-----|-----------------|
| #0 | The Honeymoon Killers | is the producer of | the Turn Me On album | -     | -   | -               |","| id | sbj                 | pred     | obj_d           | obj_i | sig | adv/cl/comp/sent |
|----|---------------------|----------|-----------------|-------|-----|------------------|
| #0 | The Honeymoon Killers | is producer of | the Turn Me On album | -     | -   | -                |"
reference0,84,"1634: The Bavarian Crisis which has 448 pages, was written by Eric Flint.","| id | sbj         | pred   | obj_d            | obj_i | sig | adv/cl/comp/sent |
|----|-------------|--------|------------------|-------|-----|------------------|
| #0 | The Bavarian Crisis | has   | 448 pages        | -     | -   | -                |
| #1 | Eric Flint  | wrote  | The Bavarian Crisis | -     | -   | -                |","| id | sbj          | pred    | obj_d        | obj_i | sig | adv/cl/comp/sent |
|----|--------------|---------|--------------|-------|-----|------------------|
| #0 | The Bavarian Crisis | has      | 448 pages    | -     | -   | -                |
| #1 | Eric Flint   | wrote   | The Bavarian Crisis | -     | -   | -                |","| id | sbj | pred | obj_d | obj_i | sig | adv/cl/comp/sent |
|----|-----|------|-------|-------|-----|-----------------|
| #0 | The Bavarian Crisis | has | 448 pages | - | - | - |
| #1 | The Bavarian Crisis | was written by | Eric Flint | - | - | - |"
reference0,85,"Hypermarcas, a company that makes healthcare products and sells cosmetics, employs 10,252 people. Hypermarcas had a net income of $108,600,000 and its revenue is $1,800,000,000.","| id | sbj        | pred           | obj_d         | obj_i | sig | adv/cl/comp/sent |
|----|------------|----------------|---------------|-------|-----|------------------|
| #0 | Hypermarcas | employs        | 10,252 people | -     | -   | -                |
| #1 | Hypermarcas | makes          | healthcare products | - | and | sells cosmetics |
| #2 | Hypermarcas | sells          | cosmetics     | -     | -   | -                |
| #3 | Hypermarcas | had            | a net income  | -     | of  | $108,600,000     |
| #4 | Hypermarcas | has            | revenue       | -     | of  | $1,800,000,000   |","| id | sbj         | pred        | obj_d            | obj_i | sig | adv/cl/comp/sent |
|----|-------------|-------------|------------------|-------|-----|------------------|
| #0 | Hypermarcas | employs     | 10,252 people    | -     | -   | -                |
| #1 | Hypermarcas | makes       | healthcare products | -   | -   | -                |
| #2 | Hypermarcas | sells       | cosmetics        | -     | -   | -                |
| #3 | Hypermarcas | had         | a net income     | -     | of  | $108,600,000     |
| #4 | Hypermarcas | has         | revenue          | -     | of  | $1,800,000,000   |","| id | sbj        | pred       | obj_d                  | obj_i | sig | adv/cl/comp/sent |
|----|------------|------------|------------------------|-------|-----|------------------|
| #0 | Hypermarcas | employs    | 10,252 people          | -     | -   | -                |
| #1 | Hypermarcas | had        | a net income           | -     | of  | $108,600,000     |
| #2 | Hypermarcas | has        | revenue                | -     | of  | $1,800,000,000   |
| #3 | Hypermarcas | makes      | healthcare products    | -     | and | sells cosmetics  |
| #4 | Hypermarcas | sells      | cosmetics              | -     | -   | -                |"
reference0,86,"Ciudad Ayala is a city with population density of 1604.0 and the population of the metropolitan area is 1,777,539. One of the leaders of Ciudad Ayala is the City Manager.","| id | sbj            | pred                | obj_d                | obj_i | sig | adv/cl/comp/sent |
|----|----------------|---------------------|----------------------|-------|-----|------------------|
| #0 | Ciudad Ayala   | is                  | a city               |       |     |                  |
| #1 | Ciudad Ayala   | has population density | 1604.0              |       |     |                  |
| #2 | Ciudad Ayala   | has population      | 1,777,539            | of the metropolitan area |     |                  |
| #3 | Ciudad Ayala   | has leader          | the City Manager     |       |     |                  |","| id | sbj            | pred                | obj_d                | obj_i | sig | adv/cl/comp/sent |
|----|----------------|---------------------|----------------------|-------|-----|------------------|
| #0 | Ciudad Ayala   | is                  | a city               |       |     |                  |
| #1 | Ciudad Ayala   | has population density | 1604.0              |       |     |                  |
| #2 | the metropolitan area | has population | 1,777,539            |       |     |                  |
| #3 | Ciudad Ayala   | has leader          | the City Manager     |       |     |                  |","| id | sbj            | pred              | obj_d            | obj_i | sig | adv/cl/comp/sent         |
|----|----------------|-------------------|------------------|-------|-----|--------------------------|
| #0 | Ciudad Ayala   | is a city         | -                | -     | with| a population density of 1604.0 |
| #1 | Ciudad Ayala   | has population    | 1,777,539        | of    | the metropolitan area      |
| #2 | Ciudad Ayala   | has leader        | the City Manager | -     | -   | -                        |"
reference0,87,Reggae's stylistic origin is rhythm and blues.,"# Output
| id | sbj | pred | obj_d | obj_i | sig | adv/cl/comp/sent |
| - | - | - | - | - | - | - |
| #0 | Reggae's stylistic origin | is | rhythm and blues | - | - | - |","# Output
| id | sbj | pred | obj_d | obj_i | sig | adv/cl/comp/sent |
| - | - | - | - | - | - | - |
| #0 | Reggae | has stylistic origin | rhythm and blues | - | - | - |","# Output
| id | sbj | pred | obj_d | obj_i | sig | adv/cl/comp/sent |
| - | - | - | - | - | - | - |
| #0 | Reggae | has stylistic origin | rhythm and blues | - | - | - |"
reference0,88,"GMA New Media, Inc. is a subsidiary of GMA Network.","| id | sbj                | pred     | obj_d             | obj_i | sig | adv/cl/comp/sent |
|----|--------------------|----------|-------------------|-------|-----|------------------|
| #0 | GMA New Media, Inc. | is       | a subsidiary      | of GMA Network | -   | -                |","| id | sbj              | pred  | obj_d            | obj_i | sig | adv/cl/comp/sent |
|----|------------------|-------|------------------|-------|-----|------------------|
| #0 | GMA New Media, Inc. | is    | a subsidiary     | of GMA Network | -   | -                |","| id | sbj                | pred      | obj_d             | obj_i | sig | adv/cl/comp/sent |
|----|--------------------|-----------|-------------------|-------|-----|------------------|
| #0 | GMA New Media, Inc. | is        | a subsidiary      | of GMA Network | -   | -                |
| #1 | GMA Network        | has       | GMA New Media, Inc. | as a subsidiary | -   | -                |"
reference0,89,Lady Anne Monson was born in the Kingdom of England whose capital was previously Winchester.,"| id | sbj             | pred       | obj_d | obj_i | sig      | adv/cl/comp/sent |
|----|-----------------|------------|-------|-------|----------|------------------|
| #0 | Lady Anne Monson | was born   | -     | in the Kingdom of England | - | - |
| #1 | the Kingdom of England | had capital | Winchester | - | previously | - |","| id | sbj             | pred  | obj_d | obj_i | sig | adv/cl/comp/sent |
|----|-----------------|-------|-------|-------|-----|------------------|
| #0 | Lady Anne Monson | was born | -     | in the Kingdom of England | -   | -                |
| #1 | the Kingdom of England | had | capital | - | previously | Winchester |","| id | sbj             | pred       | obj_d | obj_i | sig     | adv/cl/comp/sent         |
|----|-----------------|------------|-------|-------|---------|--------------------------|
| #0 | Lady Anne Monson| was born   | -     | in the Kingdom of England | - | -                    |
| #1 | the Kingdom of England | had capital | Winchester | - | previously | -           |"
reference0,90,"Bootleg Series Volume 1: The Quine Tapes released on October 16, 2001 is 230.05 minutes long.","| id | sbj | pred | obj_d | obj_i | sig | adv/cl/comp/sent |
|----|-----|------|-------|-------|-----|-----------------|
| #0 | Bootleg Series Volume 1: The Quine Tapes | was released | - | on October 16, 2001 | - | - |
| #1 | Bootleg Series Volume 1: The Quine Tapes | is | 230.05 minutes long | - | - | - |","| id | sbj | pred | obj_d | obj_i | sig | adv/cl/comp/sent |
| - | - | - | - | - | - | - |
| #0 | Bootleg Series Volume 1: The Quine Tapes | was released | - | on October 16, 2001 | - | - |
| #1 | Bootleg Series Volume 1: The Quine Tapes | is | 230.05 minutes long | - | - | - |","| id | sbj | pred | obj_d | obj_i | sig | adv/cl/comp/sent |
| - | - | - | - | - | - | - |
| #0 | Bootleg Series Volume 1: The Quine Tapes | was released | - | on October 16, 2001 | - | - |
| #1 | Bootleg Series Volume 1: The Quine Tapes | is | 230.05 minutes long | - | - | - |"
reference0,91,The location of Bedford Aerodrome is Thurleigh and it has a runway whose length is 1095.,"| id | sbj | pred | obj_d | obj_i | sig | adv/cl/comp/sent |
| - | - | - | - | - | - | - |
| #0 | Bedford Aerodrome | is located in | Thurleigh | - | - | - |
| #1 | Bedford Aerodrome | has | a runway | - | - | - |
| #2 | the runway | has length | 1095 | - | - | - |","| id | sbj | pred | obj_d | obj_i | sig | adv/cl/comp/sent |
| - | - | - | - | - | - | - |
| #0 | Bedford Aerodrome | is located | - | in Thurleigh | - | - |
| #1 | Bedford Aerodrome | has | a runway | - | - | #2 |
| #2 | the runway | has length | 1095 | - | - | - |","| id | sbj | pred | obj_d | obj_i | sig | adv/cl/comp/sent |
|----|-----|------|-------|-------|-----|-----------------|
| #0 | Bedford Aerodrome | is located in | Thurleigh | - | - | - |
| #1 | Bedford Aerodrome | has | a runway | - | - | #2 |
| #2 | the runway | has length | 1095 | - | - | - |"
reference0,92,"Hypermarcas, whose main product is drugs, was founded on January 1, 2001 and is located in Brazil.","# Output
| id | sbj        | pred     | obj_d | obj_i | sig   | adv/cl/comp/sent          |
|----|------------|----------|-------|-------|-------|---------------------------|
| #0 | Hypermarcas| was founded | -     | -     | on    | January 1, 2001           |
| #1 | Hypermarcas| is located | -     | in Brazil | -    | -                        |
| #2 | Hypermarcas| has main product | drugs  | -     | -    | -                        |","# Output
| id | sbj         | pred     | obj_d | obj_i | sig  | adv/cl/comp/sent             |
|----|-------------|----------|-------|-------|------|------------------------------|
| #0 | Hypermarcas | was founded | -     | -     | on   | January 1, 2001              |
| #1 | Hypermarcas | is located | -     | in Brazil | -    | -                            |
| #2 | Hypermarcas | has main product | drugs | -     | -    | -                            |","# Output
| id | sbj         | pred      | obj_d | obj_i | sig  | adv/cl/comp/sent          |
|----|-------------|-----------|-------|-------|------|---------------------------|
| #0 | Hypermarcas | was founded | -     | -     | on   | January 1, 2001           |
| #1 | Hypermarcas | is located | -     | in    | -    | Brazil                    |
| #2 | Hypermarcas | has main product | drugs | -    | whose | -                   |"
reference0,93,"Louis Levy, who was born on November 20, 1894, is the music composer for the film ""It's Great to be Young.""","# Output
| id | sbj         | pred        | obj_d | obj_i | sig | adv/cl/comp/sent |
|----|-------------|-------------|-------|-------|-----|------------------|
| #0 | Louis Levy  | was born on | -     | -     | -   | November 20, 1894 |
| #1 | Louis Levy  | is          | the music composer | for the film ""It's Great to be Young"" | - | - |","# Output
| id | sbj       | pred        | obj_d | obj_i | sig | adv/cl/comp/sent |
|----|-----------|-------------|-------|-------|-----|------------------|
| #0 | Louis Levy | was born on | -     | -     | -   | November 20, 1894 |
| #1 | Louis Levy | is          | the music composer | for the film ""It's Great to be Young"" | - | - |","# Output
| id | sbj         | pred         | obj_d | obj_i | sig | adv/cl/comp/sent |
|----|-------------|--------------|-------|-------|-----|------------------|
| #0 | Louis Levy  | was born      | -     | on    | -   | November 20, 1894 |
| #1 | Louis Levy  | is            | the music composer | for | the film ""It's Great to be Young"" |"
reference0,94,"Brandon Carter was born in 1942 on January, 1 and graduated from the University of Cambridge. He is best known for creating the Penrose diagram.","| id | sbj           | pred        | obj_d            | obj_i | sig | adv/cl/comp/sent        |
|----|---------------|-------------|------------------|-------|-----|-------------------------|
| #0 | Brandon Carter | was born    | -                | -     | on  | January 1, 1942         |
| #1 | Brandon Carter | graduated   | -                | from  | the University of Cambridge |
| #2 | Brandon Carter | is best known | for creating    | -     | -   | the Penrose diagram     |","| id | sbj           | pred       | obj_d             | obj_i | sig | adv/cl/comp/sent             |
|----|---------------|------------|-------------------|-------|-----|-----------------------------|
| #0 | Brandon Carter | was born   | -                 | -     | on  | January, 1, 1942            |
| #1 | Brandon Carter | graduated  | -                 | from the University of Cambridge | -   | -                           |
| #2 | Brandon Carter | is best known | for creating    | the Penrose diagram | -   | -                           |","| id | sbj           | pred        | obj_d            | obj_i | sig | adv/cl/comp/sent        |
|----|---------------|-------------|------------------|-------|-----|-------------------------|
| #0 | Brandon Carter | was born     | -                | -     | on  | January 1, 1942         |
| #1 | Brandon Carter | graduated    | -                | from  | -   | the University of Cambridge |
| #2 | Brandon Carter | is best known | for creating     | -     | -   | the Penrose diagram     |"
reference0,95,Post-hardcore is a derivative of noise rock.,"| id | sbj            | pred       | obj_d                | obj_i | sig | adv/cl/comp/sent |
|----|----------------|------------|----------------------|-------|-----|------------------|
| #0 | Post-hardcore  | is         | a derivative         | of noise rock | -   | -                |","| id | sbj            | pred       | obj_d             | obj_i | sig | adv/cl/comp/sent |
|----|----------------|------------|-------------------|-------|-----|------------------|
| #0 | Post-hardcore  | is         | a derivative      | of noise rock | -   | -                |","| id | sbj             | pred     | obj_d             | obj_i | sig | adv/cl/comp/sent |
|----|-----------------|----------|-------------------|-------|-----|------------------|
| #0 | Post-hardcore   | is       | a derivative       | of noise rock | -   | -                |"
reference0,96,"MotorSport Vision, founded in 2004 by Jonathan Palmer, operates the Bedford Aerodrome in Thurleigh.","| id | sbj              | pred    | obj_d            | obj_i | sig  | adv/cl/comp/sent     |
|----|------------------|---------|------------------|-------|------|----------------------|
| #0 | MotorSport Vision | was founded | -                | by Jonathan Palmer | in    | 2004                 |
| #1 | MotorSport Vision | operates | the Bedford Aerodrome | in Thurleigh | -    | -                    |","| id | sbj              | pred    | obj_d            | obj_i | sig   | adv/cl/comp/sent          |
|----|------------------|---------|------------------|-------|-------|---------------------------|
| #0 | MotorSport Vision | was founded | -                | by Jonathan Palmer | in    | 2004                  |
| #1 | MotorSport Vision | operates | the Bedford Aerodrome | in Thurleigh | -     | -                       |
| #2 | Jonathan Palmer   | founded | MotorSport Vision | -    | in    | 2004                       |","# Output
| id | sbj               | pred    | obj_d            | obj_i | sig  | adv/cl/comp/sent |
|----|-------------------|---------|------------------|-------|------|------------------|
| #0 | MotorSport Vision | founded | -                | -     | in   | 2004             |
| #1 | Jonathan Palmer   | founded | MotorSport Vision | -     | -    | -                |
| #2 | MotorSport Vision | operates| the Bedford Aerodrome | - | in | Thurleigh         |"
reference0,97,"""Agremiação Sportiva Arapiraquense"" is the full name of the Agremiação Sportiva Arapiraquense club, which has 17000 members. They play in the Campeonato Brasileiro Série C league on their ground Estadio Municipal Coaracy da Mata Fonseca located in Arapiraca. The championship is based in Brazil and Vila Nova Futebol Clube are the champions.","| id | sbj | pred | obj_d | obj_i | sig | adv/cl/comp/sent |
| - | - | - | - | - | - | - |
| #0 | Agremiação Sportiva Arapiraquense | is the full name of | the Agremiação Sportiva Arapiraquense club | - | - | - |
| #1 | Agremiação Sportiva Arapiraquense club | has | 17000 members | - | - | - |
| #2 | Agremiação Sportiva Arapiraquense club | play in | the Campeonato Brasileiro Série C league | - | on | their ground Estadio Municipal Coaracy da Mata Fonseca |
| #3 | Estadio Municipal Coaracy da Mata Fonseca | is located in | Arapiraca | - | - | - |
| #4 | Campeonato Brasileiro Série C | is based in | Brazil | - | - | - |
| #5 | Vila Nova Futebol Clube | are | the champions | - | of | the Campeonato Brasileiro Série C league |","| id | sbj | pred | obj_d | obj_i | sig | adv/cl/comp/sent |
| - | - | - | - | - | - | - |
| #0 | Agremiação Sportiva Arapiraquense | is the full name of | the Agremiação Sportiva Arapiraquense club | - | - | - |
| #1 | Agremiação Sportiva Arapiraquense club | has | 17000 members | - | - | - |
| #2 | Agremiação Sportiva Arapiraquense club | play in | the Campeonato Brasileiro Série C league | - | on | their ground Estadio Municipal Coaracy da Mata Fonseca |
| #3 | Estadio Municipal Coaracy da Mata Fonseca | is located in | Arapiraca | - | - | - |
| #4 | Campeonato Brasileiro Série C league | is based in | Brazil | - | - | - |
| #5 | Vila Nova Futebol Clube | are the champions | - | of | the Campeonato Brasileiro Série C league |","| id | sbj | pred | obj_d | obj_i | sig | adv/cl/comp/sent |
| - | - | - | - | - | - | - |
| #0 | Agremiação Sportiva Arapiraquense | is the full name of | the Agremiação Sportiva Arapiraquense club | - | - | - |
| #1 | Agremiação Sportiva Arapiraquense club | has | 17000 members | - | - | - |
| #2 | Agremiação Sportiva Arapiraquense club | play in | the Campeonato Brasileiro Série C league | - | on | their ground Estadio Municipal Coaracy da Mata Fonseca located in Arapiraca |
| #3 | the Campeonato Brasileiro Série C league | is based in | Brazil | - | - | - |
| #4 | Vila Nova Futebol Clube | are the champions | - | of | the Campeonato Brasileiro Série C league |"
reference0,98,"Death on a Factory Farm, produced and directed by Tom Simon and edited by Geof Bartz was broadcast by HBO. The music was composed by Jamie Lawrence and Sarah Teale was co-producer.","# Output
| id | sbj | pred | obj_d | obj_i | sig | adv/cl/comp/sent |
| - | - | - | - | - | - | - |
| #0 | Death on a Factory Farm | was produced | - | by Tom Simon | - | - |
| #1 | Death on a Factory Farm | was directed | - | by Tom Simon | - | - |
| #2 | Death on a Factory Farm | was edited | - | by Geof Bartz | - | - |
| #3 | Death on a Factory Farm | was broadcast | - | by HBO | - | - |
| #4 | The music | was composed | - | by Jamie Lawrence | - | - |
| #5 | Sarah Teale | was co-producer | - | - | - | - |","# Output
| id | sbj | pred | obj_d | obj_i | sig | adv/cl/comp/sent |
| - | - | - | - | - | - | - |
| #0 | Death on a Factory Farm | was produced and directed | - | by Tom Simon | - | - |
| #1 | Death on a Factory Farm | was edited | - | by Geof Bartz | - | - |
| #2 | HBO | broadcast | Death on a Factory Farm | - | - | - |
| #3 | The music | was composed | - | by Jamie Lawrence | - | - |
| #4 | Sarah Teale | was co-producer | - | - | - | - |","# Output
| id | sbj | pred | obj_d | obj_i | sig | adv/cl/comp/sent |
| - | - | - | - | - | - | - |
| #0 | Death on a Factory Farm | was produced and directed | - | by Tom Simon | - | - |
| #1 | Death on a Factory Farm | was edited | - | by Geof Bartz | - | - |
| #2 | HBO | broadcast | Death on a Factory Farm | - | - | - |
| #3 | The music | was composed | - | by Jamie Lawrence | - | - |
| #4 | Sarah Teale | was co-producer | - | - | - | - |"
reference0,99,"Lady Anne Monson lived in the Kingdom of England and held British nationality but resided in India for most of her life. Pranab Mukherjee is the leader of India, which has a total area of 32875900000000.","| id | sbj                | pred          | obj_d                | obj_i | sig | adv/cl/comp/sent        |
|----|--------------------|---------------|----------------------|-------|-----|-------------------------|
| #0 | Lady Anne Monson   | lived         | -                    | in the Kingdom of England | - | - |
| #1 | Lady Anne Monson   | held          | British nationality  | -     | -   | -                       |
| #2 | Lady Anne Monson   | resided       | -                    | in India | - | for most of her life   |
| #3 | Pranab Mukherjee   | is            | the leader           | of India | - | -                      |
| #4 | India              | has           | a total area         | -     | of  | 32875900000000          |","| id | sbj                | pred          | obj_d       | obj_i | sig | adv/cl/comp/sent         |
|----|--------------------|---------------|-------------|-------|-----|--------------------------|
| #0 | Lady Anne Monson   | lived         | -           | in the Kingdom of England | -   | -                        |
| #1 | Lady Anne Monson   | held          | British nationality | -   | -   | -                        |
| #2 | Lady Anne Monson   | resided       | -           | in India | -   | for most of her life     |
| #3 | Pranab Mukherjee   | is            | the leader  | of India | -   | -                        |
| #4 | India              | has           | a total area| -       | of  | 32875900000000           |","| id | sbj              | pred        | obj_d    | obj_i | sig | adv/cl/comp/sent                  |
|----|------------------|-------------|----------|-------|-----|-----------------------------------|
| #0 | Lady Anne Monson | lived       | -        | in    | the Kingdom of England             |
| #1 | Lady Anne Monson | held        | British nationality | -   | -   | -                             |
| #2 | Lady Anne Monson | resided     | -        | in    | India                             |
| #3 | Lady Anne Monson | resided     | -        | in    | India                             | for most of her life |
| #4 | Pranab Mukherjee | is          | the leader | of   | India                             |
| #5 | India            | has         | a total area | -   | of  | 32875900000000                  |"
reference0,100,"The Bootleg Series Volume 1: The Quine Tapes by Velvet Underground, a rock music genre, was released on October, 16, 2001 by Universal Music Group and Polydor Records.The Quine Tapes was preceded by Squeeze by The Velvet Underground.","| id | sbj | pred | obj_d | obj_i | sig | adv/cl/comp/sent |
| - | - | - | - | - | - | - |
| #0 | The Bootleg Series Volume 1: The Quine Tapes | was released | - | by Universal Music Group and Polydor Records | on | October, 16, 2001 |
| #1 | The Bootleg Series Volume 1: The Quine Tapes | is by | Velvet Underground | - | - | - |
| #2 | Velvet Underground | is in | rock music genre | - | - | - |
| #3 | The Quine Tapes | was preceded | by Squeeze | - | - | - |
| #4 | Squeeze | is by | The Velvet Underground | - | - | - |","# Output
| id | sbj | pred | obj_d | obj_i | sig | adv/cl/comp/sent |
| - | - | - | - | - | - | - |
| #0 | The Bootleg Series Volume 1: The Quine Tapes | was released | - | on October, 16, 2001 | by | Universal Music Group and Polydor Records |
| #1 | The Quine Tapes | was preceded | by Squeeze | by The Velvet Underground | - | - |
| #2 | The Bootleg Series Volume 1: The Quine Tapes | is by | Velvet Underground | - | - | - |
| #3 | The Bootleg Series Volume 1: The Quine Tapes | is | a rock music genre | - | - | - |","| id | sbj | pred | obj_d | obj_i | sig | adv/cl/comp/sent |
| - | - | - | - | - | - | - |
| #0 | The Bootleg Series Volume 1: The Quine Tapes | was released | - | by Universal Music Group and Polydor Records | on | October, 16, 2001 |
| #1 | The Bootleg Series Volume 1: The Quine Tapes | is by | Velvet Underground | - | - | - |
| #2 | Velvet Underground | is in | the rock music genre | - | - | - |
| #3 | The Quine Tapes | was preceded | by Squeeze | by The Velvet Underground | - | - |"
reference0,101,The band Train were signed to the record label Warner Music Group.,"# Output
| id | sbj  | pred  | obj_d                | obj_i | sig | adv/cl/comp/sent |
|----|------|-------|----------------------|-------|-----|------------------|
| #0 | Train | were signed | - | to the record label Warner Music Group | - | - |","| id | sbj   | pred  | obj_d | obj_i | sig | adv/cl/comp/sent |
|----|-------|-------|-------|-------|-----|------------------|
| #0 | Train | were signed | - | to the record label Warner Music Group | - | - |","| id | sbj  | pred   | obj_d                | obj_i | sig | adv/cl/comp/sent |
|----|------|--------|----------------------|-------|-----|-----------------|
| #0 | Train | were signed | to the record label Warner Music Group | -     | -   | -               |"
reference0,102,"Brandon Carter, known for the Carter constant and No-hair theorem, is a professional in the field of general relativity.","# Output
| id | sbj          | pred     | obj_d | obj_i | sig | adv/cl/comp/sent |
|----|--------------|----------|-------|-------|-----|------------------|
| #0 | Brandon Carter | is known for | the Carter constant and No-hair theorem | - | - | - |
| #1 | Brandon Carter | is a professional | - | in the field of general relativity | - | - |
| #2 | Brandon Carter | is known for | the Carter constant | - | - | - |
| #3 | Brandon Carter | is known for | the No-hair theorem | - | - | - |","# Output
| id | sbj          | pred        | obj_d | obj_i | sig | adv/cl/comp/sent |
|----|--------------|-------------|-------|-------|-----|------------------|
| #0 | Brandon Carter | is known for | the Carter constant and No-hair theorem | - | - | - |
| #1 | Brandon Carter | is a professional | - | in the field of general relativity | - | - |
| #2 | Brandon Carter | is known for | the Carter constant | - | - | - |
| #3 | Brandon Carter | is known for | the No-hair theorem | - | - | - |","# Output
| id | sbj           | pred      | obj_d                  | obj_i | sig | adv/cl/comp/sent |
|----|---------------|-----------|------------------------|-------|-----|------------------|
| #0 | Brandon Carter | is known for | the Carter constant   | -     | and | the No-hair theorem |
| #1 | Brandon Carter | is a professional | -                  | in the field of general relativity | - | - |"
reference0,103,Aleksandr Prudnikov plays for FC Terek Grozny (based at Grozny) and managed by Rashid Rakhimov.Aleksandr Prudnikov played for FC Spartak Moscow's youth team an his current club is FC Amkar Perm.,"| id | sbj                | pred        | obj_d                | obj_i | sig  | adv/cl/comp/sent                  |
|----|--------------------|-------------|----------------------|-------|------|-----------------------------------|
| #0 | Aleksandr Prudnikov| plays       | -                    | for FC Terek Grozny | -    | -                                 |
| #1 | FC Terek Grozny    | is based    | -                    | at Grozny | -    | -                                 |
| #2 | FC Terek Grozny    | is managed  | -                    | by Rashid Rakhimov | -    | -                                 |
| #3 | Aleksandr Prudnikov| played      | -                    | for FC Spartak Moscow's youth team | -    | -                                 |
| #4 | Aleksandr Prudnikov| has         | FC Amkar Perm        | as his current club | -    | -                                 |","| id | sbj                | pred       | obj_d             | obj_i | sig   | adv/cl/comp/sent                |
|----|--------------------|------------|-------------------|-------|-------|---------------------------------|
| #0 | Aleksandr Prudnikov| plays      | -                 | for FC Terek Grozny | -     | -                             |
| #1 | FC Terek Grozny    | is based   | -                 | at Grozny | -     | -                             |
| #2 | FC Terek Grozny    | is managed | -                 | by Rashid Rakhimov | -     | -                             |
| #3 | Aleksandr Prudnikov| played     | -                 | for FC Spartak Moscow's youth team | -     | -     |
| #4 | Aleksandr Prudnikov| has        | FC Amkar Perm     | as his current club | -     | -                             |","| id | sbj                | pred          | obj_d                  | obj_i | sig   | adv/cl/comp/sent       |
|----|--------------------|---------------|------------------------|-------|-------|------------------------|
| #0 | Aleksandr Prudnikov | plays for     | FC Terek Grozny        | -     | -     | -                      |
| #1 | FC Terek Grozny    | is based at   | Grozny                 | -     | -     | -                      |
| #2 | FC Terek Grozny    | is managed by | Rashid Rakhimov        | -     | -     | -                      |
| #3 | Aleksandr Prudnikov | played for    | FC Spartak Moscow's youth team | -     | -     | -                      |
| #4 | Aleksandr Prudnikov | has current club | FC Amkar Perm          | -     | -     | -                      |"
reference0,104,Nurhan Atasoy was born on January 1st 1934 in Turkey.,"| id | sbj          | pred | obj_d | obj_i | sig | adv/cl/comp/sent       |
|----|--------------|------|-------|-------|-----|------------------------|
| #0 | Nurhan Atasoy | was born | -     | in Turkey | on | January 1st 1934 |","| id | sbj          | pred | obj_d | obj_i | sig | adv/cl/comp/sent     |
|----|--------------|------|-------|-------|-----|----------------------|
| #0 | Nurhan Atasoy | was born | -     | in Turkey | on | January 1st 1934 |","| id | sbj          | pred  | obj_d | obj_i | sig | adv/cl/comp/sent     |
|----|--------------|-------|-------|-------|-----|----------------------|
| #0 | Nurhan Atasoy | was born | -     | in Turkey | on | January 1st 1934 |"
reference0,105,Nurhan Atasoy was born in Reşadiye.,"| id | sbj          | pred | obj_d | obj_i | sig | adv/cl/comp/sent |
|----|--------------|------|-------|-------|-----|------------------|
| #0 | Nurhan Atasoy | was born | -     | in Reşadiye | -   | -                |","| id | sbj          | pred | obj_d | obj_i | sig | adv/cl/comp/sent |
|----|--------------|------|-------|-------|-----|------------------|
| #0 | Nurhan Atasoy | was born | -     | in Reşadiye | -   | -                |","| id | sbj          | pred | obj_d | obj_i | sig | adv/cl/comp/sent |
|----|--------------|------|-------|-------|-----|------------------|
| #0 | Nurhan Atasoy | was born | -     | in Reşadiye | -   | -                |"
reference0,106,"Al Asad Airbase has a runway length of 3,992.88 and is run by the United States Air Force.","| id | sbj             | pred     | obj_d                | obj_i | sig | adv/cl/comp/sent |
|----|-----------------|----------|----------------------|-------|-----|------------------|
| #0 | Al Asad Airbase | has      | a runway length      | -     | of  | 3,992.88          |
| #1 | Al Asad Airbase | is run   | -                    | by    | the United States Air Force |","| id | sbj | pred | obj_d | obj_i | sig | adv/cl/comp/sent |
| - | - | - | - | - | - | - |
| #0 | Al Asad Airbase | has | a runway length of 3,992.88 | - | - | - |
| #1 | Al Asad Airbase | is run by | the United States Air Force | - | - | - |","| id | sbj             | pred     | obj_d            | obj_i | sig | adv/cl/comp/sent |
|----|-----------------|----------|------------------|-------|-----|------------------|
| #0 | Al Asad Airbase | has      | a runway length  | -     | of  | 3,992.88         |
| #1 | Al Asad Airbase | is run   | -                | by    | the United States Air Force |"
reference0,107,The song Mermaid belongs to the musical band Train written in the reggae music genre where Pop rock is the genre.,"# Output
| id | sbj | pred | obj_d | obj_i | sig | adv/cl/comp/sent |
| - | - | - | - | - | - | - |
| #0 | The song Mermaid | belongs to | the musical band Train | - | - | - |
| #1 | The song Mermaid | is written in | the reggae music genre | - | where | Pop rock is the genre |","| id | sbj | pred | obj_d | obj_i | sig | adv/cl/comp/sent |
|----|-----|------|-------|-------|-----|-----------------|
| #0 | The song Mermaid | belongs to | the musical band Train | - | - | - |
| #1 | The song Mermaid | is written in | the reggae music genre | - | where | Pop rock is the genre |","| id | sbj | pred | obj_d | obj_i | sig | adv/cl/comp/sent |
|----|-----|------|-------|-------|-----|-----------------|
| #0 | The song Mermaid | belongs to | the musical band Train | - | - | - |
| #1 | The song Mermaid | is written in | the reggae music genre | - | where | Pop rock is the genre |"
reference0,108,"The apoapsis of 1147 Stavropolis is 418476000000.0. Its orbital period of is 1249.6 days, and it was discovered by Grigory Neujmin.","| id | sbj | pred | obj_d | obj_i | sig | adv/cl/comp/sent |
| - | - | - | - | - | - | - |
| #0 | 1147 Stavropolis | has apoapsis | 418476000000.0 | - | - | - |
| #1 | 1147 Stavropolis | has orbital period | 1249.6 days | - | - | - |
| #2 | Grigory Neujmin | discovered | 1147 Stavropolis | - | - | - |","| id | sbj | pred | obj_d | obj_i | sig | adv/cl/comp/sent |
| - | - | - | - | - | - | - |
| #0 | 1147 Stavropolis | has apoapsis | 418476000000.0 | - | - | - |
| #1 | 1147 Stavropolis | has orbital period | 1249.6 days | - | - | - |
| #2 | Grigory Neujmin | discovered | 1147 Stavropolis | - | - | - |","| id | sbj | pred | obj_d | obj_i | sig | adv/cl/comp/sent |
| - | - | - | - | - | - | - |
| #0 | 1147 Stavropolis | has apoapsis | 418476000000.0 | - | - | - |
| #1 | 1147 Stavropolis | has orbital period | 1249.6 days | - | - | - |
| #2 | Grigory Neujmin | discovered | 1147 Stavropolis | - | - | - |"
reference0,109,"Super Capers, a movie directed by Ray Griggs, was distributed by both Lionsgate and Roadside Attractions and had a 98 minute run time.","# Output
| id | sbj           | pred        | obj_d   | obj_i | sig | adv/cl/comp/sent |
|----|---------------|-------------|---------|-------|-----|------------------|
| #0 | Super Capers | is directed | -       | by Ray Griggs | -   | -                |
| #1 | Super Capers | was distributed | -   | by Lionsgate | -   | -                |
| #2 | Super Capers | was distributed | -   | by Roadside Attractions | -   | -                |
| #3 | Super Capers | had | a 98 minute run time | -     | -   | -                |","# Output
| id | sbj          | pred        | obj_d    | obj_i | sig | adv/cl/comp/sent |
|----|--------------|-------------|----------|-------|-----|------------------|
| #0 | Super Capers | is directed | -        | by Ray Griggs | - | - |
| #1 | Super Capers | was distributed | -    | by Lionsgate and Roadside Attractions | - | - |
| #2 | Super Capers | had         | a 98 minute run time | - | - | - |","# Output
| id | sbj           | pred       | obj_d    | obj_i | sig | adv/cl/comp/sent |
|----|---------------|------------|----------|-------|-----|------------------|
| #0 | Super Capers  | is a movie | -        | -     | -   | -                |
| #1 | Super Capers  | was directed by | Ray Griggs | - | -   | -                |
| #2 | Super Capers  | was distributed by | Lionsgate | - | -   | -                |
| #3 | Super Capers  | was distributed by | Roadside Attractions | - | - | - |
| #4 | Super Capers  | had        | a 98 minute run time | - | -   | -                |"
reference0,110,"The University of Burgundy, located in the city of Dijon (postal code 21000), has 16,800 undergraduate students and 2,900 staff members.","| id | sbj | pred | obj_d | obj_i | sig | adv/cl/comp/sent |
| - | - | - | - | - | - | - |
| #0 | The University of Burgundy | is located | - | in the city of Dijon | - | - |
| #1 | the city of Dijon | has postal code | 21000 | - | - | - |
| #2 | The University of Burgundy | has | 16,800 undergraduate students | - | - | - |
| #3 | The University of Burgundy | has | 2,900 staff members | - | - | - |","| id | sbj | pred | obj_d | obj_i | sig | adv/cl/comp/sent |
| - | - | - | - | - | - | - |
| #0 | The University of Burgundy | is located in | the city of Dijon | - | - | - |
| #1 | the city of Dijon | has postal code | 21000 | - | - | - |
| #2 | The University of Burgundy | has | 16,800 undergraduate students | - | - | - |
| #3 | The University of Burgundy | has | 2,900 staff members | - | - | - |","| id | sbj | pred | obj_d | obj_i | sig | adv/cl/comp/sent |
| - | - | - | - | - | - | - |
| #0 | The University of Burgundy | is located | - | in the city of Dijon | - | - |
| #1 | the city of Dijon | has postal code | 21000 | - | - | - |
| #2 | The University of Burgundy | has | 16,800 undergraduate students | - | - | - |
| #3 | The University of Burgundy | has | 2,900 staff members | - | - | - |"
reference0,111,The College of WIlliam and Mary is the current owner of Alan B. Miller Hall and the Mason School of Business is the current tenants.,"| id | sbj | pred | obj_d | obj_i | sig | adv/cl/comp/sent |
| -- | --- | ---- | ----- | ----- | --- | ---------------- |
| #0 | The College of William and Mary | is | the current owner | of Alan B. Miller Hall | - | - |
| #1 | The Mason School of Business | is | the current tenants | of Alan B. Miller Hall | - | - |","| id | sbj | pred | obj_d | obj_i | sig | adv/cl/comp/sent |
| - | - | - | - | - | - | - |
| #0 | The College of WIlliam and Mary | is | the current owner | of Alan B. Miller Hall | - | - |
| #1 | The Mason School of Business | is | the current tenants | of Alan B. Miller Hall | - | - |","| id | sbj | pred | obj_d | obj_i | sig | adv/cl/comp/sent |
| - | - | - | - | - | - | - |
| #0 | The College of WIlliam and Mary | is | the current owner | of Alan B. Miller Hall | - | - |
| #1 | The Mason School of Business | is | the current tenants | of Alan B. Miller Hall | - | - |"
reference0,112,George Allen & Unwin published the Fellowship of the Ring.,"| id | sbj               | pred     | obj_d                     | obj_i | sig | adv/cl/comp/sent |
|----|-------------------|----------|----------------------------|-------|-----|------------------|
| #0 | George Allen & Unwin | published | the Fellowship of the Ring | -     | -   | -                |","| id | sbj                | pred     | obj_d                      | obj_i | sig | adv/cl/comp/sent |
|----|--------------------|----------|----------------------------|-------|-----|-----------------|
| #0 | George Allen & Unwin | published | the Fellowship of the Ring |       |     |                 |","# Output
| id | sbj                | pred      | obj_d                        | obj_i | sig | adv/cl/comp/sent |
|----|--------------------|-----------|------------------------------|-------|-----|-----------------|
| #0 | George Allen & Unwin | published | the Fellowship of the Ring  | -     | -   | -               |"
reference0,113,"The University of Burgundy is located in Dijon in France, which is also known as the French Republic and led by Claude Bartolone.","| id | sbj                   | pred      | obj_d | obj_i | sig  | adv/cl/comp/sent       |
|----|-----------------------|-----------|-------|-------|------|------------------------|
| #0 | The University of Burgundy | is located | -     | in Dijon, France | -    | -                      |
| #1 | Dijon                 | is in     | France | -     | -    | -                      |
| #2 | France                | is also known as | the French Republic | -     | -    | -                      |
| #3 | the French Republic   | is led by | Claude Bartolone | -     | -    | -                      |","| id | sbj                | pred     | obj_d | obj_i | sig | adv/cl/comp/sent |
|----|--------------------|----------|-------|-------|-----|------------------|
| #0 | The University of Burgundy | is located | -     | in Dijon, France | -   | -                |
| #1 | Dijon              | is in    | France | -     | -   | -                |
| #2 | France             | is also known as | the French Republic | - | -   | -                |
| #3 | the French Republic | is led by | Claude Bartolone | - | -   | -                |","| id | sbj                 | pred     | obj_d | obj_i | sig | adv/cl/comp/sent          |
|----|---------------------|----------|-------|-------|-----|---------------------------|
| #0 | The University of Burgundy | is located | -     | in Dijon in France | -   | -                         |
| #1 | Dijon in France     | is also known as | the French Republic | -   | -   | -                         |
| #2 | the French Republic | is led by | Claude Bartolone | -   | -   | -                         |"
reference0,114,Lionsgate provides digital distribution service.,"| id | sbj       | pred     | obj_d                        | obj_i | sig | adv/cl/comp/sent |
|----|-----------|----------|------------------------------|-------|-----|-----------------|
| #0 | Lionsgate | provides | digital distribution service |       |     |                 |","| id | sbj       | pred     | obj_d                        | obj_i | sig | adv/cl/comp/sent |
|----|-----------|----------|------------------------------|-------|-----|------------------|
| #0 | Lionsgate | provides | digital distribution service |       |     |                  |","| id | sbj       | pred     | obj_d                        | obj_i | sig | adv/cl/comp/sent |
|----|-----------|----------|------------------------------|-------|-----|-----------------|
| #0 | Lionsgate | provides | digital distribution service |       |     |                 |"
reference0,115,English Without Tears is 89 minutes long.,"| id | sbj                | pred    | obj_d | obj_i | sig | adv/cl/comp/sent |
|----|--------------------|---------|-------|-------|-----|------------------|
| #0 | English Without Tears | is      | 89 minutes long | -     | -   | -                |","| id | sbj                | pred   | obj_d | obj_i | sig | adv/cl/comp/sent |
|----|--------------------|--------|-------|-------|-----|------------------|
| #0 | English Without Tears | is     | 89 minutes long | -     | -   | -                |","| id | sbj                | pred  | obj_d | obj_i | sig | adv/cl/comp/sent |
|----|--------------------|-------|-------|-------|-----|------------------|
| #0 | English Without Tears | is    | 89 minutes long | -     | -   | -                |"
reference0,116,"The Mason School of Business are the current tenants of Alan B Miller Hall, which was completed on June 1, 2009.","# Output
| id | sbj | pred | obj_d | obj_i | sig | adv/cl/comp/sent |
| - | - | - | - | - | - | - |
| #0 | The Mason School of Business | are | the current tenants | of Alan B Miller Hall | - | - |
| #1 | Alan B Miller Hall | was completed | - | - | on | June 1, 2009 |","# Output
| id | sbj | pred | obj_d | obj_i | sig | adv/cl/comp/sent |
| - | - | - | - | - | - | - |
| #0 | The Mason School of Business | are | the current tenants | of Alan B Miller Hall | - | - |
| #1 | Alan B Miller Hall | was completed | - | - | on | June 1, 2009 |","# Output
| id | sbj | pred | obj_d | obj_i | sig | adv/cl/comp/sent |
| - | - | - | - | - | - | - |
| #0 | The Mason School of Business | are | the current tenants | of Alan B Miller Hall | - | - |
| #1 | Alan B Miller Hall | was completed | - | - | on | June 1, 2009 |"
reference0,117,The OS grid reference for Darlington is NZ289147.,"# Extraction
| id | sbj | pred | obj_d | obj_i | sig | adv/cl/comp/sent |
| - | - | - | - | - | - | - |
| #0 | The OS grid reference for Darlington | is | NZ289147 | - | - | - |","# Output
| id | sbj | pred | obj_d | obj_i | sig | adv/cl/comp/sent |
| - | - | - | - | - | - | - |
| #0 | Darlington | has OS grid reference | NZ289147 | - | - | - |","# Output
| id | sbj | pred | obj_d | obj_i | sig | adv/cl/comp/sent |
| - | - | - | - | - | - | - |
| #0 | Darlington | has OS grid reference | NZ289147 | - | - | - |"
reference0,118,"The album Turn Me On is punk blues, a genre which originated from the earlier garage rock sound.","| id | sbj          | pred       | obj_d | obj_i | sig   | adv/cl/comp/sent            |
|----|--------------|------------|-------|-------|-------|-----------------------------|
| #0 | The album    | is         | punk blues | -     | -     | -                           |
| #1 | punk blues   | originated | -          | from  | -     | the earlier garage rock sound |","| id | sbj            | pred      | obj_d        | obj_i | sig | adv/cl/comp/sent        |
|----|----------------|-----------|--------------|-------|-----|-------------------------|
| #0 | The album Turn Me On | is         | punk blues   | -     | -   | -                       |
| #1 | punk blues     | originated | -            | from  | -   | the earlier garage rock sound |","| id | sbj            | pred     | obj_d       | obj_i | sig     | adv/cl/comp/sent              |
|----|----------------|----------|-------------|-------|---------|-------------------------------|
| #0 | The album Turn Me On | is        | punk blues  | -     | -       | -                             |
| #1 | punk blues     | originated from | garage rock sound | -     | which   | is earlier                   |
| #2 | punk blues     | is        | a genre     | -     | -       | -                             |"
reference0,119,The 89-minute-long movie English Without Tears includes music composed by Nicholas Brodszky. Alan Jaggs was in charge of the editing.,"| id | sbj | pred | obj_d | obj_i | sig | adv/cl/comp/sent |
| - | - | - | - | - | - | - |
| #0 | The 89-minute-long movie English Without Tears | includes | music | - | composed by | Nicholas Brodszky |
| #1 | Alan Jaggs | was in charge of | the editing | - | - | - |","| id | sbj           | pred         | obj_d    | obj_i | sig | adv/cl/comp/sent |
|----|---------------|--------------|----------|-------|-----|------------------|
| #0 | movie         | includes     | music    | -     | -   | -                |
| #1 | music         | was composed | -        | by Nicholas Brodszky | -   | -                |
| #2 | movie         | is           | 89-minute-long | -     | -   | -                |
| #3 | Alan Jaggs    | was in charge | -        | of the editing | -   | -                |","| id | sbj          | pred          | obj_d       | obj_i | sig | adv/cl/comp/sent |
|----|--------------|---------------|-------------|-------|-----|------------------|
| #0 | movie English Without Tears | includes    | music  | -   | -   | -                |
| #1 | music        | was composed  | -           | by Nicholas Brodszky | -   | -                |
| #2 | movie English Without Tears | is          | 89-minute-long | -   | -   | -                |
| #3 | Alan Jaggs   | was in charge | -           | of the editing | -   | -                |"
reference0,120,Nicholas Brodszky has a non-performing background.,"| id | sbj             | pred      | obj_d                | obj_i | sig | adv/cl/comp/sent |
|----|-----------------|-----------|----------------------|-------|-----|------------------|
| #0 | Nicholas Brodszky | has       | a non-performing background | -     | -   | -                |","| id | sbj             | pred        | obj_d                | obj_i | sig | adv/cl/comp/sent |
|----|-----------------|-------------|----------------------|-------|-----|------------------|
| #0 | Nicholas Brodszky | has         | a non-performing background | -     | -   | -                |","| id | sbj              | pred      | obj_d                | obj_i | sig | adv/cl/comp/sent |
|----|------------------|-----------|----------------------|-------|-----|------------------|
| #0 | Nicholas Brodszky | has       | a non-performing background | -     | -   | -                |"
reference0,121,"Abraham A. Ribicoff’s birthplace is the USA where he worked for the United States Secretary of Health, Education, and Welfare office, in a country where African Americans are a national ethnic group. His spouse is Ruth Ribicoff.","| id | sbj               | pred      | obj_d | obj_i | sig | adv/cl/comp/sent |
|----|-------------------|-----------|-------|-------|-----|------------------|
| #0 | Abraham A. Ribicoff | was born  | -     | in    | the USA |
| #1 | Abraham A. Ribicoff | worked    | -     | for   | the United States Secretary of Health, Education, and Welfare office |
| #2 | Abraham A. Ribicoff | worked    | -     | in    | a country where African Americans are a national ethnic group |
| #3 | Abraham A. Ribicoff | has spouse | Ruth Ribicoff | - | - | - |","| id | sbj              | pred       | obj_d | obj_i | sig | adv/cl/comp/sent     |
|----|------------------|------------|-------|-------|-----|----------------------|
| #0 | Abraham A. Ribicoff | was born in | the USA | -   | -   | -                    |
| #1 | Abraham A. Ribicoff | worked for  | the United States Secretary of Health, Education, and Welfare office | -   | in  | a country where African Americans are a national ethnic group |
| #2 | Abraham A. Ribicoff | has spouse  | Ruth Ribicoff | -   | -   | -                    |
| #3 | a country         | has        | African Americans | as a national ethnic group | -   | -                    |","| id | sbj               | pred      | obj_d | obj_i | sig | adv/cl/comp/sent |
|----|-------------------|-----------|-------|-------|-----|------------------|
| #0 | Abraham A. Ribicoff | was born  | -     | in    | the USA |
| #1 | Abraham A. Ribicoff | worked    | for   | the United States Secretary of Health, Education, and Welfare office | in | a country where African Americans are a national ethnic group |
| #2 | Abraham A. Ribicoff | has spouse | Ruth Ribicoff | - | - | - |"
reference0,122,The Agremiacao Sportiva Arapiraquense club has 17000 members and they play in the Campeonato Brasileiro Série C league based in Brazil. Their ground is the Estadio Municipal Coaracy da Mata Fonseca located in Arapiraca and Vila Nova Futebol Clube are the champions of the league. The chairman of Agremiação Sportiva Arapiraquense has the title of 'President'.,"| id | sbj | pred | obj_d | obj_i | sig | adv/cl/comp/sent |
|----|-----|------|-------|-------|-----|-----------------|
| #0 | Agremiação Sportiva Arapiraquense club | has | 17000 members | - | - | - |
| #1 | Agremiação Sportiva Arapiraquense club | play | - | in the Campeonato Brasileiro Série C league | - | based in Brazil |
| #2 | Agremiação Sportiva Arapiraquense club | has ground | the Estadio Municipal Coaracy da Mata Fonseca | - | located in | Arapiraca |
| #3 | Vila Nova Futebol Clube | are | the champions | of the league | - | - |
| #4 | the chairman of Agremiação Sportiva Arapiraquense | has the title of | 'President' | - | - | - |","| id | sbj | pred | obj_d | obj_i | sig | adv/cl/comp/sent |
|----|-----|------|-------|-------|-----|------------------|
| #0 | Agremiação Sportiva Arapiraquense club | has | 17000 members | - | - | - |
| #1 | Agremiação Sportiva Arapiraquense club | play | - | in the Campeonato Brasileiro Série C league | - | based in Brazil |
| #2 | Agremiação Sportiva Arapiraquense club | has ground | the Estadio Municipal Coaracy da Mata Fonseca | - | located in | Arapiraca |
| #3 | Vila Nova Futebol Clube | are | the champions | of the league | - | - |
| #4 | The chairman of Agremiação Sportiva Arapiraquense | has the title of | 'President' | - | - | - |","# Output
| id | sbj | pred | obj_d | obj_i | sig | adv/cl/comp/sent |
| - | - | - | - | - | - | - |
| #0 | Agremiação Sportiva Arapiraquense club | has | 17000 members | - | - | - |
| #1 | Agremiação Sportiva Arapiraquense club | play | - | in the Campeonato Brasileiro Série C league | - | based in Brazil |
| #2 | Agremiação Sportiva Arapiraquense club | has | their ground | - | - | #3 |
| #3 | their ground | is | the Estadio Municipal Coaracy da Mata Fonseca | - | located in | Arapiraca |
| #4 | Vila Nova Futebol Clube | are | the champions | of the league | - | - |
| #5 | the chairman of Agremiação Sportiva Arapiraquense | has | the title of 'President' | - | - | - |"
reference0,123,"Chinabank was founded on August 16,1920 and the bank has 295 centers and provides services to customers. Chinabank's net income is 15,100,000,000.","| id | sbj       | pred      | obj_d            | obj_i | sig | adv/cl/comp/sent |
|----|-----------|-----------|------------------|-------|-----|------------------|
| #0 | Chinabank | was founded | -               | -     | on  | August 16, 1920  |
| #1 | Chinabank | has        | 295 centers      | -     | -   | -                |
| #2 | Chinabank | provides   | services         | to customers | -   | -                |
| #3 | Chinabank | has        | net income       | -     | of  | 15,100,000,000   |","| id | sbj       | pred       | obj_d            | obj_i | sig | adv/cl/comp/sent       |
|----|-----------|------------|------------------|-------|-----|------------------------|
| #0 | Chinabank | was founded | -                | -     | on  | August 16, 1920        |
| #1 | Chinabank | has        | 295 centers      | -     | -   | -                      |
| #2 | Chinabank | provides   | services         | to customers | -   | -                      |
| #3 | Chinabank | has        | net income       | -     | of  | 15,100,000,000         |","| id | sbj       | pred         | obj_d        | obj_i | sig | adv/cl/comp/sent |
|----|-----------|--------------|--------------|-------|-----|------------------|
| #0 | Chinabank | was founded  | -            | -     | on  | August 16, 1920  |
| #1 | Chinabank | has          | 295 centers  | -     | -   | -                |
| #2 | Chinabank | provides     | services     | to customers | -   | -                |
| #3 | Chinabank | has          | a net income | -     | of  | 15,100,000,000   |"
reference0,124,"The BBC tv series, Bananaman, created by Steve Bright and starred Bill Oddie, who was born in Rochdale. The BBC Headquarters is referred to as Broadcasting House.","# Output
| id | sbj | pred | obj_d | obj_i | sig | adv/cl/comp/sent |
| - | - | - | - | - | - | - |
| #0 | Bananaman | was created by | Steve Bright | - | - | - |
| #1 | Bananaman | starred | Bill Oddie | - | - | - |
| #2 | Bill Oddie | was born | - | in Rochdale | - | - |
| #3 | The BBC Headquarters | is referred to as | Broadcasting House | - | - | - |
| #4 | The BBC tv series | is | Bananaman | - | - | - |","# Output
| id | sbj | pred | obj_d | obj_i | sig | adv/cl/comp/sent |
| - | - | - | - | - | - | - |
| #0 | The BBC tv series, Bananaman | was created | - | by Steve Bright | - | - |
| #1 | The BBC tv series, Bananaman | starred | Bill Oddie | - | - | - |
| #2 | Bill Oddie | was born | - | in Rochdale | - | - |
| #3 | The BBC Headquarters | is referred to as | Broadcasting House | - | - | - |","# Output
| id | sbj | pred | obj_d | obj_i | sig | adv/cl/comp/sent |
| - | - | - | - | - | - | - |
| #0 | The BBC tv series, Bananaman | was created | - | by Steve Bright | - | - |
| #1 | The BBC tv series, Bananaman | starred | Bill Oddie | - | - | - |
| #2 | Bill Oddie | was born | - | in Rochdale | - | - |
| #3 | The BBC Headquarters | is referred to as | Broadcasting House | - | - | - |"
reference0,125,The University of Burgundy has 9400 post-graduate students and employs 2900 staff members.,"# Output
| id | sbj                     | pred      | obj_d                  | obj_i | sig | adv/cl/comp/sent |
|----|-------------------------|-----------|------------------------|-------|-----|------------------|
| #0 | The University of Burgundy | has       | 9400 post-graduate students | -     | -   | -                |
| #1 | The University of Burgundy | employs   | 2900 staff members    | -     | -   | -                |","# Output
| id | sbj                  | pred       | obj_d                 | obj_i | sig | adv/cl/comp/sent |
|----|----------------------|------------|-----------------------|-------|-----|------------------|
| #0 | The University of Burgundy | has        | 9400 post-graduate students | -     | -   | -                |
| #1 | The University of Burgundy | employs    | 2900 staff members | -     | -   | -                |","| id | sbj                    | pred    | obj_d                 | obj_i | sig | adv/cl/comp/sent |
|----|------------------------|---------|-----------------------|-------|-----|------------------|
| #0 | The University of Burgundy | has     | 9400 post-graduate students | -     | -   | -                |
| #1 | The University of Burgundy | employs | 2900 staff members   | -     | -   | -                |"
reference0,126,The periapsis of 1147 Stavropolis is 260855000000.,"| id | sbj | pred | obj_d | obj_i | sig | adv/cl/comp/sent |
|----|-----|------|-------|-------|-----|-----------------|
| #0 | 1147 Stavropolis | has periapsis | 260855000000 | - | - | - |","| id | sbj | pred | obj_d | obj_i | sig | adv/cl/comp/sent |
|----|-----|------|-------|-------|-----|-----------------|
| #0 | 1147 Stavropolis | has periapsis | 260855000000 | - | - | - |","| id | sbj | pred | obj_d | obj_i | sig | adv/cl/comp/sent |
| - | - | - | - | - | - | - |
| #0 | 1147 Stavropolis | has periapsis | 260855000000 | - | - | - |"
reference0,127,The Bootleg Series Volume I: The Quine Tapes was recorded in the United States.,"| id | sbj | pred | obj_d | obj_i | sig | adv/cl/comp/sent |
|----|-----|------|-------|-------|-----|-----------------|
| #0 | The Bootleg Series Volume I: The Quine Tapes | was recorded | - | in the United States | - | - |","| id | sbj | pred | obj_d | obj_i | sig | adv/cl/comp/sent |
|----|-----|------|-------|-------|-----|-----------------|
| #0 | The Bootleg Series Volume I: The Quine Tapes | was recorded | - | in the United States | - | - |","| id | sbj                                           | pred     | obj_d                              | obj_i | sig | adv/cl/comp/sent |
|----|-----------------------------------------------|----------|------------------------------------|-------|-----|------------------|
| #0 | The Bootleg Series Volume I: The Quine Tapes  | was recorded | -                                  | in    | the United States |"
reference0,128,"Acharya Institute of Technology is in Bangalore, Karnataka.","| id | sbj                         | pred | obj_d | obj_i | sig | adv/cl/comp/sent |
|----|-----------------------------|------|-------|-------|-----|------------------|
| #0 | Acharya Institute of Technology | is   | -     | in Bangalore, Karnataka | -   | -                |","| id | sbj                        | pred | obj_d | obj_i | sig | adv/cl/comp/sent |
|----|----------------------------|------|-------|-------|-----|------------------|
| #0 | Acharya Institute of Technology | is   | -     | in   | Bangalore, Karnataka | - |","| id | sbj                        | pred | obj_d | obj_i | sig | adv/cl/comp/sent |
|----|----------------------------|------|-------|-------|-----|------------------|
| #0 | Acharya Institute of Technology | is   | -     | in   | Bangalore, Karnataka | - |"
reference0,129,"Dr. G. P. Prabhukumar is the director of the Acharya Institute of Technology. Its address is Soldevanahalli, Acharya Dr. Sarvapalli Radhakrishnan Road, Hessarghatta Main Road, Bangalore - 560090. The All India Council for Technical Education, located in Mumbai, was proud to give the Technical Campus status to the Acharya Institute of Technology.","| id | sbj | pred | obj_d | obj_i | sig | adv/cl/comp/sent |
|----|-----|------|-------|-------|-----|-----------------|
| #0 | Dr. G. P. Prabhukumar | is | the director | of the Acharya Institute of Technology | - | - |
| #1 | Acharya Institute of Technology | has address | Soldevanahalli, Acharya Dr. Sarvapalli Radhakrishnan Road, Hessarghatta Main Road, Bangalore - 560090 | - | - | - |
| #2 | The All India Council for Technical Education | is located | in Mumbai | - | - | - |
| #3 | The All India Council for Technical Education | was proud to give | the Technical Campus status | to the Acharya Institute of Technology | - | - |","| id | sbj | pred | obj_d | obj_i | sig | adv/cl/comp/sent |
|----|-----|------|-------|-------|-----|------------------|
| #0 | Dr. G. P. Prabhukumar | is | the director | of the Acharya Institute of Technology | - | - |
| #1 | Acharya Institute of Technology | has address | Soldevanahalli, Acharya Dr. Sarvapalli Radhakrishnan Road, Hessarghatta Main Road, Bangalore - 560090 | - | - | - |
| #2 | The All India Council for Technical Education | was proud to give | the Technical Campus status | to the Acharya Institute of Technology | - | - |
| #3 | The All India Council for Technical Education | is located | in Mumbai | - | - | - |","| id | sbj | pred | obj_d | obj_i | sig | adv/cl/comp/sent |
| - | - | - | - | - | - | - |
| #0 | Dr. G. P. Prabhukumar | is | the director | of the Acharya Institute of Technology | - | - |
| #1 | Acharya Institute of Technology | has address | Soldevanahalli, Acharya Dr. Sarvapalli Radhakrishnan Road, Hessarghatta Main Road, Bangalore - 560090 | - | - | - |
| #2 | The All India Council for Technical Education | was proud to give | Technical Campus status | to the Acharya Institute of Technology | - | - |
| #3 | The All India Council for Technical Education | is located in | Mumbai | - | - | - |"
reference0,130,"Nurhan Atasoy, a Turkish national residing in Istanbul was born on 1934-01-01 in Turkey.","# Output
| id | sbj          | pred       | obj_d | obj_i | sig | adv/cl/comp/sent |
|----|--------------|------------|-------|-------|-----|------------------|
| #0 | Nurhan Atasoy | is         | a Turkish national | residing in Istanbul | - | - |
| #1 | Nurhan Atasoy | was born   | -     | -     | on  | 1934-01-01 in Turkey |","# Output
| id | sbj          | pred        | obj_d | obj_i | sig | adv/cl/comp/sent |
|----|--------------|-------------|-------|-------|-----|------------------|
| #0 | Nurhan Atasoy | was born    | -     | in Turkey | on | 1934-01-01       |
| #1 | Nurhan Atasoy | is a        | Turkish national | - | - | -              |
| #2 | Nurhan Atasoy | is residing | -     | in Istanbul | - | -              |","# Output
| id | sbj          | pred        | obj_d | obj_i | sig | adv/cl/comp/sent |
|----|--------------|-------------|-------|-------|-----|------------------|
| #0 | Nurhan Atasoy | was born    | -     | in Turkey | on | 1934-01-01       |
| #1 | Nurhan Atasoy | is a        | Turkish national | - | - | -              |
| #2 | Nurhan Atasoy | is residing | -     | in Istanbul | - | -              |"
reference0,131,"ENAIRE, located in Madrid, is the operating organisation for Adolfo Suarez Madrid-Barajas airport in Alcobendas. The airport is elevated 610 metres above sea level and its runway name is 14L/32R.","| id | sbj | pred | obj_d | obj_i | sig | adv/cl/comp/sent |
| - | - | - | - | - | - | - |
| #0 | ENAIRE | is located | - | in Madrid | - | - |
| #1 | ENAIRE | is | the operating organisation | for Adolfo Suarez Madrid-Barajas airport | - | - |
| #2 | Adolfo Suarez Madrid-Barajas airport | is located | - | in Alcobendas | - | - |
| #3 | Adolfo Suarez Madrid-Barajas airport | is elevated | - | - | at | 610 metres above sea level |
| #4 | Adolfo Suarez Madrid-Barajas airport | has runway name | 14L/32R | - | - | - |","| id | sbj | pred | obj_d | obj_i | sig | adv/cl/comp/sent |
| - | - | - | - | - | - | - |
| #0 | ENAIRE | is located | - | in Madrid | - | - |
| #1 | ENAIRE | is the operating organisation | - | for Adolfo Suarez Madrid-Barajas airport | - | - |
| #2 | Adolfo Suarez Madrid-Barajas airport | is located | - | in Alcobendas | - | - |
| #3 | Adolfo Suarez Madrid-Barajas airport | is elevated | 610 metres | - | above | sea level |
| #4 | Adolfo Suarez Madrid-Barajas airport | has runway name | 14L/32R | - | - | - |","| id | sbj | pred | obj_d | obj_i | sig | adv/cl/comp/sent |
| - | - | - | - | - | - | - |
| #0 | ENAIRE | is located | - | in Madrid | - | - |
| #1 | ENAIRE | is the operating organisation | - | for Adolfo Suarez Madrid-Barajas airport | - | - |
| #2 | Adolfo Suarez Madrid-Barajas airport | is located | - | in Alcobendas | - | - |
| #3 | Adolfo Suarez Madrid-Barajas airport | is elevated | 610 metres | - | above | sea level |
| #4 | Adolfo Suarez Madrid-Barajas airport | has runway name | 14L/32R | - | - | - |"
reference0,132,"Adams County, Pennsylvania, United States is home to the 11th Mississippi Infantry Monument.","| id | sbj | pred | obj_d | obj_i | sig | adv/cl/comp/sent |
| - | - | - | - | - | - | - |
| #0 | Adams County, Pennsylvania, United States | is home to | the 11th Mississippi Infantry Monument | - | - | - |","# Output
| id | sbj | pred | obj_d | obj_i | sig | adv/cl/comp/sent |
| - | - | - | - | - | - | - |
| #0 | Adams County, Pennsylvania, United States | is home to | the 11th Mississippi Infantry Monument | - | - | - |","# Output
| id | sbj | pred | obj_d | obj_i | sig | adv/cl/comp/sent |
| - | - | - | - | - | - | - |
| #0 | Adams County, Pennsylvania, United States | is home to | the 11th Mississippi Infantry Monument | - | - | - |"
reference0,133,"The University of Burgundy has a 2900 member staff. The university, located in Dijon, serves 1299 doctoral students.","| id | sbj | pred | obj_d | obj_i | sig | adv/cl/comp/sent |
| - | - | - | - | - | - | - |
| #0 | The University of Burgundy | has | a 2900 member staff | - | - | - |
| #1 | The University of Burgundy | is located | - | in Dijon | - | - |
| #2 | The University of Burgundy | serves | 1299 doctoral students | - | - | - |","| id | sbj | pred | obj_d | obj_i | sig | adv/cl/comp/sent |
| - | - | - | - | - | - | - |
| #0 | The University of Burgundy | has | a 2900 member staff | - | - | - |
| #1 | The University of Burgundy | is located | - | in Dijon | - | - |
| #2 | The University of Burgundy | serves | 1299 doctoral students | - | - | - |","| id | sbj | pred | obj_d | obj_i | sig | adv/cl/comp/sent |
|----|-----|------|-------|-------|-----|------------------|
| #0 | The University of Burgundy | has | a 2900 member staff | - | - | - |
| #1 | The University of Burgundy | is located | - | in Dijon | - | - |
| #2 | The University of Burgundy | serves | 1299 doctoral students | - | - | - |"
reference0,134,"The city of Bangalore, founded in the state of Karnataka, India By Kempe Gowda I, is home to the Acharya Institute of Technology. Its campus with Technical Status designated by the All India Technical Council for Technical Education in Mumbai, is located at Soldevanahalli, Acharya Dr. Sarvapalli Radhakrishnan Road, Hessarghatta Main Road, Bangalore – 560090, and the institute is directed by Dr. G.P. Prabhukumar.","# Output
| id | sbj | pred | obj_d | obj_i | sig | adv/cl/comp/sent |
| - | - | - | - | - | - | - |
| #0 | Bangalore | was founded | - | in the state of Karnataka, India | by | Kempe Gowda I |
| #1 | Bangalore | is home to | the Acharya Institute of Technology | - | - | - |
| #2 | the Acharya Institute of Technology | has campus | - | - | with | #3 |
| #3 | campus | is designated | Technical Status | by the All India Technical Council for Technical Education in Mumbai | - | - |
| #4 | campus | is located at | Soldevanahalli, Acharya Dr. Sarvapalli Radhakrishnan Road, Hessarghatta Main Road, Bangalore – 560090 | - | - | - |
| #5 | the Acharya Institute of Technology | is directed by | Dr. G.P. Prabhukumar | - | - | - |","# Output
| id | sbj | pred | obj_d | obj_i | sig | adv/cl/comp/sent |
| - | - | - | - | - | - | - |
| #0 | Bangalore | was founded | - | in the state of Karnataka, India | by | Kempe Gowda I |
| #1 | Bangalore | is home to | the Acharya Institute of Technology | - | - | - |
| #2 | the Acharya Institute of Technology | has campus | - | - | with | #3 |
| #3 | the campus | is designated | Technical Status | by the All India Technical Council for Technical Education in Mumbai | - | - |
| #4 | the campus | is located at | Soldevanahalli, Acharya Dr. Sarvapalli Radhakrishnan Road, Hessarghatta Main Road, Bangalore – 560090 | - | - | - |
| #5 | the Acharya Institute of Technology | is directed by | Dr. G.P. Prabhukumar | - | - | - |","# Output
| id | sbj | pred | obj_d | obj_i | sig | adv/cl/comp/sent |
| - | - | - | - | - | - | - |
| #0 | Bangalore | was founded | - | in the state of Karnataka, India | by | Kempe Gowda I |
| #1 | Bangalore | is home to | the Acharya Institute of Technology | - | - | - |
| #2 | the Acharya Institute of Technology | has campus | - | - | with | Technical Status designated by the All India Technical Council for Technical Education in Mumbai |
| #3 | the campus | is located at | Soldevanahalli, Acharya Dr. Sarvapalli Radhakrishnan Road, Hessarghatta Main Road, Bangalore – 560090 | - | - | - |
| #4 | the Acharya Institute of Technology | is directed by | Dr. G.P. Prabhukumar | - | - | - |
| #5 | Technical Status | was designated by | the All India Technical Council for Technical Education | - | in | Mumbai |"
reference0,135,"Alan Shepard, an American, who went to school at NWC and graduated with an MA in 1957 and who was the Chief of the Astronaut Office in 1963, was born in New Hampshire on Nov 18, 1923 and died in California.","| id | sbj          | pred        | obj_d | obj_i | sig | adv/cl/comp/sent |
|----|--------------|-------------|-------|-------|-----|------------------|
| #0 | Alan Shepard | was born     | -     | in New Hampshire | on | Nov 18, 1923 |
| #1 | Alan Shepard | died         | -     | in California    | -  | -            |
| #2 | Alan Shepard | was          | an American | -  | -  | -               |
| #3 | Alan Shepard | went to school | - | at NWC | - | -  |
| #4 | Alan Shepard | graduated    | with an MA | from NWC | in | 1957 |
| #5 | Alan Shepard | was          | the Chief of the Astronaut Office | - | in | 1963 |","| id | sbj         | pred          | obj_d | obj_i | sig | adv/cl/comp/sent |
|----|-------------|---------------|-------|-------|-----|------------------|
| #0 | Alan Shepard | was born      | -     | in New Hampshire | on | Nov 18, 1923 |
| #1 | Alan Shepard | died          | -     | in California    | -  | -            |
| #2 | Alan Shepard | was           | an American | -   | -  | -              |
| #3 | Alan Shepard | went to school| -     | at NWC | -  | -                |
| #4 | Alan Shepard | graduated     | with an MA | from NWC | in | 1957        |
| #5 | Alan Shepard | was           | the Chief of the Astronaut Office | - | in | 1963 |","| id | sbj          | pred          | obj_d | obj_i | sig | adv/cl/comp/sent          |
|----|--------------|---------------|-------|-------|-----|---------------------------|
| #0 | Alan Shepard | was born       | -     | in New Hampshire | on | Nov 18, 1923          |
| #1 | Alan Shepard | died           | -     | in California    | -  | -                     |
| #2 | Alan Shepard | was            | an American | -   | -  | -                       |
| #3 | Alan Shepard | went to school | -     | at NWC           | -  | #4                    |
| #4 | Alan Shepard | graduated      | with an MA | from NWC | in | 1957                   |
| #5 | Alan Shepard | was            | the Chief of the Astronaut Office | - | in | 1963 |"
reference0,136,"Musical group the Velvet Underground released The album The Bootleg Series Volume 1: The Quine Tapes, which was recorded under the Universal Music Group and its parent company Vivendi. A former member of the band was Lou Reed.","# Output
| id | sbj | pred | obj_d | obj_i | sig | adv/cl/comp/sent |
| - | - | - | - | - | - | - |
| #0 | the Velvet Underground | released | the album The Bootleg Series Volume 1: The Quine Tapes | - | - | - |
| #1 | the album The Bootleg Series Volume 1: The Quine Tapes | was recorded | - | under the Universal Music Group and its parent company Vivendi | - | - |
| #2 | Lou Reed | was | a former member | of the band | - | - |","| id | sbj | pred | obj_d | obj_i | sig | adv/cl/comp/sent |
| - | - | - | - | - | - | - |
| #0 | the Velvet Underground | released | The Bootleg Series Volume 1: The Quine Tapes | - | - | - |
| #1 | The Bootleg Series Volume 1: The Quine Tapes | was recorded | - | under the Universal Music Group and its parent company Vivendi | - | - |
| #2 | Lou Reed | was | a former member | of the band | - | - |","# Output
| id | sbj | pred | obj_d | obj_i | sig | adv/cl/comp/sent |
| - | - | - | - | - | - | - |
| #0 | the Velvet Underground | released | The album The Bootleg Series Volume 1: The Quine Tapes | - | - | - |
| #1 | The album The Bootleg Series Volume 1: The Quine Tapes | was recorded under | the Universal Music Group | - | - | - |
| #2 | the Universal Music Group | has parent company | Vivendi | - | - | - |
| #3 | Lou Reed | was | a former member of the band | - | - | - |
| #4 | the band | is | the Velvet Underground | - | - | - |"
reference0,137,"Nurhan Atasoy, who was born on January 01, 1934 in Turkey, currently also resides there (Istanbul) and has both Turkish nationality and citizenship.","| id | sbj          | pred       | obj_d                | obj_i | sig | adv/cl/comp/sent |
|----|--------------|------------|----------------------|-------|-----|------------------|
| #0 | Nurhan Atasoy | was born   | -                    | in Turkey | on | January 01, 1934 |
| #1 | Nurhan Atasoy | currently resides | -             | in Istanbul | - | -                |
| #2 | Nurhan Atasoy | has        | Turkish nationality  | -     | -   | -                |
| #3 | Nurhan Atasoy | has        | Turkish citizenship  | -     | -   | -                |","| id | sbj          | pred       | obj_d        | obj_i | sig | adv/cl/comp/sent |
|----|--------------|------------|--------------|-------|-----|------------------|
| #0 | Nurhan Atasoy | was born    | -            | in Turkey | on | January 01, 1934 |
| #1 | Nurhan Atasoy | currently resides | -      | in Istanbul | - | -                |
| #2 | Nurhan Atasoy | has        | Turkish nationality | -     | - | -                |
| #3 | Nurhan Atasoy | has        | citizenship  | -     | - | -                |","| id | sbj          | pred       | obj_d            | obj_i | sig | adv/cl/comp/sent |
|----|--------------|------------|------------------|-------|-----|------------------|
| #0 | Nurhan Atasoy | was born    | -                | in Turkey | on | January 01, 1934 |
| #1 | Nurhan Atasoy | currently resides | -         | in Istanbul | - | -               |
| #2 | Nurhan Atasoy | has         | Turkish nationality | -     | -   | -               |
| #3 | Nurhan Atasoy | has         | citizenship      | -     | -   | -               |
| #4 | Nurhan Atasoy | has         | citizenship      | -     | -   | -               |"
reference0,138,Expect a Miracle has a runtime of 54:56.,"| id | sbj | pred | obj_d | obj_i | sig | adv/cl/comp/sent |
| - | - | - | - | - | - | - |
| #0 | Expect a Miracle | has | a runtime | - | of | 54:56 |","| id | sbj             | pred       | obj_d  | obj_i | sig | adv/cl/comp/sent |
|----|-----------------|------------|--------|-------|-----|------------------|
| #0 | Expect a Miracle | has a runtime | 54:56 | -     | -   | -                |","| id | sbj            | pred     | obj_d  | obj_i | sig | adv/cl/comp/sent |
|----|----------------|----------|--------|-------|-----|------------------|
| #0 | Expect a Miracle | has      | a runtime | -     | of  | 54:56           |"
reference0,139,The Pontiac Rageous went into production in 1997 and ended the same year.,"| id | sbj             | pred       | obj_d      | obj_i | sig | adv/cl/comp/sent |
|----|-----------------|------------|------------|-------|-----|------------------|
| #0 | The Pontiac Rageous | went into  | production | -     | in  | 1997             |
| #1 | The Pontiac Rageous | ended      | production | -     | in  | the same year    |","| id | sbj                | pred        | obj_d      | obj_i | sig | adv/cl/comp/sent |
|----|--------------------|-------------|------------|-------|-----|------------------|
| #0 | The Pontiac Rageous | went into   | production | -     | in  | 1997             |
| #1 | The Pontiac Rageous | ended       | production | -     | in  | the same year    |","| id | sbj               | pred       | obj_d      | obj_i | sig | adv/cl/comp/sent |
|----|-------------------|------------|------------|-------|-----|------------------|
| #0 | The Pontiac Rageous | went into  | production | -     | in  | 1997             |
| #1 | The Pontiac Rageous | ended      | production | -     | in  | the same year    |"
reference0,140,"Justin Whalin stars in Super Capers, which is written by director Ray Griggs.","| id | sbj         | pred   | obj_d       | obj_i | sig | adv/cl/comp/sent |
|----|-------------|--------|-------------|-------|-----|------------------|
| #0 | Justin Whalin | stars in | Super Capers | -     | -   | -                |
| #1 | Super Capers | is written by | director Ray Griggs | - | -   | -                |
| #2 | director Ray Griggs | wrote | Super Capers | -   | -   | -                |","| id | sbj          | pred   | obj_d       | obj_i | sig | adv/cl/comp/sent |
|----|--------------|--------|-------------|-------|-----|------------------|
| #0 | Justin Whalin | stars  | -           | in Super Capers | -   | -                |
| #1 | Super Capers  | is written | -       | by director Ray Griggs | -   | -                |
| #2 | Ray Griggs    | is    | director    | -     | -   | -                |","| id | sbj         | pred   | obj_d        | obj_i | sig | adv/cl/comp/sent |
|----|-------------|--------|--------------|-------|-----|------------------|
| #0 | Justin Whalin | stars | -            | in Super Capers | -   | -                |
| #1 | Super Capers | is written | -        | by director Ray Griggs | -   | -                |
| #2 | director Ray Griggs | wrote | Super Capers | - | -   | -                |"
reference0,141,The Fellowship of the Ring was written by J.R.R Tolkien. The Two Towers is the sequel to it. It was preceded by the Hobbit. The Hobbit's genre is juvenile fantasy and literary genre is high fantasy.,"| id | sbj                         | pred        | obj_d           | obj_i | sig      | adv/cl/comp/sent |
|----|-----------------------------|-------------|-----------------|-------|----------|------------------|
| #0 | The Fellowship of the Ring  | was written | -               | by    | J.R.R Tolkien | -              |
| #1 | The Two Towers              | is          | the sequel      | to    | The Fellowship of the Ring | - |
| #2 | The Fellowship of the Ring  | was preceded| -               | by    | The Hobbit | -              |
| #3 | The Hobbit                  | has genre   | juvenile fantasy| -     | -        | -                |
| #4 | The Hobbit                  | has genre   | high fantasy    | in    | literary genre | -          |","| id | sbj | pred | obj_d | obj_i | sig | adv/cl/comp/sent |
|----|-----|------|-------|-------|-----|------------------|
| #0 | The Fellowship of the Ring | was written by | J.R.R Tolkien | - | - | - |
| #1 | The Two Towers | is | the sequel | to The Fellowship of the Ring | - | - |
| #2 | The Two Towers | was preceded by | The Hobbit | - | - | - |
| #3 | The Hobbit | has genre | juvenile fantasy | - | and | #4 |
| #4 | The Hobbit | has literary genre | high fantasy | - | - | - |","| id | sbj | pred | obj_d | obj_i | sig | adv/cl/comp/sent |
| - | - | - | - | - | - | - |
| #0 | The Fellowship of the Ring | was written | - | by J.R.R Tolkien | - | - |
| #1 | The Two Towers | is | the sequel | to The Fellowship of the Ring | - | - |
| #2 | The Fellowship of the Ring | was preceded | - | by The Hobbit | - | - |
| #3 | The Hobbit | has genre | juvenile fantasy | - | and | literary genre is high fantasy |
| #4 | The Hobbit | has literary genre | high fantasy | - | - | - |"
reference0,142,The place served by the Bedford Aerodrome located in Thurleigh is the Bedford Autodrome.,"| id | sbj | pred | obj_d | obj_i | sig | adv/cl/comp/sent |
| - | - | - | - | - | - | - |
| #0 | Bedford Autodrome | is served by | the Bedford Aerodrome | - | - | - |
| #1 | Bedford Aerodrome | is located in | Thurleigh | - | - | - |","| id | sbj | pred | obj_d | obj_i | sig | adv/cl/comp/sent |
|----|-----|------|-------|-------|-----|-----------------|
| #0 | The place | is served by | the Bedford Aerodrome | - | - | - |
| #1 | the Bedford Aerodrome | is located in | Thurleigh | - | - | - |
| #2 | The place | is | the Bedford Autodrome | - | - | - |","| id | sbj | pred | obj_d | obj_i | sig | adv/cl/comp/sent |
|----|-----|------|-------|-------|-----|-----------------|
| #0 | The Bedford Aerodrome | is located | - | in Thurleigh | - | - |
| #1 | The place | served by | the Bedford Aerodrome | - | - | is the Bedford Autodrome |"
reference0,143,The currency of Mexico is the peso and the local people are called Mexicans. In Mexico there is a region called Jalisco which makes a dessert called bionico that requires granola as one of its ingredients.,"| id | sbj | pred | obj_d | obj_i | sig | adv/cl/comp/sent |
| - | - | - | - | - | - | - |
| #0 | The currency of Mexico | is | the peso | - | - | - |
| #1 | the local people | are called | Mexicans | - | - | - |
| #2 | Mexico | has a region | Jalisco | - | - | - |
| #3 | Jalisco | makes | a dessert | - | called | bionico |
| #4 | bionico | requires | granola | as one of its ingredients | - | - |","| id | sbj | pred | obj_d | obj_i | sig | adv/cl/comp/sent |
| - | - | - | - | - | - | - |
| #0 | The currency of Mexico | is | the peso | - | - | - |
| #1 | the local people | are called | Mexicans | - | - | - |
| #2 | Mexico | has | a region | - | called | Jalisco |
| #3 | Jalisco | makes | a dessert | - | called | bionico |
| #4 | bionico | requires | granola | as one of its ingredients | - | - | - |
| #5 | Jalisco | is | a region | in | Mexico | - |","| id | sbj | pred | obj_d | obj_i | sig | adv/cl/comp/sent |
| - | - | - | - | - | - | - |
| #0 | The currency of Mexico | is | the peso | - | - | - |
| #1 | the local people | are called | Mexicans | - | - | - |
| #2 | Mexico | has a region | Jalisco | - | - | - |
| #3 | Jalisco | makes | a dessert | - | called | bionico |
| #4 | bionico | requires | granola | as one of its ingredients | - | - |"
reference0,144,Bionico is a dessert food found in Mexico where Enrique Pena Nieto is the leader.,"| id | sbj                | pred       | obj_d | obj_i | sig  | adv/cl/comp/sent             |
|----|--------------------|------------|-------|-------|------|------------------------------|
| #0 | Bionico            | is         | -     | -     | in   | Mexico                       |
| #1 | Mexico             | has leader | Enrique Pena Nieto | -    | -    | -                            |","| id | sbj                  | pred        | obj_d    | obj_i | sig   | adv/cl/comp/sent              |
|----|----------------------|-------------|----------|-------|-------|-------------------------------|
| #0 | Bionico              | is          | a dessert food | -     | in    | Mexico                        |
| #1 | Enrique Pena Nieto   | is          | the leader | -     | in    | Mexico                        |","| id | sbj                | pred        | obj_d   | obj_i | sig  | adv/cl/comp/sent     |
|----|--------------------|-------------|---------|-------|------|----------------------|
| #0 | Bionico            | is          | -       | -     | in   | Mexico               |
| #1 | Bionico            | is          | a dessert food | -     | -    | -                    |
| #2 | Mexico             | is found in | -       | -     | where| Enrique Pena Nieto is the leader |
| #3 | Enrique Pena Nieto | is          | the leader | -   | of   | Mexico               |"
reference0,145,The University of Burgundy is located in the city of Dijon in France.,"| id | sbj                   | pred    | obj_d | obj_i | sig | adv/cl/comp/sent |
|----|-----------------------|---------|-------|-------|-----|------------------|
| #0 | The University of Burgundy | is located | -     | in the city of Dijon | in | France |","# Output
| id | sbj                    | pred    | obj_d | obj_i | sig | adv/cl/comp/sent  |
|----|------------------------|---------|-------|-------|-----|-------------------|
| #0 | The University of Burgundy | is located | -     | in the city of Dijon | in | France |","| id | sbj                  | pred    | obj_d | obj_i | sig | adv/cl/comp/sent       |
|----|----------------------|---------|-------|-------|-----|------------------------|
| #0 | The University of Burgundy | is located | -     | in the city of Dijon | in | France |"
reference0,146,"Though associated with Jwaydan Moyine, trance music was the genre of choice for Andrew Rayel.","# Output
| id | sbj           | pred            | obj_d      | obj_i | sig        | adv/cl/comp/sent |
|----|---------------|-----------------|------------|-------|------------|------------------|
| #0 | trance music  | was             | -          | -     | associated | with Jwaydan Moyine |
| #1 | Andrew Rayel  | had genre       | trance music | -   | of choice  | -                |","# Output
| id | sbj          | pred        | obj_d       | obj_i | sig       | adv/cl/comp/sent |
|----|--------------|-------------|-------------|-------|-----------|------------------|
| #0 | trance music | was         | genre       | -     | for       | Andrew Rayel     |
| #1 | trance music | was associated | -        | with  | Jwaydan Moyine |                |","# Output
| id | sbj          | pred       | obj_d       | obj_i | sig        | adv/cl/comp/sent |
|----|--------------|------------|-------------|-------|------------|------------------|
| #0 | trance music | was        | genre       | -     | for        | Andrew Rayel     |
| #1 | trance music | was        | -           | -     | associated with | Jwaydan Moyine |"
reference0,147,"Hypermarcas, a type of S.A. (corporation), was founded on January 1, 2001, and has a subsidiary called Mantecorp.","# Output
| id | sbj         | pred     | obj_d     | obj_i | sig   | adv/cl/comp/sent         |
|----|-------------|----------|-----------|-------|-------|--------------------------|
| #0 | Hypermarcas | was founded | -       | -     | on    | January 1, 2001          |
| #1 | Hypermarcas | is a type of | S.A.    | -     | -     | -                        |
| #2 | Hypermarcas | has subsidiary | Mantecorp | - | -     | -                        |","# Output
| id | sbj         | pred      | obj_d     | obj_i | sig | adv/cl/comp/sent       |
|----|-------------|-----------|-----------|-------|-----|------------------------|
| #0 | Hypermarcas | was founded | -       | -     | on  | January 1, 2001        |
| #1 | Hypermarcas | is a type of | S.A. (corporation) | - | - | -                  |
| #2 | Hypermarcas | has subsidiary | Mantecorp | -   | - | -                      |","# Output
| id | sbj        | pred       | obj_d     | obj_i | sig | adv/cl/comp/sent |
|----|------------|------------|-----------|-------|-----|------------------|
| #0 | Hypermarcas | was founded | -         | -     | on  | January 1, 2001  |
| #1 | Hypermarcas | has        | a subsidiary | -     | called | Mantecorp      |
| #2 | Hypermarcas | is a type of | S.A. (corporation) | - | - | -              |"
reference0,148,"1147 Stavropolis is an asteroid, discovered on 11 June 1929 by Grigory Neujmin. Its absolute magnitude is 11.5, and it has a rotation period of 20378.5. Its periapsis is 260855000000.0, orbital period is 1249.6 and the apoapsis is 418476000000.0 AU.","# Output
| id | sbj | pred | obj_d | obj_i | sig | adv/cl/comp/sent |
| - | - | - | - | - | - | - |
| #0 | 1147 Stavropolis | is | an asteroid | - | - | - |
| #1 | 1147 Stavropolis | was discovered | on 11 June 1929 | by Grigory Neujmin | - | - |
| #2 | 1147 Stavropolis | has | absolute magnitude | - | of | 11.5 |
| #3 | 1147 Stavropolis | has | rotation period | - | of | 20378.5 |
| #4 | 1147 Stavropolis | has | periapsis | - | of | 260855000000.0 |
| #5 | 1147 Stavropolis | has | orbital period | - | of | 1249.6 |
| #6 | 1147 Stavropolis | has | apoapsis | - | of | 418476000000.0 AU |","| id | sbj | pred | obj_d | obj_i | sig | adv/cl/comp/sent |
| - | - | - | - | - | - | - |
| #0 | 1147 Stavropolis | is | an asteroid | - | - | - |
| #1 | 1147 Stavropolis | was discovered | on 11 June 1929 | by Grigory Neujmin | - | - |
| #2 | 1147 Stavropolis | has | absolute magnitude | 11.5 | - | - |
| #3 | 1147 Stavropolis | has | rotation period | 20378.5 | - | - |
| #4 | 1147 Stavropolis | has | periapsis | 260855000000.0 | - | - |
| #5 | 1147 Stavropolis | has | orbital period | 1249.6 | - | - |
| #6 | 1147 Stavropolis | has | apoapsis | 418476000000.0 AU | - | - |","| id | sbj | pred | obj_d | obj_i | sig | adv/cl/comp/sent |
| - | - | - | - | - | - | - |
| #0 | 1147 Stavropolis | is | an asteroid | - | - | - |
| #1 | 1147 Stavropolis | was discovered | on 11 June 1929 | by Grigory Neujmin | - | - |
| #2 | 1147 Stavropolis | has | absolute magnitude | 11.5 | - | - |
| #3 | 1147 Stavropolis | has | rotation period | 20378.5 | - | - |
| #4 | 1147 Stavropolis | has | periapsis | 260855000000.0 | - | - |
| #5 | 1147 Stavropolis | has | orbital period | 1249.6 | - | - |
| #6 | 1147 Stavropolis | has | apoapsis | 418476000000.0 AU | - | - |"
reference0,149,Ciudad Ayala (a city in Mexico) has a leader called the Governator and it is part of Morelos.,"# Output
| id | sbj          | pred       | obj_d | obj_i | sig | adv/cl/comp/sent |
|----|--------------|------------|-------|-------|-----|------------------|
| #0 | Ciudad Ayala | has leader | the Governator | - | - | - |
| #1 | Ciudad Ayala | is part of | Morelos | - | - | - |
| #2 | the Governator | is called | - | - | - | a leader of Ciudad Ayala |","# Output
| id | sbj           | pred       | obj_d | obj_i | sig | adv/cl/comp/sent  |
|----|---------------|------------|-------|-------|-----|-------------------|
| #0 | Ciudad Ayala  | is a city  | -     | in Mexico | - | -                 |
| #1 | Ciudad Ayala  | has a leader | the Governator | - | - | -                 |
| #2 | the Governator | is called  | -     | -     | - | the Governator     |
| #3 | Ciudad Ayala  | is part    | -     | of Morelos | - | -                 |","| id | sbj           | pred      | obj_d | obj_i | sig | adv/cl/comp/sent        |
|----|---------------|-----------|-------|-------|-----|-------------------------|
| #0 | Ciudad Ayala  | has       | a leader called the Governator | -     | -   | -                       |
| #1 | Ciudad Ayala  | is part of| Morelos | -     | -   | -                       |
| #2 | the leader    | is called | the Governator | -   | of  | Ciudad Ayala          |"
reference0,150,"The University of Burgundy is located in the city of Dijon, has 27400 students, 16800 undergraduate students, 2900 staff members and 1299 doctoral students.","# Output
| id | sbj | pred | obj_d | obj_i | sig | adv/cl/comp/sent |
| - | - | - | - | - | - | - |
| #0 | The University of Burgundy | is located | - | in the city of Dijon | - | - |
| #1 | The University of Burgundy | has | 27400 students | - | - | - |
| #2 | The University of Burgundy | has | 16800 undergraduate students | - | - | - |
| #3 | The University of Burgundy | has | 2900 staff members | - | - | - |
| #4 | The University of Burgundy | has | 1299 doctoral students | - | - | - |","| id | sbj | pred | obj_d | obj_i | sig | adv/cl/comp/sent |
|----|-----|------|-------|-------|-----|------------------|
| #0 | The University of Burgundy | is located | - | in the city of Dijon | - | - |
| #1 | The University of Burgundy | has | 27400 students | - | - | - |
| #2 | The University of Burgundy | has | 16800 undergraduate students | - | - | - |
| #3 | The University of Burgundy | has | 2900 staff members | - | - | - |
| #4 | The University of Burgundy | has | 1299 doctoral students | - | - | - |","| id | sbj                     | pred      | obj_d                | obj_i | sig | adv/cl/comp/sent      |
|----|-------------------------|-----------|----------------------|-------|-----|-----------------------|
| #0 | The University of Burgundy | is located | -                    | in the city of Dijon | -   | -                     |
| #1 | The University of Burgundy | has        | 27400 students       | -     | -   | -                     |
| #2 | The University of Burgundy | has        | 16800 undergraduate students | - | - | -                 |
| #3 | The University of Burgundy | has        | 2900 staff members   | -     | -   | -                     |
| #4 | The University of Burgundy | has        | 1299 doctoral students | -   | -   | -                     |"
reference0,151,"Piotr Hallmann weighs 70.308 kilograms and was born in Gdynia, Poland, which follows the Central European Summer Time timezone.","| id | sbj           | pred      | obj_d                    | obj_i | sig | adv/cl/comp/sent        |
|----|---------------|-----------|--------------------------|-------|-----|-------------------------|
| #0 | Piotr Hallmann| weighs    | 70.308 kilograms         | -     | -   | -                       |
| #1 | Piotr Hallmann| was born  | -                        | in Gdynia, Poland | -   | -                 |
| #2 | Gdynia, Poland| follows   | the Central European Summer Time timezone | - | - | -               |
| #3 | Gdynia        | is in     | Poland                   | -     | -   | -                       |","| id | sbj           | pred      | obj_d               | obj_i | sig | adv/cl/comp/sent |
|----|---------------|-----------|---------------------|-------|-----|------------------|
| #0 | Piotr Hallmann | weighs    | 70.308 kilograms    | -     | -   | -                |
| #1 | Piotr Hallmann | was born  | -                   | in Gdynia, Poland | -   | -                |
| #2 | Gdynia, Poland | follows   | the Central European Summer Time timezone | - | - | -                |
| #3 | Gdynia         | is in     | Poland              | -     | -   | -                |","| id | sbj           | pred      | obj_d            | obj_i | sig | adv/cl/comp/sent |
|----|---------------|-----------|------------------|-------|-----|------------------|
| #0 | Piotr Hallmann | weighs    | 70.308 kilograms | -     | -   | -                |
| #1 | Piotr Hallmann | was born  | -                | in Gdynia, Poland | -   | -                |
| #2 | Gdynia, Poland | follows   | the Central European Summer Time timezone | - | - | -                |"
reference0,152,"Nurhan Atasoy, born January 1st, 1934, was of Turkish nationality.","| id | sbj          | pred       | obj_d | obj_i | sig | adv/cl/comp/sent      |
|----|--------------|------------|-------|-------|-----|-----------------------|
| #0 | Nurhan Atasoy | was born on | -     | -     | -   | January 1st, 1934     |
| #1 | Nurhan Atasoy | was of     | Turkish nationality | - | -   | -                   |","| id | sbj          | pred     | obj_d  | obj_i | sig | adv/cl/comp/sent       |
|----|--------------|----------|--------|-------|-----|------------------------|
| #0 | Nurhan Atasoy | was born | -      | on    | -   | January 1st, 1934      |
| #1 | Nurhan Atasoy | was      | -      | of    | -   | Turkish nationality    |","| id | sbj          | pred       | obj_d | obj_i | sig | adv/cl/comp/sent       |
|----|--------------|------------|-------|-------|-----|------------------------|
| #0 | Nurhan Atasoy | was born    | -     | -     | on  | January 1st, 1934      |
| #1 | Nurhan Atasoy | was         | -     | of    | -   | Turkish nationality    |"
reference0,153,Agremiação Sportiva Arapiraquense with 17000 members play in the Brazil Campeonato Brasileiro Série C league. Estádio Municipal Coaracy da Mata Fonseca in located in Arapiraca and ground is Agremiação Sportiva Arapiraquense.,"| id | sbj | pred | obj_d | obj_i | sig | adv/cl/comp/sent |
| - | - | - | - | - | - | - |
| #0 | Agremiação Sportiva Arapiraquense | has | 17000 members | - | - | - |
| #1 | Agremiação Sportiva Arapiraquense | play | - | in the Brazil Campeonato Brasileiro Série C league | - | - |
| #2 | Estádio Municipal Coaracy da Mata Fonseca | is located | - | in Arapiraca | - | - |
| #3 | Estádio Municipal Coaracy da Mata Fonseca | has ground | Agremiação Sportiva Arapiraquense | - | - | - |","| id | sbj | pred | obj_d | obj_i | sig | adv/cl/comp/sent |
| - | - | - | - | - | - | - |
| #0 | Agremiação Sportiva Arapiraquense | has | 17000 members | - | - | - |
| #1 | Agremiação Sportiva Arapiraquense | play | - | in the Brazil Campeonato Brasileiro Série C league | - | - |
| #2 | Estádio Municipal Coaracy da Mata Fonseca | is located | - | in Arapiraca | - | - |
| #3 | ground | is | Agremiação Sportiva Arapiraquense | - | - | - |
| #4 | Estádio Municipal Coaracy da Mata Fonseca | has ground | Agremiação Sportiva Arapiraquense | - | - | - |","| id | sbj | pred | obj_d | obj_i | sig | adv/cl/comp/sent |
| - | - | - | - | - | - | - |
| #0 | Agremiação Sportiva Arapiraquense | has | 17000 members | - | - | - |
| #1 | Agremiação Sportiva Arapiraquense | play | - | in the Brazil Campeonato Brasileiro Série C league | - | - |
| #2 | Estádio Municipal Coaracy da Mata Fonseca | is located | - | in Arapiraca | - | - |
| #3 | ground | is | Agremiação Sportiva Arapiraquense | - | - | - |"
reference0,154,"Estádio Municipal Coaracy da Mata Fonseca is a stadium in Arapiraca. It is the home ground of Agremiação Sportiva Arapiraquense of the Brazilian Championship Series C where the champions are Vila Nova Futebol Clube. The Brazilian name for the championship is Campeonato Brasileiro Série C, and Agremiação Sportiva Arapiraquense competed there in 2015. The club has 17,000 members.","| id | sbj | pred | obj_d | obj_i | sig | adv/cl/comp/sent |
| - | - | - | - | - | - | - |
| #0 | Estádio Municipal Coaracy da Mata Fonseca | is | a stadium | in Arapiraca | - | - |
| #1 | Estádio Municipal Coaracy da Mata Fonseca | is | the home ground | of Agremiação Sportiva Arapiraquense | - | - |
| #2 | Agremiação Sportiva Arapiraquense | competes | in the Brazilian Championship Series C | - | where | the champions are Vila Nova Futebol Clube |
| #3 | Brazilian Championship Series C | is called | Campeonato Brasileiro Série C | in Brazil | - | - |
| #4 | Agremiação Sportiva Arapiraquense | competed | in Campeonato Brasileiro Série C | - | in | 2015 |
| #5 | Agremiação Sportiva Arapiraquense | has | 17,000 members | - | - | - |","| id | sbj | pred | obj_d | obj_i | sig | adv/cl/comp/sent |
| - | - | - | - | - | - | - |
| #0 | Estádio Municipal Coaracy da Mata Fonseca | is | a stadium | in Arapiraca | - | - |
| #1 | Estádio Municipal Coaracy da Mata Fonseca | is | the home ground | of Agremiação Sportiva Arapiraquense | - | - |
| #2 | Agremiação Sportiva Arapiraquense | competes | in the Brazilian Championship Series C | - | where | the champions are Vila Nova Futebol Clube |
| #3 | Brazilian Championship Series C | is called | Campeonato Brasileiro Série C | - | - | - |
| #4 | Agremiação Sportiva Arapiraquense | competed | in Campeonato Brasileiro Série C | - | in | 2015 |
| #5 | Agremiação Sportiva Arapiraquense | has | 17,000 members | - | - | - |","| id | sbj | pred | obj_d | obj_i | sig | adv/cl/comp/sent |
| - | - | - | - | - | - | - |
| #0 | Estádio Municipal Coaracy da Mata Fonseca | is | a stadium | in Arapiraca | - | - |
| #1 | Estádio Municipal Coaracy da Mata Fonseca | is | the home ground | of Agremiação Sportiva Arapiraquense | - | - |
| #2 | Agremiação Sportiva Arapiraquense | competes | in the Brazilian Championship Series C | - | where | the champions are Vila Nova Futebol Clube |
| #3 | Brazilian Championship Series C | is called | Campeonato Brasileiro Série C | - | - | - |
| #4 | Agremiação Sportiva Arapiraquense | competed | in Campeonato Brasileiro Série C | - | in | 2015 |
| #5 | Agremiação Sportiva Arapiraquense | has | 17,000 members | - | - | - |"
reference0,155,Andrzej Piotr Ruszczyński is known for his work with stochastic programming.,"| id | sbj                     | pred     | obj_d                | obj_i | sig | adv/cl/comp/sent |
|----|-------------------------|----------|----------------------|-------|-----|------------------|
| #0 | Andrzej Piotr Ruszczyński | is known | for his work         | with stochastic programming | -   | -                |
| #1 | Andrzej Piotr Ruszczyński | works    | -                    | with stochastic programming | -   | -                |","| id | sbj                     | pred  | obj_d                 | obj_i | sig | adv/cl/comp/sent |
|----|-------------------------|-------|-----------------------|-------|-----|------------------|
| #0 | Andrzej Piotr Ruszczyński | is known | for his work | -     | with | stochastic programming |","# Output
| id | sbj                    | pred     | obj_d               | obj_i | sig | adv/cl/comp/sent |
|----|------------------------|----------|---------------------|-------|-----|------------------|
| #0 | Andrzej Piotr Ruszczyński | is known | for his work | with stochastic programming | -   | -                |"
reference0,156,Live at Roadburn 2008 by Year of No Light was produced by the Roadburn Festival.,"| id | sbj | pred | obj_d | obj_i | sig | adv/cl/comp/sent |
|----|-----|------|-------|-------|-----|-----------------|
| #0 | Live at Roadburn 2008 | was produced | - | by the Roadburn Festival | - | - |
| #1 | Year of No Light | has production | Live at Roadburn 2008 | - | - | - |","| id | sbj                | pred      | obj_d                     | obj_i | sig | adv/cl/comp/sent |
|----|--------------------|-----------|---------------------------|-------|-----|-----------------|
| #0 | Live at Roadburn 2008 | was produced | by Year of No Light       | -     | -   | -               |
| #1 | Live at Roadburn 2008 | was produced | by the Roadburn Festival | -     | -   | -               |","| id | sbj                  | pred      | obj_d               | obj_i | sig | adv/cl/comp/sent |
|----|----------------------|-----------|---------------------|-------|-----|------------------|
| #0 | Live at Roadburn 2008| was produced | -                  | by the Roadburn Festival | -   | -                |
| #1 | Live at Roadburn 2008| is by     | Year of No Light    | -     | -   | -                |"
reference0,157,"Train followed Mermaid with Imagine, a song by John Lennon was produced by the production team Espionage and written by Pat Monahan.","| id | sbj | pred | obj_d | obj_i | sig | adv/cl/comp/sent |
| - | - | - | - | - | - | - |
| #0 | Train | followed | Mermaid | with Imagine | - | - |
| #1 | Imagine | is a song | by John Lennon | - | - | - |
| #2 | Imagine | was produced | - | by the production team Espionage | - | - |
| #3 | Imagine | was written | - | by Pat Monahan | - | - |","| id | sbj | pred | obj_d | obj_i | sig | adv/cl/comp/sent |
| - | - | - | - | - | - | - |
| #0 | Train | followed | Mermaid | with Imagine | - | - |
| #1 | Imagine | is a song | by John Lennon | - | - | - |
| #2 | Imagine | was produced | - | by the production team Espionage | - | - |
| #3 | Imagine | was written | - | by Pat Monahan | - | - |","| id | sbj | pred | obj_d | obj_i | sig | adv/cl/comp/sent |
| - | - | - | - | - | - | - |
| #0 | Train | followed | Mermaid | - | with | Imagine |
| #1 | Imagine | is | a song | - | by | John Lennon |
| #2 | Imagine | was produced | - | by | the production team Espionage |
| #3 | Imagine | was written | - | by | Pat Monahan |"
reference0,158,The All India Council for Technical Education was proud to give the Technical Campus status to the Acharya Institute of Technology located in Bangalore. The Institute is affiliated with Visvesvaraya Technological University.,"| id | sbj | pred | obj_d | obj_i | sig | adv/cl/comp/sent |
|----|-----|------|-------|-------|-----|------------------|
| #0 | The All India Council for Technical Education | was proud to give | the Technical Campus status | to the Acharya Institute of Technology | - | - |
| #1 | the Acharya Institute of Technology | is located | - | in Bangalore | - | - |
| #2 | the Acharya Institute of Technology | is affiliated | - | with Visvesvaraya Technological University | - | - |","| id | sbj | pred | obj_d | obj_i | sig | adv/cl/comp/sent |
|----|-----|------|-------|-------|-----|-----------------|
| #0 | The All India Council for Technical Education | was proud to give | the Technical Campus status | to the Acharya Institute of Technology | - | - |
| #1 | the Acharya Institute of Technology | is located | in Bangalore | - | - | - |
| #2 | the Acharya Institute of Technology | is affiliated | with Visvesvaraya Technological University | - | - | - |","| id | sbj | pred | obj_d | obj_i | sig | adv/cl/comp/sent |
| - | - | - | - | - | - | - |
| #0 | The All India Council for Technical Education | was proud to give | the Technical Campus status | to the Acharya Institute of Technology | - | - |
| #1 | the Acharya Institute of Technology | is located | - | in Bangalore | - | - |
| #2 | the Acharya Institute of Technology | is affiliated | - | with Visvesvaraya Technological University | - | - |"
reference0,159,"The All India Council for Technical Education located in Mumbai was proud to give the Technical Campus status to the Acharya Institute of Technology. The Acharya Institute of Technology is affiliated with Visvesvaraya Technological University which is located at Soldevanahalli, Acharya Dr. Sarvapalli Radhakrishnan Road, Hessarghatta Main Road, Bangalore - 560090.","| id | sbj | pred | obj_d | obj_i | sig | adv/cl/comp/sent |
| - | - | - | - | - | - | - |
| #0 | The All India Council for Technical Education | is located | - | in Mumbai | - | - |
| #1 | The All India Council for Technical Education | was proud to give | the Technical Campus status | to the Acharya Institute of Technology | - | - |
| #2 | The Acharya Institute of Technology | is affiliated with | Visvesvaraya Technological University | - | - | - |
| #3 | Visvesvaraya Technological University | is located | - | at Soldevanahalli, Acharya Dr. Sarvapalli Radhakrishnan Road, Hessarghatta Main Road, Bangalore - 560090 | - | - |","| id | sbj | pred | obj_d | obj_i | sig | adv/cl/comp/sent |
| - | - | - | - | - | - | - |
| #0 | The All India Council for Technical Education | is located in | Mumbai | - | - | - |
| #1 | The All India Council for Technical Education | was proud to give | the Technical Campus status | to the Acharya Institute of Technology | - | - |
| #2 | The Acharya Institute of Technology | is affiliated with | Visvesvaraya Technological University | - | - | - |
| #3 | Visvesvaraya Technological University | is located at | Soldevanahalli, Acharya Dr. Sarvapalli Radhakrishnan Road, Hessarghatta Main Road, Bangalore - 560090 | - | - | - |","| id | sbj | pred | obj_d | obj_i | sig | adv/cl/comp/sent |
| - | - | - | - | - | - | - |
| #0 | The All India Council for Technical Education | is located in | Mumbai | - | - | - |
| #1 | The All India Council for Technical Education | was proud to give | the Technical Campus status | to the Acharya Institute of Technology | - | - |
| #2 | The Acharya Institute of Technology | is affiliated with | Visvesvaraya Technological University | - | - | - |
| #3 | Visvesvaraya Technological University | is located at | Soldevanahalli, Acharya Dr. Sarvapalli Radhakrishnan Road, Hessarghatta Main Road, Bangalore - 560090 | - | - | - |"
reference0,160,The leader title for Ciudad Ayala is City Manager.,"| id | sbj           | pred        | obj_d        | obj_i | sig | adv/cl/comp/sent |
|----|---------------|-------------|--------------|-------|-----|------------------|
| #0 | Ciudad Ayala  | has leader  | City Manager | -     | -   | -                |","| id | sbj           | pred        | obj_d        | obj_i | sig | adv/cl/comp/sent |
|----|---------------|-------------|--------------|-------|-----|------------------|
| #0 | Ciudad Ayala  | has leader  | City Manager | -     | -   | -                |","| id | sbj          | pred     | obj_d        | obj_i | sig | adv/cl/comp/sent |
|----|--------------|----------|--------------|-------|-----|-----------------|
| #0 | Ciudad Ayala | has title | City Manager | -     | -   | -               |"
reference0,161,"The Pontiac Rageous was a car that went into production in 1997 and was manufactured by Pontiac. Pontiac was founded in the United States, and one of the successors of Pontiac is Buick.","| id | sbj               | pred          | obj_d                 | obj_i | sig | adv/cl/comp/sent       |
|----|-------------------|---------------|-----------------------|-------|-----|------------------------|
| #0 | The Pontiac Rageous | went into production | -                   | in 1997 | -   | -                      |
| #1 | Pontiac            | manufactured | the Pontiac Rageous   | -     | -   | -                      |
| #2 | Pontiac            | was founded  | -                     | in the United States | -   | -                      |
| #3 | Pontiac            | has successor | Buick                 | -     | -   | -                      |","| id | sbj                | pred          | obj_d           | obj_i | sig | adv/cl/comp/sent |
|----|--------------------|---------------|-----------------|-------|-----|------------------|
| #0 | The Pontiac Rageous| went into     | production      | -     | in  | 1997             |
| #1 | The Pontiac Rageous| was manufactured by | Pontiac    | -     | -   | -                |
| #2 | Pontiac            | was founded   | -               | in the United States | -   | -                |
| #3 | Pontiac            | has successor | Buick           | -     | -   | -                |","| id | sbj                | pred           | obj_d           | obj_i | sig | adv/cl/comp/sent          |
|----|--------------------|----------------|-----------------|-------|-----|---------------------------|
| #0 | The Pontiac Rageous| went into      | production      | -     | in  | 1997                      |
| #1 | The Pontiac Rageous| was manufactured| by Pontiac      | -     | -   | -                         |
| #2 | Pontiac            | was founded    | -               | in    | the United States           |
| #3 | Pontiac            | has successor  | Buick           | -     | -   | -                         |"
reference0,162,"The total area of water in New Jersey is 3,544 square kilometers.","| id | sbj | pred | obj_d | obj_i | sig | adv/cl/comp/sent |
| - | - | - | - | - | - | - |
| #0 | The total area of water in New Jersey | is | 3,544 square kilometers | - | - | - |","| id | sbj            | pred     | obj_d                  | obj_i | sig | adv/cl/comp/sent |
|----|----------------|----------|------------------------|-------|-----|-----------------|
| #0 | New Jersey     | has      | a total area of water  | -     | -   | -               |
| #1 | a total area   | is       | 3,544 square kilometers| -     | of  | water           |
| #2 | New Jersey     | is       | -                      | in    | -   | 3,544 square kilometers of water |","| id | sbj             | pred | obj_d                  | obj_i | sig | adv/cl/comp/sent |
|----|-----------------|------|------------------------|-------|-----|------------------|
| #0 | The total area  | is   | 3,544 square kilometers| of water in New Jersey | -   | -                |"
reference0,163,Ciudad Ayala UTC offset is -6 in the country of Mexico.,"| id | sbj          | pred          | obj_d | obj_i | sig | adv/cl/comp/sent |
|----|--------------|---------------|-------|-------|-----|------------------|
| #0 | Ciudad Ayala | has UTC offset | -6    | -     | in  | the country of Mexico |","| id | sbj          | pred          | obj_d | obj_i | sig | adv/cl/comp/sent |
|----|--------------|---------------|-------|-------|-----|------------------|
| #0 | Ciudad Ayala | has UTC offset | -6    | -     | in  | the country of Mexico |","| id | sbj          | pred          | obj_d | obj_i | sig | adv/cl/comp/sent |
|----|--------------|---------------|-------|-------|-----|------------------|
| #0 | Ciudad Ayala | has UTC offset | -6    | -     | in  | the country of Mexico |"
reference0,164,English Without Tears producer Anatole de Grunwald was born in Saint Petersburg.,"| id | sbj                | pred     | obj_d | obj_i | sig | adv/cl/comp/sent |
|----|--------------------|----------|-------|-------|-----|------------------|
| #0 | Anatole de Grunwald | was born | -     | in    | Saint Petersburg  |","| id | sbj                | pred       | obj_d | obj_i | sig | adv/cl/comp/sent |
|----|--------------------|------------|-------|-------|-----|------------------|
| #0 | Anatole de Grunwald | was born   | -     | in    | -   | Saint Petersburg |
| #1 | Anatole de Grunwald | is producer | -     | of    | -   | English Without Tears |","| id | sbj                | pred      | obj_d | obj_i | sig | adv/cl/comp/sent |
|----|--------------------|-----------|-------|-------|-----|------------------|
| #0 | Anatole de Grunwald | was born  | -     | in    | Saint Petersburg   |
| #1 | Anatole de Grunwald | is producer of | English Without Tears | - | - | - |"
reference0,165,"The Velvet Underground Squeeze album was succeeded by the rock album Bootleg Series Volume 1: The Quine Tapes, recorded under record label Polydor Records in San Francisco.","| id | sbj | pred | obj_d | obj_i | sig | adv/cl/comp/sent |
|----|-----|------|-------|-------|-----|-----------------|
| #0 | The Velvet Underground Squeeze album | was succeeded by | the rock album Bootleg Series Volume 1: The Quine Tapes | - | - | - |
| #1 | the rock album Bootleg Series Volume 1: The Quine Tapes | was recorded | - | under record label Polydor Records | in | San Francisco |","| id | sbj | pred | obj_d | obj_i | sig | adv/cl/comp/sent |
| - | - | - | - | - | - | - |
| #0 | The Velvet Underground Squeeze album | was succeeded by | the rock album Bootleg Series Volume 1: The Quine Tapes | - | - | - |
| #1 | the rock album Bootleg Series Volume 1: The Quine Tapes | was recorded | - | under record label Polydor Records | in | San Francisco |","| id | sbj | pred | obj_d | obj_i | sig | adv/cl/comp/sent |
|----|-----|------|-------|-------|-----|-----------------|
| #0 | The Velvet Underground Squeeze album | was succeeded by | the rock album Bootleg Series Volume 1: The Quine Tapes | - | - | - |
| #1 | the rock album Bootleg Series Volume 1: The Quine Tapes | was recorded | - | under record label Polydor Records | in | San Francisco |"
reference0,166,The language code (ISO 639-2) of the English language is eng.,"| id | sbj | pred | obj_d | obj_i | sig | adv/cl/comp/sent |
|----|-----|------|-------|-------|-----|-----------------|
| #0 | The language code of the English language | is | eng | - | - | - |","| id | sbj | pred | obj_d | obj_i | sig | adv/cl/comp/sent |
|----|-----|------|-------|-------|-----|-----------------|
| #0 | The language code of the English language | is | eng | - | - | - |","| id | sbj | pred | obj_d | obj_i | sig | adv/cl/comp/sent |
|----|-----|------|-------|-------|-----|-----------------|
| #0 | The language code of the English language | is | eng | - | - | - |"
reference0,167,The number of employees at Hypermarcas is 10252.,"| id | sbj         | pred     | obj_d | obj_i | sig | adv/cl/comp/sent |
|----|-------------|----------|-------|-------|-----|------------------|
| #0 | Hypermarcas | has      | 10252 employees | -   | -   | -                |","| id | sbj         | pred | obj_d | obj_i | sig | adv/cl/comp/sent |
|----|-------------|------|-------|-------|-----|------------------|
| #0 | Hypermarcas | has  | 10252 | employees | -   | -                |","| id | sbj          | pred       | obj_d | obj_i | sig | adv/cl/comp/sent |
|----|--------------|------------|-------|-------|-----|------------------|
| #0 | Hypermarcas  | has        | 10252 | -     | as  | number of employees |"
reference0,168,"The 11th Mississippi Infantry monument (located in Adams county, Pennsylvania) was established in the year 2000. Adams county, Pennsylvania has Cumberland county, Pennsylvania to its north.","| id | sbj | pred | obj_d | obj_i | sig | adv/cl/comp/sent |
| - | - | - | - | - | - | - |
| #0 | The 11th Mississippi Infantry monument | is located | - | in Adams county, Pennsylvania | - | - |
| #1 | The 11th Mississippi Infantry monument | was established | - | - | in | the year 2000 |
| #2 | Adams county, Pennsylvania | has | Cumberland county, Pennsylvania | - | to its north | - |","| id | sbj | pred | obj_d | obj_i | sig | adv/cl/comp/sent |
| - | - | - | - | - | - | - |
| #0 | The 11th Mississippi Infantry monument | is located | - | in Adams county, Pennsylvania | - | - |
| #1 | The 11th Mississippi Infantry monument | was established | - | - | in | the year 2000 |
| #2 | Adams county, Pennsylvania | has | Cumberland county, Pennsylvania | to its north | - | - |","| id | sbj | pred | obj_d | obj_i | sig | adv/cl/comp/sent |
| - | - | - | - | - | - | - |
| #0 | The 11th Mississippi Infantry monument | was established | - | in Adams county, Pennsylvania | in | the year 2000 |
| #1 | Adams county, Pennsylvania | is located | - | - | - | - |
| #2 | Adams county, Pennsylvania | has | Cumberland county, Pennsylvania | to its north | - | - |"
reference0,169,Brandon Carter born in England attended University of Cambridge whose vice chancellor is Leszek Borysiewicz.,"| id | sbj            | pred     | obj_d                  | obj_i | sig | adv/cl/comp/sent |
|----|----------------|----------|------------------------|-------|-----|------------------|
| #0 | Brandon Carter | was born | -                      | in England | -   | -                |
| #1 | Brandon Carter | attended | University of Cambridge | -     | -   | -                |
| #2 | University of Cambridge | has vice chancellor | Leszek Borysiewicz | - | - | -                |","| id | sbj            | pred     | obj_d                    | obj_i | sig | adv/cl/comp/sent |
|----|----------------|----------|--------------------------|-------|-----|------------------|
| #0 | Brandon Carter | was born | -                        | in England | -   | -                |
| #1 | Brandon Carter | attended | University of Cambridge  | -     | -   | -                |
| #2 | University of Cambridge | has vice chancellor | Leszek Borysiewicz | - | - | -                |","| id | sbj           | pred     | obj_d                    | obj_i | sig | adv/cl/comp/sent |
|----|---------------|----------|--------------------------|-------|-----|------------------|
| #0 | Brandon Carter | was born | -                        | in England | -   | -                |
| #1 | Brandon Carter | attended | University of Cambridge  | -     | -   | -                |
| #2 | University of Cambridge | has vice chancellor | Leszek Borysiewicz | - | - | -                |"
reference0,170,"Agremiação Sportiva Arapiraquense's full name is ""Agremiação Sportiva Arapiraquense"" and they played in the Campeonato Brasileiro Série C league in the 2015 season from Brazil and Vila Nova Futebol Clube have been champions. The Estádio Municipal Coaracy da Mata Fonseca is the name of the ground of Agremiação Sportiva Arapiraquense located in Arapiraca.","| id | sbj | pred | obj_d | obj_i | sig | adv/cl/comp/sent |
|----|-----|------|-------|-------|-----|-----------------|
| #0 | Agremiação Sportiva Arapiraquense | has full name | ""Agremiação Sportiva Arapiraquense"" | - | - | - |
| #1 | Agremiação Sportiva Arapiraquense | played in | the Campeonato Brasileiro Série C league | - | in | the 2015 season from Brazil |
| #2 | Vila Nova Futebol Clube | have been | champions | - | - | - |
| #3 | Estádio Municipal Coaracy da Mata Fonseca | is the name of the ground of | Agremiação Sportiva Arapiraquense | - | - | - |
| #4 | Estádio Municipal Coaracy da Mata Fonseca | is located in | Arapiraca | - | - | - |","# Output
| id | sbj | pred | obj_d | obj_i | sig | adv/cl/comp/sent |
| - | - | - | - | - | - | - |
| #0 | Agremiação Sportiva Arapiraquense | has full name | ""Agremiação Sportiva Arapiraquense"" | - | - | - |
| #1 | Agremiação Sportiva Arapiraquense | played in | the Campeonato Brasileiro Série C league | - | in | the 2015 season from Brazil |
| #2 | Vila Nova Futebol Clube | have been | champions | - | - | - |
| #3 | Estádio Municipal Coaracy da Mata Fonseca | is the name of the ground of | Agremiação Sportiva Arapiraquense | - | - | - |
| #4 | Estádio Municipal Coaracy da Mata Fonseca | is located in | Arapiraca | - | - | - |","# Output
| id | sbj | pred | obj_d | obj_i | sig | adv/cl/comp/sent |
| - | - | - | - | - | - | - |
| #0 | Agremiação Sportiva Arapiraquense | has full name | ""Agremiação Sportiva Arapiraquense"" | - | - | - |
| #1 | Agremiação Sportiva Arapiraquense | played in | the Campeonato Brasileiro Série C league | - | in | the 2015 season from Brazil |
| #2 | Vila Nova Futebol Clube | have been | champions | - | - | - |
| #3 | Estádio Municipal Coaracy da Mata Fonseca | is the name of the ground | of Agremiação Sportiva Arapiraquense | - | - | - |
| #4 | Estádio Municipal Coaracy da Mata Fonseca | is located in | Arapiraca | - | - | - |
| #5 | Agremiação Sportiva Arapiraquense | has ground | Estádio Municipal Coaracy da Mata Fonseca | - | - | - |"
reference0,171,"The song Mermaid by Train (written by Espen Lind) was release on December 27, 2012. Mermaid has a total runtime of 3 minutes and 16 seconds, and belongs to the pop rock genre. Mermaid is preceded by the song This'll be my year.","| id | sbj | pred | obj_d | obj_i | sig | adv/cl/comp/sent |
| - | - | - | - | - | - | - |
| #0 | The song Mermaid by Train | was written | - | by Espen Lind | - | - |
| #1 | The song Mermaid by Train | was released | - | - | on | December 27, 2012 |
| #2 | Mermaid | has | a total runtime of 3 minutes and 16 seconds | - | - | - |
| #3 | Mermaid | belongs to | the pop rock genre | - | - | - |
| #4 | Mermaid | is preceded by | the song This'll be my year | - | - | - |","| id | sbj | pred | obj_d | obj_i | sig | adv/cl/comp/sent |
| - | - | - | - | - | - | - |
| #0 | The song Mermaid by Train | was written | - | by Espen Lind | - | - |
| #1 | The song Mermaid by Train | was released | - | - | on | December 27, 2012 |
| #2 | Mermaid | has | a total runtime of 3 minutes and 16 seconds | - | - | - |
| #3 | Mermaid | belongs to | the pop rock genre | - | - | - |
| #4 | Mermaid | is preceded | by the song This'll be my year | - | - | - |","| id | sbj | pred | obj_d | obj_i | sig | adv/cl/comp/sent |
| - | - | - | - | - | - | - |
| #0 | The song Mermaid by Train | was written by | Espen Lind | - | - | - |
| #1 | The song Mermaid by Train | was released on | - | - | on | December 27, 2012 |
| #2 | Mermaid | has a total runtime of | 3 minutes and 16 seconds | - | - | - |
| #3 | Mermaid | belongs to | the pop rock genre | - | - | - |
| #4 | Mermaid | is preceded by | the song This'll be my year | - | - | - |"
reference0,172,"The album Nord by the artist Year of No Light, was released by the record label Crucial blast on the E-Vinyl record label.","| id | sbj                | pred     | obj_d  | obj_i | sig | adv/cl/comp/sent |
|----|--------------------|----------|--------|-------|-----|------------------|
| #0 | The album Nord    | was released | -      | by the record label Crucial Blast | on | the E-Vinyl record label |
| #1 | the artist Year of No Light | has album | Nord  | -     | -   | -                |","| id | sbj                | pred     | obj_d | obj_i | sig | adv/cl/comp/sent |
|----|--------------------|----------|-------|-------|-----|------------------|
| #0 | The album Nord    | was released | -     | by the record label Crucial Blast | on | the E-Vinyl record label |
| #1 | the artist Year of No Light | has album | Nord  | -   | -   | -                |
| #2 | the record label Crucial Blast | released | the album Nord | - | - | -              |","| id | sbj | pred | obj_d | obj_i | sig | adv/cl/comp/sent |
| - | - | - | - | - | - | - |
| #0 | The album Nord | was released | - | by the record label Crucial Blast | on | the E-Vinyl record label |
| #1 | The album Nord | was released | - | by the record label Crucial Blast | - | - |
| #2 | The album Nord | was released | - | on the E-Vinyl record label | - | - |
| #3 | the artist Year of No Light | has album | Nord | - | - | - |
| #4 | the record label Crucial Blast | released | The album Nord | - | - | - |
| #5 | the E-Vinyl record label | released | The album Nord | - | - | - |"
reference0,173,Agremiacao Sportiva Arapiraquense play in the Campeonato Brasileiro Serie C league based in Brazil in 2015. Their ground is the Estadio Municipal Coaracy da Mata Fonseca located in Arapiraca.,"| id | sbj | pred | obj_d | obj_i | sig | adv/cl/comp/sent |
|----|-----|------|-------|-------|-----|-----------------|
| #0 | Agremiacao Sportiva Arapiraquense | play | - | in the Campeonato Brasileiro Serie C league | based in | Brazil in 2015 |
| #1 | Agremiacao Sportiva Arapiraquense | have | their ground | - | - | - |
| #2 | their ground | is | the Estadio Municipal Coaracy da Mata Fonseca | - | located in | Arapiraca |","| id | sbj | pred | obj_d | obj_i | sig | adv/cl/comp/sent |
| - | - | - | - | - | - | - |
| #0 | Agremiacao Sportiva Arapiraquense | play in | the Campeonato Brasileiro Serie C league | - | in | Brazil in 2015 |
| #1 | Agremiacao Sportiva Arapiraquense | have | their ground | - | - | #2 |
| #2 | their ground | is | the Estadio Municipal Coaracy da Mata Fonseca | - | located in | Arapiraca |","| id | sbj | pred | obj_d | obj_i | sig | adv/cl/comp/sent |
| - | - | - | - | - | - | - |
| #0 | Agremiacao Sportiva Arapiraquense | play | - | in the Campeonato Brasileiro Serie C league | in | Brazil in 2015 |
| #1 | Agremiacao Sportiva Arapiraquense | has ground | the Estadio Municipal Coaracy da Mata Fonseca | - | - | - |
| #2 | the Estadio Municipal Coaracy da Mata Fonseca | is located | - | in Arapiraca | - | - |"
reference0,174,"Aaron Turner is a singer who was born in Boston. His music is post-metal, and he played with the band twilight.","| id | sbj          | pred        | obj_d   | obj_i | sig | adv/cl/comp/sent |
|----|--------------|-------------|---------|-------|-----|------------------|
| #0 | Aaron Turner | is          | a singer| -     | -   | -                |
| #1 | Aaron Turner | was born    | -       | in    | Boston             |
| #2 | His music    | is          | post-metal | -   | -   | -                |
| #3 | Aaron Turner | played      | -       | with  | the band twilight  |","# Output
| id | sbj         | pred     | obj_d  | obj_i | sig | adv/cl/comp/sent |
|----|-------------|----------|--------|-------|-----|------------------|
| #0 | Aaron Turner | is       | a singer | -     | -   | -                |
| #1 | Aaron Turner | was born | -       | in Boston | -   | -                |
| #2 | His music    | is       | post-metal | -     | -   | -                |
| #3 | Aaron Turner | played   | -        | with the band twilight | -   | -                |","# Output
| id | sbj         | pred        | obj_d | obj_i | sig | adv/cl/comp/sent |
|----|-------------|-------------|-------|-------|-----|------------------|
| #0 | Aaron Turner | is          | a singer | -     | -   | -                |
| #1 | Aaron Turner | was born    | -       | in Boston | -   | -                |
| #2 | His music    | is          | post-metal | -     | -   | -                |
| #3 | Aaron Turner | played      | -       | with the band twilight | -   | -                |"
reference0,175,"J.R.R. Tolkien wrote The Fellowship of the Ring which was released on July 29, 1954. The Hobbit was released first, followed by The Fellowship of the Ring, and then The Two Towers.","| id | sbj            | pred   | obj_d                      | obj_i | sig   | adv/cl/comp/sent        |
|----|----------------|--------|----------------------------|-------|-------|-------------------------|
| #0 | J.R.R. Tolkien | wrote  | The Fellowship of the Ring | -     | -     | -                       |
| #1 | The Fellowship of the Ring | was released | - | on | July 29, 1954 |
| #2 | The Hobbit     | was released | - | - | first | - |
| #3 | The Fellowship of the Ring | was released | - | - | followed by | The Two Towers |
| #4 | The Two Towers | was released | - | - | after | The Fellowship of the Ring |","| id | sbj           | pred     | obj_d                    | obj_i | sig      | adv/cl/comp/sent       |
|----|---------------|----------|--------------------------|-------|----------|-----------------------|
| #0 | J.R.R. Tolkien| wrote    | The Fellowship of the Ring| -     | -        | -                     |
| #1 | The Fellowship of the Ring| was released | -        | on    | July 29, 1954          |
| #2 | The Hobbit    | was released | -                      | first | -        | -                     |
| #3 | The Fellowship of the Ring| was released | -        | -     | after    | The Hobbit            |
| #4 | The Two Towers| was released | -                      | -     | after    | The Fellowship of the Ring |","| id | sbj           | pred       | obj_d                      | obj_i | sig     | adv/cl/comp/sent          |
|----|---------------|------------|----------------------------|-------|---------|--------------------------|
| #0 | J.R.R. Tolkien| wrote      | The Fellowship of the Ring | -     | -       | -                        |
| #1 | The Fellowship of the Ring | was released | - | on | July 29, 1954 |
| #2 | The Hobbit    | was released | - | - | first | - |
| #3 | The Fellowship of the Ring | was released | - | - | followed by | The Two Towers |
| #4 | The Two Towers| was released | - | - | after | The Fellowship of the Ring |"
reference0,176,Ciudad Ayala is in Morelos and has a population density of 1604.,"| id | sbj          | pred          | obj_d | obj_i | sig | adv/cl/comp/sent |
|----|--------------|---------------|-------|-------|-----|------------------|
| #0 | Ciudad Ayala | is in         | Morelos | -   | -   | -                |
| #1 | Ciudad Ayala | has           | a population density of 1604 | - | - | - |","| id | sbj          | pred        | obj_d | obj_i | sig | adv/cl/comp/sent |
|----|--------------|-------------|-------|-------|-----|------------------|
| #0 | Ciudad Ayala | is in       | Morelos | -   | -   | -                |
| #1 | Ciudad Ayala | has         | a population density of 1604 | - | - | - |","| id | sbj          | pred         | obj_d | obj_i | sig | adv/cl/comp/sent |
|----|--------------|--------------|-------|-------|-----|------------------|
| #0 | Ciudad Ayala | is in        | Morelos | -   | -   | -                |
| #1 | Ciudad Ayala | has          | a population density of 1604 | - | - | - |"
reference0,177,Darinka Dentcheva is a citizen of the United States who works in the field of Mathematical optimization.,"| id | sbj             | pred        | obj_d                     | obj_i | sig | adv/cl/comp/sent        |
|----|-----------------|-------------|---------------------------|-------|-----|-------------------------|
| #0 | Darinka Dentcheva | is a citizen | -                         | of the United States | -   | -                       |
| #1 | Darinka Dentcheva | works       | in the field of Mathematical optimization | -     | -   | -                       |","| id | sbj             | pred    | obj_d | obj_i | sig | adv/cl/comp/sent |
|----|-----------------|---------|-------|-------|-----|------------------|
| #0 | Darinka Dentcheva | is a citizen of | the United States | - | - | - |
| #1 | Darinka Dentcheva | works | - | in the field of Mathematical optimization | - | - |","| id | sbj             | pred      | obj_d | obj_i | sig | adv/cl/comp/sent            |
|----|-----------------|-----------|-------|-------|-----|-----------------------------|
| #0 | Darinka Dentcheva | is a citizen of | the United States | -   | -   | -                           |
| #1 | Darinka Dentcheva | works     | -     | in the field of Mathematical optimization | -   | -                           |"
reference0,178,"GMA New Media is a company in the entertainment industry that is located inside the GMA Network Center, which is in the Philippines,.","| id | sbj            | pred      | obj_d | obj_i | sig | adv/cl/comp/sent       |
|----|----------------|-----------|-------|-------|-----|------------------------|
| #0 | GMA New Media  | is         | a company | -   | in  | the entertainment industry |
| #1 | GMA New Media  | is located | -     | inside the GMA Network Center | - | - |
| #2 | GMA Network Center | is in  | -     | -     | -   | the Philippines         |","| id | sbj             | pred      | obj_d | obj_i | sig | adv/cl/comp/sent        |
|----|-----------------|-----------|-------|-------|-----|-------------------------|
| #0 | GMA New Media   | is        | a company | -   | in  | the entertainment industry |
| #1 | GMA New Media   | is located | -       | inside the GMA Network Center | -   | - |
| #2 | GMA Network Center | is      | -       | in the Philippines | -   | - |","| id | sbj           | pred     | obj_d | obj_i | sig | adv/cl/comp/sent        |
|----|---------------|----------|-------|-------|-----|-------------------------|
| #0 | GMA New Media | is       | a company | -   | in  | the entertainment industry |
| #1 | GMA New Media | is located | -     | inside the GMA Network Center | -   | - |
| #2 | GMA Network Center | is   | -     | in the Philippines | -   | - |"
reference2,1,MotorSport Vision is located in Fawkham.,"| id | sbj             | pred    | obj_d | obj_i | sig | adv/cl/comp/sent |
|----|-----------------|---------|-------|-------|-----|------------------|
| #0 | MotorSport Vision | is located | -     | in Fawkham | -   | -                |","| id | sbj              | pred    | obj_d | obj_i | sig | adv/cl/comp/sent |
|----|------------------|---------|-------|-------|-----|------------------|
| #0 | MotorSport Vision | is located | -     | in Fawkham | -   | -                |","| id | sbj             | pred   | obj_d | obj_i | sig | adv/cl/comp/sent |
|----|-----------------|--------|-------|-------|-----|------------------|
| #0 | MotorSport Vision | is located | -     | in Fawkham | -   | -                |"
reference2,3,"Aaron Turner is a post metal performer from Massachusetts who plays the electric guitar, started performing in 1995 and is in the Lotus Eaters band.","# Output
| id | sbj          | pred        | obj_d             | obj_i | sig | adv/cl/comp/sent |
|----|--------------|-------------|-------------------|-------|-----|------------------|
| #0 | Aaron Turner | is          | a post metal performer | from Massachusetts | - | - |
| #1 | Aaron Turner | plays       | the electric guitar | -     | -   | -                |
| #2 | Aaron Turner | started     | performing         | -     | in  | 1995             |
| #3 | Aaron Turner | is in       | the Lotus Eaters band | -   | -   | -                |","# Output
| id | sbj           | pred        | obj_d           | obj_i | sig | adv/cl/comp/sent |
|----|---------------|-------------|-----------------|-------|-----|------------------|
| #0 | Aaron Turner  | is          | a post metal performer | from Massachusetts | - | - |
| #1 | Aaron Turner  | plays       | the electric guitar | - | - | - |
| #2 | Aaron Turner  | started performing | - | - | in | 1995 |
| #3 | Aaron Turner  | is in       | the Lotus Eaters band | - | - | - |","# Output
| id | sbj | pred | obj_d | obj_i | sig | adv/cl/comp/sent |
| - | - | - | - | - | - | - |
| #0 | Aaron Turner | is | a post metal performer | from Massachusetts | - | - |
| #1 | Aaron Turner | plays | the electric guitar | - | - | - |
| #2 | Aaron Turner | started performing | - | - | in | 1995 |
| #3 | Aaron Turner | is in | the Lotus Eaters band | - | - | - |"
reference2,5,It's Great to be Young is a 1956 film starring Cecil Parker.,"| id | sbj | pred | obj_d | obj_i | sig | adv/cl/comp/sent |
| - | - | - | - | - | - | - |
| #0 | It's Great to be Young | is | a film | - | - | - |
| #1 | It's Great to be Young | stars | Cecil Parker | - | - | - |
| #2 | It's Great to be Young | was released | - | in | 1956 |","| id | sbj | pred | obj_d | obj_i | sig | adv/cl/comp/sent |
|----|-----|------|-------|-------|-----|------------------|
| #0 | It's Great to be Young | is | a film | - | - | - |
| #1 | It's Great to be Young | stars | Cecil Parker | - | - | - |
| #2 | It's Great to be Young | was made | - | - | in | 1956 |","| id | sbj | pred | obj_d | obj_i | sig | adv/cl/comp/sent |
|----|-----|------|-------|-------|-----|------------------|
| #0 | It's Great to be Young | is | a film | - | - | - |
| #1 | It's Great to be Young | stars | Cecil Parker | - | - | - |
| #2 | It's Great to be Young | was made | - | - | in | 1956 |"
reference2,6,"The Train song Mermaid, produced by the Espionage production team, was followed by the band’s cover of the John Lennon song Imagine. Musician John Lennon wrote and also originally performed the song Imagine which is certified by FIMI.","| id | sbj | pred | obj_d | obj_i | sig | adv/cl/comp/sent |
| - | - | - | - | - | - | - |
| #0 | The Train song Mermaid | was produced | - | by the Espionage production team | - | - |
| #1 | the band | followed | The Train song Mermaid | - | by | the band’s cover of the John Lennon song Imagine |
| #2 | the band | covered | the John Lennon song Imagine | - | - | - |
| #3 | Musician John Lennon | wrote | the song Imagine | - | - | - |
| #4 | Musician John Lennon | originally performed | the song Imagine | - | - | - |
| #5 | the song Imagine | is certified | - | by FIMI | - | - |","| id | sbj | pred | obj_d | obj_i | sig | adv/cl/comp/sent |
| - | - | - | - | - | - | - |
| #0 | The Train song Mermaid | was produced | - | by the Espionage production team | - | - |
| #1 | the band | followed | The Train song Mermaid | - | by | the band’s cover of the John Lennon song Imagine |
| #2 | the band | covered | the John Lennon song Imagine | - | - | - |
| #3 | John Lennon | wrote | the song Imagine | - | - | - |
| #4 | John Lennon | originally performed | the song Imagine | - | - | - |
| #5 | the song Imagine | is certified | - | by FIMI | - | - |","| id | sbj | pred | obj_d | obj_i | sig | adv/cl/comp/sent |
| - | - | - | - | - | - | - |
| #0 | The Train song Mermaid | was produced | - | by the Espionage production team | - | - |
| #1 | the band | covered | the John Lennon song Imagine | - | - | - |
| #2 | the John Lennon song Imagine | was followed | by the band's cover | - | - | - |
| #3 | Musician John Lennon | wrote | the song Imagine | - | - | - |
| #4 | Musician John Lennon | originally performed | the song Imagine | - | - | - |
| #5 | the song Imagine | is certified | - | by FIMI | - | - |"
reference2,7,The Fellowship of the Ring belongs to the fantasy literary genre.,"# Output
| id | sbj | pred | obj_d | obj_i | sig | adv/cl/comp/sent |
| - | - | - | - | - | - | - |
| #0 | The Fellowship of the Ring | belongs to | - | the fantasy literary genre | - | - |","# Output
| id | sbj | pred | obj_d | obj_i | sig | adv/cl/comp/sent |
| - | - | - | - | - | - | - |
| #0 | The Fellowship of the Ring | belongs to | - | the fantasy literary genre | - | - |","| id | sbj                         | pred  | obj_d | obj_i | sig | adv/cl/comp/sent |
|----|-----------------------------|-------|-------|-------|-----|-----------------|
| #0 | The Fellowship of the Ring | belongs to | -    | the fantasy literary genre | -   | -               |"
reference2,8,Abraham Ribicoff died in the United States where African Americans are a national ethnic group. He was married to Casey Ribicoff.,"| id | sbj            | pred       | obj_d | obj_i | sig   | adv/cl/comp/sent |
|----|----------------|------------|-------|-------|-------|------------------|
| #0 | Abraham Ribicoff | died       | -     | in the United States | where | African Americans are a national ethnic group |
| #1 | Abraham Ribicoff | was married | -     | to Casey Ribicoff | -     | -                  |
| #2 | African Americans | are        | a national ethnic group | -     | -     | -                  |","| id | sbj            | pred      | obj_d | obj_i | sig   | adv/cl/comp/sent     |
|----|----------------|-----------|-------|-------|-------|----------------------|
| #0 | Abraham Ribicoff | died      | -     | in the United States | where | African Americans are a national ethnic group |
| #1 | Abraham Ribicoff | was married | -     | to Casey Ribicoff | -     | -                    |
| #2 | African Americans | are       | a national ethnic group | -     | -     | -                    |","| id | sbj           | pred      | obj_d        | obj_i | sig  | adv/cl/comp/sent |
|----|---------------|-----------|--------------|-------|------|------------------|
| #0 | Abraham Ribicoff | died      | -            | in the United States | where | African Americans are a national ethnic group |
| #1 | African Americans | are       | a national ethnic group | -     | -    | -                |
| #2 | Abraham Ribicoff | was married | -            | to Casey Ribicoff | -    | -                |
| #3 | Casey Ribicoff   | is the wife of | Abraham Ribicoff | -     | -    | -                |"
reference2,9,"The University of Burgundy in Dijon has 2900 staff members that educate 27400 students. They have 1299 doctoral students, and 9400 postgraduate students.","| id | sbj | pred | obj_d | obj_i | sig | adv/cl/comp/sent |
| - | - | - | - | - | - | - |
| #0 | The University of Burgundy in Dijon | has | 2900 staff members | - | - | - |
| #1 | 2900 staff members | educate | 27400 students | - | - | - |
| #2 | The University of Burgundy in Dijon | has | 1299 doctoral students | - | - | - |
| #3 | The University of Burgundy in Dijon | has | 9400 postgraduate students | - | - | - |","| id | sbj | pred | obj_d | obj_i | sig | adv/cl/comp/sent |
|----|-----|------|-------|-------|-----|-----------------|
| #0 | The University of Burgundy in Dijon | has | 2900 staff members | - | - | - |
| #1 | The University of Burgundy in Dijon | educates | 27400 students | - | - | - |
| #2 | The University of Burgundy in Dijon | has | 1299 doctoral students | - | - | - |
| #3 | The University of Burgundy in Dijon | has | 9400 postgraduate students | - | - | - |","| id | sbj | pred | obj_d | obj_i | sig | adv/cl/comp/sent |
|----|-----|------|-------|-------|-----|-----------------|
| #0 | The University of Burgundy in Dijon | has | 2900 staff members | - | - | - |
| #1 | The University of Burgundy in Dijon | educates | 27400 students | - | - | - |
| #2 | The University of Burgundy in Dijon | has | 1299 doctoral students | - | - | - |
| #3 | The University of Burgundy in Dijon | has | 9400 postgraduate students | - | - | - |"
reference2,10,"Record label Crucial Blast's band Year of No Light produced the album Nord, which was then followed by Live at Roadburn 2008.","| id | sbj | pred | obj_d | obj_i | sig | adv/cl/comp/sent |
| - | - | - | - | - | - | - |
| #0 | Year of No Light | produced | the album Nord | - | - | - |
| #1 | Year of No Light | is band of | Crucial Blast | - | - | - |
| #2 | Year of No Light | followed | the album Nord | by | Live at Roadburn 2008 |","| id | sbj | pred | obj_d | obj_i | sig | adv/cl/comp/sent |
| - | - | - | - | - | - | - |
| #0 | Year of No Light | produced | the album Nord | - | - | - |
| #1 | Year of No Light | is band of | Crucial Blast | - | - | - |
| #2 | Year of No Light | followed | the album Nord | by | Live at Roadburn 2008 |","| id | sbj | pred | obj_d | obj_i | sig | adv/cl/comp/sent |
| - | - | - | - | - | - | - |
| #0 | Year of No Light | produced | the album Nord | - | - | - |
| #1 | Year of No Light | is band of | Crucial Blast | - | - | - |
| #2 | Year of No Light | followed | the album Nord | with | Live at Roadburn 2008 |"
reference2,11,"Aleksandr Prudnikov, 185 cm tall, whose date of birth is 1989-02-24 and whose current club is FC Amkar Perm, plays for FC Terek Grozny, the ground of which is based at Grozny.","| id | sbj                | pred         | obj_d | obj_i | sig | adv/cl/comp/sent        |
|----|--------------------|--------------|-------|-------|-----|-------------------------|
| #0 | Aleksandr Prudnikov | is           | 185 cm tall | -   | -   | -                       |
| #1 | Aleksandr Prudnikov | was born on  | 1989-02-24  | -   | -   | -                       |
| #2 | Aleksandr Prudnikov | plays for    | FC Terek Grozny | -   | -   | -                       |
| #3 | FC Terek Grozny     | is based at  | Grozny       | -   | -   | -                       |
| #4 | Aleksandr Prudnikov | plays for    | FC Amkar Perm | -   | -   | whose current club is   |
| #5 | FC Amkar Perm       | is           | current club of Aleksandr Prudnikov | -   | -   | -  |","| id | sbj                | pred            | obj_d         | obj_i | sig   | adv/cl/comp/sent         |
|----|--------------------|-----------------|---------------|-------|-------|--------------------------|
| #0 | Aleksandr Prudnikov | is              | 185 cm tall   | -     | -     | -                        |
| #1 | Aleksandr Prudnikov | was born        | -             | on    | -     | 1989-02-24               |
| #2 | Aleksandr Prudnikov | plays for       | FC Terek Grozny | -     | -     | -                        |
| #3 | FC Terek Grozny     | is based        | -             | at    | -     | Grozny                   |
| #4 | Aleksandr Prudnikov | has current club | FC Amkar Perm | -     | -     | -                        |
| #5 | FC Amkar Perm       | is              | current club  | of    | -     | Aleksandr Prudnikov      |","| id | sbj                | pred             | obj_d       | obj_i | sig  | adv/cl/comp/sent |
|----|--------------------|------------------|-------------|-------|------|------------------|
| #0 | Aleksandr Prudnikov | is               | 185 cm tall | -     | -    | -                |
| #1 | Aleksandr Prudnikov | was born on      | 1989-02-24  | -     | -    | -                |
| #2 | Aleksandr Prudnikov | plays for        | FC Terek Grozny | -  | -    | -                |
| #3 | Aleksandr Prudnikov | has current club | FC Amkar Perm | -   | -    | -                |
| #4 | FC Terek Grozny     | has ground       | -            | based at Grozny | - | -       |"
reference2,12,"The Mason School of Business are the current tenants of Alan B Miller Hall, located in Williamsburg, Virginia and owned by The College of William and Mary.","# Extraction
| id | sbj | pred | obj_d | obj_i | sig | adv/cl/comp/sent |
| - | - | - | - | - | - | - |
| #0 | The Mason School of Business | are | the current tenants | of Alan B Miller Hall | - | - |
| #1 | Alan B Miller Hall | is located in | Williamsburg, Virginia | - | - | - |
| #2 | The College of William and Mary | owns | Alan B Miller Hall | - | - | - |
| #3 | Alan B Miller Hall | is owned by | The College of William and Mary | - | - | - |","| id | sbj                         | pred      | obj_d                | obj_i | sig | adv/cl/comp/sent           |
|----|-----------------------------|-----------|----------------------|-------|-----|----------------------------|
| #0 | The Mason School of Business| are        | the current tenants  | of Alan B Miller Hall | -   | -                          |
| #1 | Alan B Miller Hall          | is located | -                    | in Williamsburg, Virginia | - | -                        |
| #2 | The College of William and Mary | owns  | Alan B Miller Hall   | -     | -   | -                          |","| id | sbj                             | pred      | obj_d            | obj_i | sig | adv/cl/comp/sent                |
|----|---------------------------------|-----------|------------------|-------|-----|---------------------------------|
| #0 | The Mason School of Business    | are        | the current tenants | of Alan B Miller Hall | -   | -                               |
| #1 | Alan B Miller Hall              | is located | -                | in Williamsburg, Virginia | -   | -                               |
| #2 | The College of William and Mary | owns       | Alan B Miller Hall | -     | -   | -                               |"
reference2,13,Super Capers was written and directed by Ray Griggs who was born in 1974. The movie stars Michael Rooker and Tom Sizemore.,"| id | sbj          | pred          | obj_d         | obj_i | sig | adv/cl/comp/sent |
|----|--------------|---------------|---------------|-------|-----|------------------|
| #0 | Super Capers | was written   | -             | by Ray Griggs | - | - |
| #1 | Super Capers | was directed  | -             | by Ray Griggs | - | - |
| #2 | Ray Griggs   | was born      | -             | -     | in  | 1974 |
| #3 | The movie    | stars         | Michael Rooker | -     | -   | - |
| #4 | The movie    | stars         | Tom Sizemore   | -     | -   | - |","| id | sbj             | pred          | obj_d         | obj_i | sig | adv/cl/comp/sent |
|----|-----------------|---------------|---------------|-------|-----|------------------|
| #0 | Super Capers    | was written   | -             | by Ray Griggs | -   | -                |
| #1 | Super Capers    | was directed  | -             | by Ray Griggs | -   | -                |
| #2 | Ray Griggs      | was born      | -             | -     | in  | 1974              |
| #3 | The movie       | stars         | Michael Rooker | -     | -   | -                |
| #4 | The movie       | stars         | Tom Sizemore  | -     | -   | -                |","| id | sbj          | pred        | obj_d      | obj_i | sig | adv/cl/comp/sent |
|----|--------------|-------------|------------|-------|-----|------------------|
| #0 | Super Capers | was written | -          | -     | and | #1               |
| #1 | Super Capers | was directed| -          | by    | Ray Griggs          |
| #2 | Ray Griggs   | was born    | -          | in    | 1974                |
| #3 | The movie    | stars       | Michael Rooker | -   | and | Tom Sizemore     |"
reference2,14,"The Year of No Light album Nord, which was released on the date 2006-09-06, was followed by the album Live at Roadburn 2008. Nord is an album in the sludge metal and post-metal genres.","| id | sbj | pred | obj_d | obj_i | sig | adv/cl/comp/sent |
| - | - | - | - | - | - | - |
| #0 | The Year of No Light album Nord | was released | - | on | the date 2006-09-06 |
| #1 | The Year of No Light album Nord | was followed by | the album Live at Roadburn 2008 | - | - | - |
| #2 | The Year of No Light album Nord | is an album in | the sludge metal and post-metal genres | - | - | - |","| id | sbj | pred | obj_d | obj_i | sig | adv/cl/comp/sent |
| - | - | - | - | - | - | - |
| #0 | The Year of No Light album Nord | was released | - | on | the date 2006-09-06 |
| #1 | The Year of No Light album Nord | was followed by | the album Live at Roadburn 2008 | - | - | - |
| #2 | The Year of No Light album Nord | is an album in | the sludge metal and post-metal genres | - | - | - |
| #3 | The Year of No Light | has album | Nord | - | - | - |
| #4 | The Year of No Light | has album | Live at Roadburn 2008 | - | - | - |","| id | sbj | pred | obj_d | obj_i | sig | adv/cl/comp/sent |
| - | - | - | - | - | - | - |
| #0 | The Year of No Light album Nord | was released | - | on | the date 2006-09-06 |
| #1 | The Year of No Light album Nord | was followed by | the album Live at Roadburn 2008 | - | - | - |
| #2 | The Year of No Light album Nord | is an album in | the sludge metal and post-metal genres | - | - | - |
| #3 | The Year of No Light album Nord | has genres | sludge metal, post-metal | - | - | - |"
reference2,15,The ALCO RS-3 produced between May 1950 and August 1956 with 12 cylinders has a length of 17068.8 millimetres.,"| id | sbj         | pred          | obj_d | obj_i | sig     | adv/cl/comp/sent              |
|----|-------------|---------------|-------|-------|---------|------------------------------|
| #0 | The ALCO RS-3 | was produced  | -     | -     | between | May 1950 and August 1956     |
| #1 | The ALCO RS-3 | has           | 12 cylinders | -     | -       | -                        |
| #2 | The ALCO RS-3 | has a length  | 17068.8 millimetres | - | -       | -                        |","| id | sbj | pred | obj_d | obj_i | sig | adv/cl/comp/sent |
|----|-----|------|-------|-------|-----|-----------------|
| #0 | The ALCO RS-3 | was produced | - | - | between | May 1950 and August 1956 |
| #1 | The ALCO RS-3 | has | 12 cylinders | - | - | - |
| #2 | The ALCO RS-3 | has a length of | 17068.8 millimetres | - | - | - |","| id | sbj          | pred          | obj_d       | obj_i | sig    | adv/cl/comp/sent             |
|----|--------------|---------------|-------------|-------|--------|-----------------------------|
| #0 | The ALCO RS-3 | was produced  | -           | -     | between | May 1950 and August 1956    |
| #1 | The ALCO RS-3 | has           | 12 cylinders| -     | -      | -                           |
| #2 | The ALCO RS-3 | has a length  | -           | of    | -      | 17068.8 millimetres         |"
reference2,17,"The College of William and Mary is the owner of the Alan B. Miller Hall in 101 Ukrop Way completed in ""1 June 2009"" . The Mason School of Business are the current tenants.","| id | sbj | pred | obj_d | obj_i | sig | adv/cl/comp/sent |
| - | - | - | - | - | - | - |
| #0 | The College of William and Mary | is the owner of | the Alan B. Miller Hall | - | - | - |
| #1 | the Alan B. Miller Hall | is located at | 101 Ukrop Way | - | - | - |
| #2 | the Alan B. Miller Hall | was completed | - | on | ""1 June 2009"" |
| #3 | The Mason School of Business | are the current tenants | - | of | the Alan B. Miller Hall |","| id | sbj | pred | obj_d | obj_i | sig | adv/cl/comp/sent |
| - | - | - | - | - | - | - |
| #0 | The College of William and Mary | is the owner of | the Alan B. Miller Hall | - | - | - |
| #1 | the Alan B. Miller Hall | is located at | 101 Ukrop Way | - | - | - |
| #2 | the Alan B. Miller Hall | was completed | - | on | 1 June 2009 |
| #3 | The Mason School of Business | are the current tenants | - | of | the Alan B. Miller Hall |","# Output
| id | sbj | pred | obj_d | obj_i | sig | adv/cl/comp/sent |
| - | - | - | - | - | - | - |
| #0 | The College of William and Mary | is the owner of | the Alan B. Miller Hall | - | - | - |
| #1 | the Alan B. Miller Hall | is located in | 101 Ukrop Way | - | - | - |
| #2 | the Alan B. Miller Hall | was completed | - | on | ""1 June 2009"" |
| #3 | The Mason School of Business | are the current tenants | - | of | the Alan B. Miller Hall |"
reference2,18,"Aaron Turner sings for a living, started performing in 1995 and played with the band Twilight, which is post metal.","| id | sbj          | pred         | obj_d  | obj_i | sig  | adv/cl/comp/sent            |
|----|--------------|--------------|--------|-------|------|-----------------------------|
| #0 | Aaron Turner | sings        | -      | for a living | -    | -                           |
| #1 | Aaron Turner | started      | performing | -   | in   | 1995                        |
| #2 | Aaron Turner | played       | with the band Twilight | - | -    | -                           |
| #3 | the band Twilight | is      | post metal | -   | -    | -                           |","| id | sbj          | pred        | obj_d | obj_i | sig  | adv/cl/comp/sent      |
|----|--------------|-------------|-------|-------|------|-----------------------|
| #0 | Aaron Turner | sings       | -     | for a living | -    | -                     |
| #1 | Aaron Turner | started     | performing | -   | in   | 1995                  |
| #2 | Aaron Turner | played      | -     | with the band Twilight | -    | -                     |
| #3 | the band Twilight | is    | -     | -     | -    | post metal             |","| id | sbj         | pred        | obj_d | obj_i | sig | adv/cl/comp/sent        |
|----|-------------|-------------|-------|-------|-----|-------------------------|
| #0 | Aaron Turner| sings       | -     | for a living | -   | -                     |
| #1 | Aaron Turner| started     | performing | -   | in  | 1995                   |
| #2 | Aaron Turner| played      | -     | with the band Twilight | -   | -             |
| #3 | the band Twilight | is    | post metal | -   | -   | -                       |
| #4 | Aaron Turner| has played  | -     | with the band Twilight | -   | -             |"
reference2,19,"The residence of Darinka Dentcheva, a citizen of the United States, is in New Jersey in the United States, whose motto is ""In God We Trust"". The total area of water in New Jersey is 3,544 square kilometers.","| id | sbj | pred | obj_d | obj_i | sig | adv/cl/comp/sent |
| - | - | - | - | - | - | - |
| #0 | Darinka Dentcheva | is a citizen of | the United States | - | - | - |
| #1 | Darinka Dentcheva | has residence | - | in New Jersey in the United States | - | - |
| #2 | New Jersey | is in | the United States | - | - | - |
| #3 | New Jersey | has motto | ""In God We Trust"" | - | - | - |
| #4 | New Jersey | has total area of water | 3,544 square kilometers | - | - | - |","| id | sbj | pred | obj_d | obj_i | sig | adv/cl/comp/sent |
| - | - | - | - | - | - | - |
| #0 | Darinka Dentcheva | is a citizen of | the United States | - | - | - |
| #1 | Darinka Dentcheva | has residence | - | in New Jersey in the United States | - | - |
| #2 | New Jersey | is in | the United States | - | - | - |
| #3 | New Jersey | has motto | ""In God We Trust"" | - | - | - |
| #4 | New Jersey | has total area of water | 3,544 square kilometers | - | - | - |","| id | sbj | pred | obj_d | obj_i | sig | adv/cl/comp/sent |
| - | - | - | - | - | - | - |
| #0 | Darinka Dentcheva | is a citizen of | the United States | - | - | - |
| #1 | Darinka Dentcheva | has residence | - | in New Jersey in the United States | - | - |
| #2 | New Jersey | is in | the United States | - | - | - |
| #3 | New Jersey | has motto | ""In God We Trust"" | - | - | - |
| #4 | New Jersey | has total area of water | 3,544 square kilometers | - | - | - |"
reference2,20,Israel's leader is Reuven Rivlin.,"| id | sbj         | pred | obj_d          | obj_i | sig | adv/cl/comp/sent |
|----|-------------|------|----------------|-------|-----|------------------|
| #0 | Israel      | has leader | Reuven Rivlin | -     | -   | -                |","| id | sbj          | pred | obj_d          | obj_i | sig | adv/cl/comp/sent |
|----|--------------|------|----------------|-------|-----|------------------|
| #0 | Israel       | has  | leader         | -     | -   | -                |
| #1 | Israel's leader | is  | Reuven Rivlin | -     | -   | -                |","| id | sbj | pred | obj_d | obj_i | sig | adv/cl/comp/sent |
|----|-----|------|-------|-------|-----|-----------------|
| #0 | Israel | has leader | Reuven Rivlin | - | - | - |"
reference2,21,"Agremiação Sportiva Arapiraquense, which is the team’s full name, play in the Campeonato Brasileiro Série C league and has 17000 members. The team’s home ground, Estádio Municipal Coaracy da Mata Fonseca, is in Arapiraca.","| id | sbj | pred | obj_d | obj_i | sig | adv/cl/comp/sent |
|----|-----|------|-------|-------|-----|-----------------|
| #0 | Agremiação Sportiva Arapiraquense | is | the team's full name | - | - | - |
| #1 | Agremiação Sportiva Arapiraquense | play in | the Campeonato Brasileiro Série C league | - | - | - |
| #2 | Agremiação Sportiva Arapiraquense | has | 17000 members | - | - | - |
| #3 | the team’s home ground, Estádio Municipal Coaracy da Mata Fonseca | is in | Arapiraca | - | - | - |
| #4 | Estádio Municipal Coaracy da Mata Fonseca | is | the team’s home ground | - | - | - |","| id | sbj | pred | obj_d | obj_i | sig | adv/cl/comp/sent |
|----|-----|------|-------|-------|-----|------------------|
| #0 | Agremiação Sportiva Arapiraquense | is | the team’s full name | - | - | - |
| #1 | Agremiação Sportiva Arapiraquense | play in | the Campeonato Brasileiro Série C league | - | - | - |
| #2 | Agremiação Sportiva Arapiraquense | has | 17000 members | - | - | - |
| #3 | The team’s home ground, Estádio Municipal Coaracy da Mata Fonseca | is in | Arapiraca | - | - | - |
| #4 | Estádio Municipal Coaracy da Mata Fonseca | is | the team’s home ground | - | - | - |","| id | sbj | pred | obj_d | obj_i | sig | adv/cl/comp/sent |
|----|-----|------|-------|-------|-----|-----------------|
| #0 | Agremiação Sportiva Arapiraquense | is | the team’s full name | - | - | - |
| #1 | Agremiação Sportiva Arapiraquense | play in | the Campeonato Brasileiro Série C league | - | - | - |
| #2 | Agremiação Sportiva Arapiraquense | has | 17000 members | - | - | - |
| #3 | the team’s home ground, Estádio Municipal Coaracy da Mata Fonseca | is in | Arapiraca | - | - | - |
| #4 | Estádio Municipal Coaracy da Mata Fonseca | is | the team’s home ground | - | - | - |"
reference2,22,The Train song by Mermaid is from the pop rock and reggae music genre. Stylistic origins of reggae and pop rock are Ska and rock music respectively.,"| id | sbj | pred | obj_d | obj_i | sig | adv/cl/comp/sent |
|----|-----|------|-------|-------|-----|-----------------|
| #0 | The Train song by Mermaid | is from | the pop rock and reggae music genre | - | - | - |
| #1 | reggae | has stylistic origins | Ska | - | - | - |
| #2 | pop rock | has stylistic origins | rock music | - | - | - |","| id | sbj | pred | obj_d | obj_i | sig | adv/cl/comp/sent |
| - | - | - | - | - | - | - |
| #0 | The Train song by Mermaid | is from | - | the pop rock and reggae music genre | - | - |
| #1 | reggae | has stylistic origins | Ska | - | - | - |
| #2 | pop rock | has stylistic origins | rock music | - | - | - |","| id | sbj | pred | obj_d | obj_i | sig | adv/cl/comp/sent |
| - | - | - | - | - | - | - |
| #0 | The Train song by Mermaid | is from | the pop rock and reggae music genre | - | - | - |
| #1 | reggae | has stylistic origins | Ska | - | - | - |
| #2 | pop rock | has stylistic origins | rock music | - | - | - |"
reference2,23,"The Bootleg Series Volume I: The Quine Tapes with runtime of 230.05 minutes was recorded in St. Louis Missouri,United States and released on 10-16-2001. Recorded through Polydor Records and Universal Music Group record label the album was preceded by the album Squeeze.","| id | sbj | pred | obj_d | obj_i | sig | adv/cl/comp/sent |
| - | - | - | - | - | - | - |
| #0 | The Bootleg Series Volume I: The Quine Tapes | had | a runtime | of 230.05 minutes | - | - |
| #1 | The Bootleg Series Volume I: The Quine Tapes | was recorded | - | in St. Louis Missouri, United States | - | - |
| #2 | The Bootleg Series Volume I: The Quine Tapes | was released | - | on 10-16-2001 | - | - |
| #3 | The Bootleg Series Volume I: The Quine Tapes | was recorded through | Polydor Records | - | - | - |
| #4 | The Bootleg Series Volume I: The Quine Tapes | was recorded through | Universal Music Group record label | - | - | - |
| #5 | The Bootleg Series Volume I: The Quine Tapes | was preceded by | the album Squeeze | - | - | - |","| id | sbj | pred | obj_d | obj_i | sig | adv/cl/comp/sent |
| - | - | - | - | - | - | - |
| #0 | The Bootleg Series Volume I: The Quine Tapes | had | a runtime | of 230.05 minutes | - | - |
| #1 | The Bootleg Series Volume I: The Quine Tapes | was recorded | - | in St. Louis Missouri, United States | - | - |
| #2 | The Bootleg Series Volume I: The Quine Tapes | was released | - | on 10-16-2001 | - | - |
| #3 | The Bootleg Series Volume I: The Quine Tapes | was recorded through | Polydor Records | - | - | - |
| #4 | The Bootleg Series Volume I: The Quine Tapes | was recorded through | Universal Music Group record label | - | - | - |
| #5 | The Bootleg Series Volume I: The Quine Tapes | was preceded by | the album Squeeze | - | - | - |","| id | sbj | pred | obj_d | obj_i | sig | adv/cl/comp/sent |
| - | - | - | - | - | - | - |
| #0 | The Bootleg Series Volume I: The Quine Tapes | had | a runtime | of 230.05 minutes | - | - |
| #1 | The Bootleg Series Volume I: The Quine Tapes | was recorded | - | in St. Louis Missouri, United States | - | - |
| #2 | The Bootleg Series Volume I: The Quine Tapes | was released | - | on 10-16-2001 | - | - |
| #3 | The Bootleg Series Volume I: The Quine Tapes | was recorded through | Polydor Records | - | - | - |
| #4 | The Bootleg Series Volume I: The Quine Tapes | was recorded through | Universal Music Group record label | - | - | - |
| #5 | The Bootleg Series Volume I: The Quine Tapes | was preceded by | the album Squeeze | - | - | - |"
reference2,24,GMA New Media is a mass media company in the GMA Network Center.,"| id | sbj             | pred | obj_d           | obj_i | sig | adv/cl/comp/sent |
|----|-----------------|------|-----------------|-------|-----|------------------|
| #0 | GMA New Media   | is   | a mass media company | -     | in  | the GMA Network Center |","| id | sbj            | pred        | obj_d            | obj_i | sig | adv/cl/comp/sent        |
|----|----------------|-------------|------------------|-------|-----|-------------------------|
| #0 | GMA New Media  | is          | a mass media company | -     | in  | the GMA Network Center  |","# Output
| id | sbj            | pred        | obj_d             | obj_i | sig | adv/cl/comp/sent         |
|----|----------------|-------------|-------------------|-------|-----|--------------------------|
| #0 | GMA New Media  | is          | a mass media company | -     | in  | the GMA Network Center   |"
reference2,25,"The Death on a Factory Farm was broadcasted by HBO, formerly known as 'The Green Channel'.","| id | sbj | pred | obj_d | obj_i | sig | adv/cl/comp/sent |
| - | - | - | - | - | - | - |
| #0 | The Death on a Factory Farm | was broadcasted | - | by HBO | - | - |
| #1 | HBO | was formerly known as | 'The Green Channel' | - | - | - |","| id | sbj | pred | obj_d | obj_i | sig | adv/cl/comp/sent |
| - | - | - | - | - | - | - |
| #0 | The Death on a Factory Farm | was broadcasted | - | by HBO | - | - |
| #1 | HBO | was formerly known as | 'The Green Channel' | - | - | - |","| id | sbj | pred | obj_d | obj_i | sig | adv/cl/comp/sent |
| - | - | - | - | - | - | - |
| #0 | The Death on a Factory Farm | was broadcasted | - | by HBO | - | - |
| #1 | HBO | was formerly known as | 'The Green Channel' | - | - | - |"
reference2,26,"The movie English Without Tears was written and produced by Anatole de Grunwald, with the editing done by Alan Jaggs.","# Output
| id | sbj | pred | obj_d | obj_i | sig | adv/cl/comp/sent |
| - | - | - | - | - | - | - |
| #0 | The movie English Without Tears | was written | - | by Anatole de Grunwald | - | - |
| #1 | The movie English Without Tears | was produced | - | by Anatole de Grunwald | - | - |
| #2 | The movie English Without Tears | had editing done | - | by Alan Jaggs | - | - |","| id | sbj | pred | obj_d | obj_i | sig | adv/cl/comp/sent |
| - | - | - | - | - | - | - |
| #0 | The movie English Without Tears | was written and produced | - | by Anatole de Grunwald | - | - |
| #1 | The movie English Without Tears | had editing done | - | by Alan Jaggs | - | - |
| #2 | Anatole de Grunwald | wrote and produced | The movie English Without Tears | - | - | - |
| #3 | Alan Jaggs | did editing | - | for The movie English Without Tears | - | - |","| id | sbj                | pred     | obj_d                   | obj_i | sig | adv/cl/comp/sent |
|----|--------------------|----------|-------------------------|-------|-----|------------------|
| #0 | English Without Tears | was written | -                     | by Anatole de Grunwald | -   | -                |
| #1 | English Without Tears | was produced | -                    | by Anatole de Grunwald | -   | -                |
| #2 | English Without Tears | had editing done | -                | by Alan Jaggs          | -   | -                |"
reference2,27,"In the past, Massachusetts-born post-metal electric guitarist Aaron Turner played with the band Twilight.","# Output
| id | sbj | pred | obj_d | obj_i | sig | adv/cl/comp/sent |
| - | - | - | - | - | - | - |
| #0 | Aaron Turner | played | - | with the band Twilight | in the past | - |
| #1 | Aaron Turner | is | Massachusetts-born | - | - | - |
| #2 | Aaron Turner | is | post-metal electric guitarist | - | - | - |","# Output
| id | sbj | pred | obj_d | obj_i | sig | adv/cl/comp/sent |
| - | - | - | - | - | - | - |
| #0 | Aaron Turner | played | with the band Twilight | - | in the past | - |
| #1 | Aaron Turner | is | - | from Massachusetts | - | - |
| #2 | Aaron Turner | is | an electric guitarist | - | - | - |
| #3 | Aaron Turner | is | a post-metal guitarist | - | - | - |","| id | sbj | pred | obj_d | obj_i | sig | adv/cl/comp/sent |
| - | - | - | - | - | - | - |
| #0 | Aaron Turner | played | - | with the band Twilight | in the past | - |
| #1 | Aaron Turner | is | from Massachusetts | - | - | - |
| #2 | Aaron Turner | is | an electric guitarist | - | - | - |
| #3 | Aaron Turner | is | a post-metal musician | - | - | - |"
reference2,28,The University of Burgundy has 16800 undergraduate students.,"| id | sbj                  | pred    | obj_d                  | obj_i | sig | adv/cl/comp/sent |
|----|----------------------|---------|------------------------|-------|-----|-----------------|
| #0 | The University of Burgundy | has     | 16800 undergraduate students |       |     |                 |","| id | sbj                  | pred            | obj_d                     | obj_i | sig | adv/cl/comp/sent |
|----|----------------------|-----------------|---------------------------|-------|-----|-----------------|
| #0 | The University of Burgundy | has             | 16800 undergraduate students |       |     |                 |","| id | sbj                 | pred             | obj_d                  | obj_i | sig | adv/cl/comp/sent |
|----|---------------------|------------------|------------------------|-------|-----|-----------------|
| #0 | The University of Burgundy | has              | 16800 undergraduate students |       |     |                 |"
reference2,29,The Vila Nova Futebol Clube were champions at the Campeonato Brasileiro Serie C from Brazil. Agremiacao Sportiva Arapiraquense also played there in the 2015 season; their ground is Estadio Municipal Coaracy da Mata Fonseca located in Arapiraca.,"| id | sbj | pred | obj_d | obj_i | sig | adv/cl/comp/sent |
| - | - | - | - | - | - | - |
| #0 | The Vila Nova Futebol Clube | were champions | - | at the Campeonato Brasileiro Serie C from Brazil | - | - |
| #1 | Agremiacao Sportiva Arapiraquense | played | - | there | in | the 2015 season |
| #2 | their ground, Estadio Municipal Coaracy da Mata Fonseca | is located | - | in Arapiraca | - | - |
| #3 | Estadio Municipal Coaracy da Mata Fonseca | is the ground of | Agremiacao Sportiva Arapiraquense | - | - | - |","| id | sbj | pred | obj_d | obj_i | sig | adv/cl/comp/sent |
| - | - | - | - | - | - | - |
| #0 | The Vila Nova Futebol Clube | were champions | - | at the Campeonato Brasileiro Serie C | from | Brazil |
| #1 | Agremiacao Sportiva Arapiraquense | played | - | there | in | the 2015 season |
| #2 | Agremiacao Sportiva Arapiraquense | has ground | Estadio Municipal Coaracy da Mata Fonseca | - | located in | Arapiraca |","| id | sbj | pred | obj_d | obj_i | sig | adv/cl/comp/sent |
| - | - | - | - | - | - | - |
| #0 | The Vila Nova Futebol Clube | were champions | - | at the Campeonato Brasileiro Serie C from Brazil | - | - |
| #1 | Agremiacao Sportiva Arapiraquense | played | - | there | in | the 2015 season |
| #2 | Agremiacao Sportiva Arapiraquense | has ground | Estadio Municipal Coaracy da Mata Fonseca | - | - | - |
| #3 | Estadio Municipal Coaracy da Mata Fonseca | is located | - | in Arapiraca | - | - |"
reference2,30,"""Super Capers"", a movie distributed by Lionsgate, starred Justin Whalin made a gross income of $30,955.","| id | sbj            | pred      | obj_d          | obj_i | sig | adv/cl/comp/sent |
|----|----------------|-----------|----------------|-------|-----|------------------|
| #0 | ""Super Capers"" | starred   | Justin Whalin  | -     | -   | -                |
| #1 | ""Super Capers"" | was       | a movie        | -     | -   | -                |
| #2 | ""Super Capers"" | was       | distributed    | by Lionsgate | - | -           |
| #3 | ""Super Capers"" | made      | a gross income | of $30,955 | - | -              |","| id | sbj | pred | obj_d | obj_i | sig | adv/cl/comp/sent |
| - | - | - | - | - | - | - |
| #0 | ""Super Capers"" | was distributed by | Lionsgate | - | - | - |
| #1 | ""Super Capers"" | starred | Justin Whalin | - | - | - |
| #2 | ""Super Capers"" | made | a gross income of $30,955 | - | - | - |","| id | sbj | pred | obj_d | obj_i | sig | adv/cl/comp/sent |
| - | - | - | - | - | - | - |
| #0 | ""Super Capers"" | was distributed by | Lionsgate | - | - | - |
| #1 | ""Super Capers"" | starred | Justin Whalin | - | - | - |
| #2 | ""Super Capers"" | made | a gross income of $30,955 | - | - | - |"
reference2,31,"One of the leaders of Ciudad Ayala, which has a population density of 1604, is Juan Nolasco.","| id | sbj | pred | obj_d | obj_i | sig | adv/cl/comp/sent |
| - | - | - | - | - | - | - |
| #0 | Juan Nolasco | is one of the leaders of | Ciudad Ayala | - | - | - |
| #1 | Ciudad Ayala | has | a population density of 1604 | - | - | - |","| id | sbj | pred | obj_d | obj_i | sig | adv/cl/comp/sent |
| - | - | - | - | - | - | - |
| #0 | Juan Nolasco | is one of the leaders | - | of Ciudad Ayala | - | - |
| #1 | Ciudad Ayala | has | a population density of 1604 | - | - | - |","| id | sbj | pred | obj_d | obj_i | sig | adv/cl/comp/sent |
| - | - | - | - | - | - | - |
| #0 | Juan Nolasco | is one of the leaders | - | of Ciudad Ayala | - | - |
| #1 | Ciudad Ayala | has | a population density of 1604 | - | - | - |"
reference2,32,Lady Anne Monson’s nationality was with the Kingdom of England but her residence was in India. One of the leadership titles in India is Chief Justice and the total area of India is 3287590000000.0.,"| id | sbj | pred | obj_d | obj_i | sig | adv/cl/comp/sent |
| - | - | - | - | - | - | - |
| #0 | Lady Anne Monson | had nationality | - | with the Kingdom of England | - | - |
| #1 | Lady Anne Monson | had residence | - | in India | - | - |
| #2 | India | has leadership title | Chief Justice | - | - | - |
| #3 | India | has total area | 3287590000000.0 | - | - | - |","| id | sbj | pred | obj_d | obj_i | sig | adv/cl/comp/sent |
| - | - | - | - | - | - | - |
| #0 | Lady Anne Monson | had nationality | - | with the Kingdom of England | - | - |
| #1 | Lady Anne Monson | had residence | - | in India | - | - |
| #2 | India | has leadership title | Chief Justice | - | - | - |
| #3 | India | has total area | 3287590000000.0 | - | - | - |","| id | sbj                | pred          | obj_d                   | obj_i | sig | adv/cl/comp/sent |
|----|--------------------|---------------|-------------------------|-------|-----|------------------|
| #0 | Lady Anne Monson  | had nationality | with the Kingdom of England | -     | but | #1               |
| #1 | Lady Anne Monson  | had residence  | in India                | -     | -   | -                |
| #2 | India             | has leadership title | Chief Justice         | -     | -   | -                |
| #3 | India             | has total area | 3287590000000.0          | -     | -   | -                |"
reference2,33,"Train followed Mermaid with Imagine, a song by John Lennon.","| id | sbj       | pred  | obj_d | obj_i | sig | adv/cl/comp/sent |
|----|-----------|-------|-------|-------|-----|------------------|
| #0 | Train     | followed | Mermaid | -    | with | Imagine, a song by John Lennon |","| id | sbj       | pred     | obj_d | obj_i | sig | adv/cl/comp/sent |
|----|-----------|----------|-------|-------|-----|------------------|
| #0 | Train     | followed | Mermaid | with Imagine | - | - |
| #1 | Imagine   | is a song | - | by John Lennon | - | - |
| #2 | John Lennon | wrote | Imagine | - | - | - |","| id | sbj      | pred | obj_d | obj_i | sig | adv/cl/comp/sent |
|----|----------|------|-------|-------|-----|------------------|
| #0 | Train    | followed | Mermaid | -   | with | Imagine, a song by John Lennon |
| #1 | Imagine  | is   | a song | -     | by  | John Lennon      |"
reference2,34,Nurhan Atasoy's birth date is 1934-01-01.,"| id | sbj           | pred        | obj_d    | obj_i | sig | adv/cl/comp/sent |
|----|---------------|-------------|----------|-------|-----|------------------|
| #0 | Nurhan Atasoy | was born on | 1934-01-01 | -     | -   | -                |","| id | sbj           | pred       | obj_d      | obj_i | sig | adv/cl/comp/sent |
|----|---------------|------------|------------|-------|-----|------------------|
| #0 | Nurhan Atasoy | was born on | 1934-01-01 | -     | -   | -                |","| id | sbj           | pred        | obj_d | obj_i | sig | adv/cl/comp/sent |
|----|---------------|-------------|-------|-------|-----|------------------|
| #0 | Nurhan Atasoy | was born on | -     | -     | -   | 1934-01-01       |"
reference2,35,"Nie Haisheng, born in Zaoyang, who was a crew member on Shenzhou 6, took part in the Shenzhou 10 mission.","# Output
| id | sbj         | pred       | obj_d             | obj_i | sig | adv/cl/comp/sent |
|----|-------------|------------|-------------------|-------|-----|------------------|
| #0 | Nie Haisheng | was born   | -                 | in Zaoyang | -   | -                |
| #1 | Nie Haisheng | was        | a crew member     | on Shenzhou 6 | -   | -                |
| #2 | Nie Haisheng | took part  | in the Shenzhou 10 mission | -     | -   | -                |","# Output
| id | sbj          | pred         | obj_d            | obj_i | sig | adv/cl/comp/sent |
|----|--------------|--------------|------------------|-------|-----|------------------|
| #0 | Nie Haisheng | was born      | -                | in Zaoyang | -   | -                |
| #1 | Nie Haisheng | was           | a crew member    | on Shenzhou 6 | -   | -                |
| #2 | Nie Haisheng | took part     | in the Shenzhou 10 mission | -     | -   | -                |","# Output
| id | sbj         | pred       | obj_d           | obj_i | sig | adv/cl/comp/sent |
|----|-------------|------------|-----------------|-------|-----|------------------|
| #0 | Nie Haisheng | was born   | -               | in Zaoyang | -   | -                |
| #1 | Nie Haisheng | was        | a crew member   | on Shenzhou 6 | -   | -                |
| #2 | Nie Haisheng | took part  | in the Shenzhou 10 mission | -     | -   | -                |"
reference2,36,"The 11th Mississippi Infantry Monument (categorised as a contributing property) is located in Adams County, Pennsylvania and Frederick County Maryland is in southwest .","| id | sbj | pred | obj_d | obj_i | sig | adv/cl/comp/sent |
| - | - | - | - | - | - | - |
| #0 | The 11th Mississippi Infantry Monument | is located | - | in Adams County, Pennsylvania | - | - |
| #1 | The 11th Mississippi Infantry Monument | is located | - | in Frederick County, Maryland | - | - |
| #2 | Frederick County, Maryland | is | - | in southwest | - | - |
| #3 | The 11th Mississippi Infantry Monument | is categorised as | a contributing property | - | - | - |","| id | sbj | pred | obj_d | obj_i | sig | adv/cl/comp/sent |
| - | - | - | - | - | - | - |
| #0 | The 11th Mississippi Infantry Monument | is located | - | in Adams County, Pennsylvania and Frederick County Maryland | - | - |
| #1 | The 11th Mississippi Infantry Monument | is categorized as | a contributing property | - | - | - |
| #2 | Frederick County Maryland | is | - | in southwest | - | - |","| id | sbj | pred | obj_d | obj_i | sig | adv/cl/comp/sent |
| - | - | - | - | - | - | - |
| #0 | The 11th Mississippi Infantry Monument | is located | - | in Adams County, Pennsylvania and Frederick County Maryland | - | - |
| #1 | Frederick County Maryland | is | - | in | southwest | - |
| #2 | The 11th Mississippi Infantry Monument | is categorized as | a contributing property | - | - | - |"
reference2,37,Expect a Miracle is an instrumental easy listening album.,"| id | sbj                | pred | obj_d                                  | obj_i | sig | adv/cl/comp/sent |
|----|--------------------|------|----------------------------------------|-------|-----|-----------------|
| #0 | Expect a Miracle   | is   | an instrumental easy listening album   | -     | -   | -               |","| id | sbj               | pred | obj_d                             | obj_i | sig | adv/cl/comp/sent |
|----|-------------------|------|-----------------------------------|-------|-----|-----------------|
| #0 | Expect a Miracle  | is   | an instrumental easy listening album | -     | -   | -               |","| id | sbj               | pred | obj_d                                | obj_i | sig | adv/cl/comp/sent |
|----|-------------------|------|--------------------------------------|-------|-----|------------------|
| #0 | Expect a Miracle | is   | an instrumental easy listening album |       |     |                  |"
reference2,39,The Bootleg Series Volume 1: The Quine Tapes was recorded under the Polydor Records record label and a key person is Lucian Grainge at Universal Music Group and is part of the record label of Bootleg Series Volume 1: The Quine Tapes is Universal Music Group.,"| id | sbj | pred | obj_d | obj_i | sig | adv/cl/comp/sent |
| - | - | - | - | - | - | - |
| #0 | The Bootleg Series Volume 1: The Quine Tapes | was recorded | - | under the Polydor Records record label | - | - |
| #1 | The Bootleg Series Volume 1: The Quine Tapes | is part of | the record label | of Universal Music Group | - | - |
| #2 | Lucian Grainge | is a key person | at Universal Music Group | - | - | - |
| #3 | Universal Music Group | is the record label | of The Bootleg Series Volume 1: The Quine Tapes | - | - | - |","| id | sbj | pred | obj_d | obj_i | sig | adv/cl/comp/sent |
| - | - | - | - | - | - | - |
| #0 | The Bootleg Series Volume 1: The Quine Tapes | was recorded | - | under the Polydor Records record label | - | - |
| #1 | The Bootleg Series Volume 1: The Quine Tapes | is part of | the record label | of Universal Music Group | - | - |
| #2 | Lucian Grainge | is | a key person | at Universal Music Group | - | - |","| id | sbj | pred | obj_d | obj_i | sig | adv/cl/comp/sent |
| - | - | - | - | - | - | - |
| #0 | The Bootleg Series Volume 1: The Quine Tapes | was recorded | - | under the Polydor Records record label | - | - |
| #1 | Lucian Grainge | is a key person | - | at Universal Music Group | - | - |
| #2 | The Bootleg Series Volume 1: The Quine Tapes | is part of | the record label | of Universal Music Group | - | - |
| #3 | Universal Music Group | has key person | Lucian Grainge | - | - | - |"
reference2,40,"The Train song by mermaid is written by Espen Lind. It lasts a total of 3.16 minutes and is from the pop rock and reggae genre. The song was released on December 27th, 2012 and is preceded by the song This'll Be My Year.","| id | sbj | pred | obj_d | obj_i | sig | adv/cl/comp/sent |
|----|-----|------|-------|-------|-----|-----------------|
| #0 | The Train song by mermaid | is written | - | by Espen Lind | - | - |
| #1 | The Train song by mermaid | lasts | a total of 3.16 minutes | - | - | - |
| #2 | The Train song by mermaid | is from | the pop rock and reggae genre | - | - | - |
| #3 | The Train song by mermaid | was released | - | on | December 27th, 2012 |
| #4 | The Train song by mermaid | is preceded | by the song This'll Be My Year | - | - | - |","| id | sbj | pred | obj_d | obj_i | sig | adv/cl/comp/sent |
| - | - | - | - | - | - | - |
| #0 | The Train song by mermaid | is written by | Espen Lind | - | - | - |
| #1 | The Train song by mermaid | lasts | a total of 3.16 minutes | - | - | - |
| #2 | The Train song by mermaid | is from | the pop rock and reggae genre | - | - | - |
| #3 | The Train song by mermaid | was released on | December 27th, 2012 | - | - | - |
| #4 | The Train song by mermaid | is preceded by | the song This'll Be My Year | - | - | - |","| id | sbj                | pred        | obj_d                | obj_i | sig        | adv/cl/comp/sent        |
|----|--------------------|-------------|----------------------|-------|------------|-------------------------|
| #0 | The Train song by mermaid | is written by | Espen Lind           | -     | -          | -                       |
| #1 | The Train song by mermaid | lasts        | a total of 3.16 minutes | -     | -          | -                       |
| #2 | The Train song by mermaid | is from      | the pop rock and reggae genre | -     | -          | -                       |
| #3 | The Train song by mermaid | was released | -                    | on    | December 27th, 2012 |
| #4 | The Train song by mermaid | is preceded by | the song This'll Be My Year | -     | -          | -                       |"
reference2,41,"The Train song Mermaid, released under the record label Sony Music Entertainment, is followed by the John Lennon song Imagine, which was followed by his hit Imagine with Happy Xmas (War is Over).","| id | sbj | pred | obj_d | obj_i | sig | adv/cl/comp/sent |
| - | - | - | - | - | - | - |
| #0 | The Train song Mermaid | was released | - | under the record label Sony Music Entertainment | - | - |
| #1 | The John Lennon song Imagine | is followed | by the Train song Mermaid | - | - | - |
| #2 | The John Lennon song Imagine | was followed | by his hit Imagine with Happy Xmas (War is Over) | - | - | - |","| id | sbj | pred | obj_d | obj_i | sig | adv/cl/comp/sent |
| - | - | - | - | - | - | - |
| #0 | The Train song Mermaid | was released | - | under the record label Sony Music Entertainment | - | - |
| #1 | The John Lennon song Imagine | is followed | by the Train song Mermaid | - | - | - |
| #2 | The John Lennon song Imagine | was followed | by his hit Imagine with Happy Xmas (War is Over) | - | - | - |","| id | sbj | pred | obj_d | obj_i | sig | adv/cl/comp/sent |
| - | - | - | - | - | - | - |
| #0 | The Train song Mermaid | was released | - | under the record label Sony Music Entertainment | - | - |
| #1 | The John Lennon song Imagine | is followed by | the John Lennon song Imagine | - | - | - |
| #2 | The John Lennon song Imagine | was followed by | his hit Imagine with Happy Xmas (War is Over) | - | - | - |
| #3 | The Train song Mermaid | is followed by | #1 | - | - | - |
| #4 | The John Lennon song Imagine | is followed by | #2 | - | - | - |"
reference2,42,Bionico is a dessert food found in Mexico where the currency is the peso. Another type of dessert is the cookie.,"| id | sbj | pred | obj_d | obj_i | sig | adv/cl/comp/sent |
| - | - | - | - | - | - | - |
| #0 | Bionico | is | a dessert food | - | - | - |
| #1 | Bionico | is found | - | in Mexico | where | the currency is the peso |
| #2 | Mexico | has currency | the peso | - | - | - |
| #3 | Another type of dessert | is | the cookie | - | - | - |","| id | sbj | pred | obj_d | obj_i | sig | adv/cl/comp/sent |
|----|-----|------|-------|-------|-----|------------------|
| #0 | Bionico | is | a dessert food | - | - | - |
| #1 | Bionico | is found | - | in Mexico | where | the currency is the peso |
| #2 | Mexico | has currency | the peso | - | - | - |
| #3 | Another type of dessert | is | the cookie | - | - | - |","| id | sbj | pred | obj_d | obj_i | sig | adv/cl/comp/sent |
|----|-----|------|-------|-------|-----|-----------------|
| #0 | Bionico | is | a dessert food | - | - | - |
| #1 | Bionico | is found | - | in Mexico | where | the currency is the peso |
| #2 | Another type of dessert | is | the cookie | - | - | - |
| #3 | Mexico | has currency | the peso | - | - | - |"
reference2,43,"""Death on a Factory Farm"", with a running time of 83.0 is directed by Sarah Teale, with Jamie Lawrence as the musical composer.","| id | sbj | pred | obj_d | obj_i | sig | adv/cl/comp/sent |
| - | - | - | - | - | - | - |
| #0 | ""Death on a Factory Farm"" | has running time | 83.0 | - | - | - |
| #1 | ""Death on a Factory Farm"" | is directed by | - | Sarah Teale | - | - |
| #2 | ""Death on a Factory Farm"" | has | Jamie Lawrence | as the musical composer | - | - |","| id | sbj | pred | obj_d | obj_i | sig | adv/cl/comp/sent |
| - | - | - | - | - | - | - |
| #0 | ""Death on a Factory Farm"" | has running time | 83.0 minutes | - | - | - |
| #1 | ""Death on a Factory Farm"" | is directed by | - | Sarah Teale | - | - |
| #2 | ""Death on a Factory Farm"" | has | Jamie Lawrence | as the musical composer | - | - |","| id | sbj | pred | obj_d | obj_i | sig | adv/cl/comp/sent |
| - | - | - | - | - | - | - |
| #0 | ""Death on a Factory Farm"" | has running time | 83.0 minutes | - | - | - |
| #1 | ""Death on a Factory Farm"" | is directed by | - | Sarah Teale | - | - |
| #2 | ""Death on a Factory Farm"" | has | Jamie Lawrence | as the musical composer | - | - |"
reference2,44,"Olga Bondareva was born on April 27, 1937, and later became a student of Leningrad State University.","| id | sbj            | pred      | obj_d | obj_i | sig | adv/cl/comp/sent         |
|----|----------------|-----------|-------|-------|-----|--------------------------|
| #0 | Olga Bondareva | was born  | -     | on    | April 27, 1937             |
| #1 | Olga Bondareva | became    | a student | of  | Leningrad State University |","| id | sbj            | pred        | obj_d | obj_i | sig | adv/cl/comp/sent            |
|----|----------------|-------------|-------|-------|-----|-----------------------------|
| #0 | Olga Bondareva | was born     | -     | on    | -   | April 27, 1937              |
| #1 | Olga Bondareva | became       | a student | of Leningrad State University | -   | later                        |","| id | sbj            | pred       | obj_d | obj_i | sig | adv/cl/comp/sent         |
|----|----------------|------------|-------|-------|-----|--------------------------|
| #0 | Olga Bondareva | was born    | -     | on    | April 27, 1937            |
| #1 | Olga Bondareva | became      | a student | at  | Leningrad State University |"
reference2,45,"Nie Haisheng is from the People's Republic of China, whose birthplace is Hubei and was born in Zaoyang.","| id | sbj           | pred        | obj_d  | obj_i | sig  | adv/cl/comp/sent |
|----|---------------|-------------|--------|-------|------|------------------|
| #0 | Nie Haisheng  | is from     | -      | the People's Republic of China | -    | -                |
| #1 | Nie Haisheng  | was born    | -      | in Zaoyang | -    | -                |
| #2 | Nie Haisheng  | has birthplace | Hubei | -     | -    | -                |","| id | sbj          | pred         | obj_d  | obj_i | sig  | adv/cl/comp/sent |
|----|--------------|--------------|--------|-------|------|------------------|
| #0 | Nie Haisheng | is from      | the People's Republic of China | -     | -    | -                |
| #1 | Nie Haisheng | was born in  | Zaoyang | -     | -    | -                |
| #2 | Nie Haisheng | has birthplace | Hubei  | -     | -    | -                |","| id | sbj           | pred         | obj_d  | obj_i | sig    | adv/cl/comp/sent |
|----|---------------|--------------|--------|-------|--------|------------------|
| #0 | Nie Haisheng  | is from      | -      | -     | -      | the People's Republic of China |
| #1 | Nie Haisheng  | was born     | -      | in    | -      | Zaoyang          |
| #2 | Nie Haisheng  | has birthplace | Hubei | -     | -      | -                |"
reference2,46,Piotr Hallmann stands 175.26 cm tall and weighs 70.308kg.,"| id | sbj           | pred        | obj_d   | obj_i | sig | adv/cl/comp/sent |
|----|---------------|-------------|---------|-------|-----|------------------|
| #0 | Piotr Hallmann| stands      | 175.26 cm| tall  | -   | -                |
| #1 | Piotr Hallmann| weighs      | 70.308 kg| -     | -   | -                |","| id | sbj           | pred       | obj_d   | obj_i | sig | adv/cl/comp/sent |
|----|---------------|------------|---------|-------|-----|------------------|
| #0 | Piotr Hallmann | stands     | 175.26 cm tall | -     | -   | -                |
| #1 | Piotr Hallmann | weighs     | 70.308 kg | -     | -   | -                |","| id | sbj           | pred       | obj_d     | obj_i | sig | adv/cl/comp/sent |
|----|---------------|------------|-----------|-------|-----|------------------|
| #0 | Piotr Hallmann | stands     | 175.26 cm | tall  | -   | -                |
| #1 | Piotr Hallmann | weighs     | 70.308 kg | -     | -   | -                |"
reference2,47,"La Crosse, Wisconsin is part of La Crosse County, Wisconsin.","| id | sbj                | pred | obj_d | obj_i | sig | adv/cl/comp/sent |
|----|--------------------|------|-------|-------|-----|------------------|
| #0 | La Crosse, Wisconsin | is part of | -     | La Crosse County, Wisconsin | -   | -                |","| id | sbj                | pred     | obj_d                | obj_i | sig | adv/cl/comp/sent |
|----|--------------------|----------|----------------------|-------|-----|------------------|
| #0 | La Crosse, Wisconsin | is part of | La Crosse County, Wisconsin | -     | -   | -                |","| id | sbj                | pred | obj_d | obj_i | sig | adv/cl/comp/sent |
|----|--------------------|------|-------|-------|-----|------------------|
| #0 | La Crosse, Wisconsin | is part of | La Crosse County, Wisconsin | - | - | - |"
reference2,48,Expect a Miracle is produced in the instrumental music genre by Brian Kelly.,"# Output
| id | sbj         | pred      | obj_d          | obj_i | sig | adv/cl/comp/sent |
|----|-------------|-----------|----------------|-------|-----|------------------|
| #0 | Expect a Miracle | is produced | -              | in the instrumental music genre by Brian Kelly | -   | -                |
| #1 | Expect a Miracle | is produced | in the instrumental music genre | by Brian Kelly | -   | -                |","# Output
| id | sbj         | pred      | obj_d           | obj_i | sig | adv/cl/comp/sent |
|----|-------------|-----------|-----------------|-------|-----|------------------|
| #0 | Expect a Miracle | is produced | - | in the instrumental music genre | by | Brian Kelly |","| id | sbj        | pred      | obj_d           | obj_i | sig | adv/cl/comp/sent |
|----|------------|-----------|-----------------|-------|-----|------------------|
| #0 | Expect a Miracle | is produced | -               | in the instrumental music genre | by | Brian Kelly |"
reference2,49,Andrew Rayel is associated with Armin van Buuren and his musical genre is Trance.,"| id | sbj          | pred         | obj_d  | obj_i | sig | adv/cl/comp/sent |
|----|--------------|--------------|--------|-------|-----|------------------|
| #0 | Andrew Rayel | is associated | -      | with Armin van Buuren | -   | -                |
| #1 | Andrew Rayel | has musical genre | Trance | -   | -   | -                |","| id | sbj         | pred          | obj_d | obj_i | sig | adv/cl/comp/sent |
|----|-------------|---------------|-------|-------|-----|------------------|
| #0 | Andrew Rayel | is associated | -     | with Armin van Buuren | -   | -                |
| #1 | Andrew Rayel | has musical genre | Trance | -   | -   | -                |","| id | sbj        | pred        | obj_d  | obj_i | sig | adv/cl/comp/sent |
|----|------------|-------------|--------|-------|-----|------------------|
| #0 | Andrew Rayel | is associated with | Armin van Buuren | -     | -   | -                |
| #1 | Andrew Rayel | has musical genre | Trance | -     | -   | -                |"
reference2,50,"Aleksandr Prudnikov, born on 24th February 1989, and whose youth football club was FC Spartak Moscow, currently plays for the FC Amkar Perm football club.","| id | sbj                | pred         | obj_d              | obj_i | sig | adv/cl/comp/sent         |
|----|--------------------|--------------|--------------------|-------|-----|--------------------------|
| #0 | Aleksandr Prudnikov | was born on  | 24th February 1989 | -     | -   | -                        |
| #1 | Aleksandr Prudnikov | has youth football club | FC Spartak Moscow | - | - | -                    |
| #2 | Aleksandr Prudnikov | currently plays for | the FC Amkar Perm football club | - | - | -          |","| id | sbj              | pred             | obj_d                | obj_i | sig | adv/cl/comp/sent       |
|----|------------------|------------------|----------------------|-------|-----|------------------------|
| #0 | Aleksandr Prudnikov | was born         | -                    | on    | -   | 24th February 1989     |
| #1 | Aleksandr Prudnikov | had              | youth football club  | -     | as  | FC Spartak Moscow      |
| #2 | Aleksandr Prudnikov | currently plays  | for the FC Amkar Perm football club | -     | -   | -                      |","# Output
| id | sbj               | pred        | obj_d            | obj_i | sig | adv/cl/comp/sent         |
|----|-------------------|-------------|------------------|-------|-----|--------------------------|
| #0 | Aleksandr Prudnikov | was born    | -                | on    | 24th February 1989        |
| #1 | Aleksandr Prudnikov | had         | FC Spartak Moscow | as    | his youth football club   |
| #2 | Aleksandr Prudnikov | currently plays | for the FC Amkar Perm football club | - | - | - |"
reference2,51,The city of Detroit is part of Michigan.,"| id | sbj            | pred | obj_d    | obj_i | sig | adv/cl/comp/sent |
|----|----------------|------|----------|-------|-----|-----------------|
| #0 | The city of Detroit | is part of | Michigan | -     | -   | -               |","| id | sbj | pred | obj_d | obj_i | sig | adv/cl/comp/sent |
|----|-----|------|-------|-------|-----|-----------------|
| #0 | The city of Detroit | is part of | Michigan | - | - | - |","| id | sbj | pred | obj_d | obj_i | sig | adv/cl/comp/sent |
| - | - | - | - | - | - | - |
| #0 | The city of Detroit | is part of | Michigan | - | - | - |"
reference2,52,The United States was the birthplace of Abraham A. Ribicoff. He was married to Casey Ribicoff and he preceded John N. Dempsey.,"| id | sbj                | pred        | obj_d          | obj_i | sig | adv/cl/comp/sent |
|----|--------------------|-------------|----------------|-------|-----|------------------|
| #0 | The United States  | was          | the birthplace | of Abraham A. Ribicoff | -   | -                |
| #1 | Abraham A. Ribicoff | was married  | -              | to Casey Ribicoff | -   | -                |
| #2 | Abraham A. Ribicoff | preceded     | John N. Dempsey | -     | -   | -                |","| id | sbj             | pred        | obj_d          | obj_i | sig | adv/cl/comp/sent |
|----|-----------------|-------------|----------------|-------|-----|------------------|
| #0 | The United States | was the birthplace of | Abraham A. Ribicoff | -     | -   | -                |
| #1 | Abraham A. Ribicoff | was married to | Casey Ribicoff | -     | -   | -                |
| #2 | Abraham A. Ribicoff | preceded | John N. Dempsey | -     | -   | -                |","| id | sbj             | pred        | obj_d          | obj_i | sig | adv/cl/comp/sent |
|----|-----------------|-------------|----------------|-------|-----|------------------|
| #0 | The United States | was the birthplace of | Abraham A. Ribicoff | -     | -   | -                |
| #1 | Abraham A. Ribicoff | was married to | Casey Ribicoff | -     | -   | -                |
| #2 | Abraham A. Ribicoff | preceded | John N. Dempsey | -     | -   | -                |"
reference2,53,The song Mermaid belongs to the musical band Train.,"| id | sbj | pred | obj_d | obj_i | sig | adv/cl/comp/sent |
|----|-----|------|-------|-------|-----|-----------------|
| #0 | The song Mermaid | belongs to | the musical band Train | - | - | - |","| id | sbj | pred | obj_d | obj_i | sig | adv/cl/comp/sent |
| - | - | - | - | - | - | - |
| #0 | The song Mermaid | belongs to | the musical band Train | - | - | - |
| #1 | The song Mermaid | is | - | - | - | - |
| #2 | the musical band Train | has | The song Mermaid | - | - | - |","| id | sbj  | pred  | obj_d    | obj_i | sig | adv/cl/comp/sent |
|----|------|-------|----------|-------|-----|------------------|
| #0 | The song Mermaid | belongs to | the musical band Train | - | - | - |"
reference2,54,The album Expect a Miracle is of the instrumental music genre.,"| id | sbj                | pred | obj_d                    | obj_i | sig | adv/cl/comp/sent |
|----|--------------------|------|--------------------------|-------|-----|------------------|
| #0 | The album Expect a Miracle | is of | the instrumental music genre | -     | -   | -                |","| id | sbj                | pred  | obj_d | obj_i | sig | adv/cl/comp/sent |
|----|--------------------|-------|-------|-------|-----|------------------|
| #0 | The album Expect a Miracle | is of | the instrumental music genre | -   | -   | -                |","| id | sbj                | pred        | obj_d | obj_i | sig | adv/cl/comp/sent |
|----|--------------------|-------------|-------|-------|-----|------------------|
| #0 | Expect a Miracle   | is          | -     | -     | of  | the instrumental music genre |
| #1 | Expect a Miracle   | is an album | -     | -     | -   | -                |"
reference2,55,Liselotte Grschebina was born in Karlsruhe which is in the German Empire and is 115 meters above sea level. In the German Empire people used the German Papiermark to buy things.,"| id | sbj                | pred        | obj_d             | obj_i | sig | adv/cl/comp/sent     |
|----|--------------------|-------------|-------------------|-------|-----|----------------------|
| #0 | Liselotte Grschebina | was born    | -                 | in Karlsruhe | which is | #1          |
| #1 | Karlsruhe          | is          | -                 | in the German Empire | - | -            |
| #2 | Karlsruhe          | is          | 115 meters        | above sea level | - | -            |
| #3 | the German Empire  | used        | the German Papiermark | to buy things | - | -            |
| #4 | Liselotte Grschebina | was born    | -                 | in the German Empire | - | -            |","| id | sbj                | pred       | obj_d             | obj_i | sig | adv/cl/comp/sent   |
|----|--------------------|------------|-------------------|-------|-----|--------------------|
| #0 | Liselotte Grschebina | was born   | -                 | in Karlsruhe | -   | -                  |
| #1 | Karlsruhe          | is         | -                 | in the German Empire | -   | -                  |
| #2 | Karlsruhe          | is         | 115 meters above sea level | -     | -   | -                  |
| #3 | people             | used       | the German Papiermark | to buy things | in  | the German Empire  |","| id | sbj                | pred        | obj_d              | obj_i | sig | adv/cl/comp/sent |
|----|--------------------|-------------|--------------------|-------|-----|------------------|
| #0 | Liselotte Grschebina | was born    | -                  | in Karlsruhe | which | #1               |
| #1 | Karlsruhe           | is          | -                  | in the German Empire | - | -                |
| #2 | Karlsruhe           | is          | 115 meters above sea level | -     | -   | -                |
| #3 | the German Empire   | used        | the German Papiermark | to buy things | -   | -                |
| #4 | the German Empire   | is          | -                  | in the German Empire | - | -                |"
reference2,56,"Brandon Carter, a professional in the field of general relativity, is known for the Carter constant.","| id | sbj            | pred     | obj_d            | obj_i | sig | adv/cl/comp/sent |
|----|----------------|----------|------------------|-------|-----|------------------|
| #0 | Brandon Carter | is known | for the Carter constant | -     | -   | -                |
| #1 | Brandon Carter | is       | a professional   | in the field of general relativity | -   | -                |","| id | sbj           | pred        | obj_d          | obj_i | sig | adv/cl/comp/sent |
|----|---------------|-------------|----------------|-------|-----|------------------|
| #0 | Brandon Carter | is known for | the Carter constant | -     | -   | -                |
| #1 | Brandon Carter | is a professional | -              | in the field of general relativity | -   | -                |","| id | sbj           | pred      | obj_d           | obj_i | sig | adv/cl/comp/sent |
|----|---------------|-----------|-----------------|-------|-----|------------------|
| #0 | Brandon Carter | is known  | for the Carter constant | -     | -   | -                |
| #1 | Brandon Carter | is a professional | -               | in the field of general relativity | -   | -                |"
reference2,57,"Brandon Carter (born in January 1, 1942) is a physicist whose professional field was on General Relativity, known for invention of the Carter constant and proving the no-hair theorem. His doctoral advisor was Dennis William Sciama.","| id | sbj             | pred        | obj_d                   | obj_i | sig | adv/cl/comp/sent        |
|----|-----------------|-------------|-------------------------|-------|-----|------------------------|
| #0 | Brandon Carter  | was born    | -                       | -     | on  | January 1, 1942        |
| #1 | Brandon Carter  | is          | a physicist             | -     | -   | -                      |
| #2 | Brandon Carter  | was         | -                       | in    | on  | General Relativity     |
| #3 | Brandon Carter  | is known    | for invention           | of    | the Carter constant      |
| #4 | Brandon Carter  | is known    | for proving             | the   | no-hair theorem           |
| #5 | Brandon Carter  | had         | Dennis William Sciama   | as    | his doctoral advisor      |","| id | sbj            | pred           | obj_d                | obj_i | sig  | adv/cl/comp/sent          |
|----|----------------|----------------|----------------------|-------|------|--------------------------|
| #0 | Brandon Carter | was born       | -                    | -     | on   | January 1, 1942          |
| #1 | Brandon Carter | is             | a physicist          | -     | -    | -                        |
| #2 | Brandon Carter | was            | -                    | in    | on   | General Relativity       |
| #3 | Brandon Carter | is known       | -                    | for   | -    | invention of the Carter constant |
| #4 | Brandon Carter | is known       | -                    | for   | -    | proving the no-hair theorem |
| #5 | Brandon Carter | had            | Dennis William Sciama| -     | as   | his doctoral advisor      |","| id | sbj            | pred          | obj_d                | obj_i | sig   | adv/cl/comp/sent        |
|----|----------------|---------------|----------------------|-------|-------|-------------------------|
| #0 | Brandon Carter | was born       | -                    | -     | on    | January 1, 1942         |
| #1 | Brandon Carter | is             | a physicist          | -     | -     | -                       |
| #2 | Brandon Carter | was            | in the professional field | - | on    | General Relativity      |
| #3 | Brandon Carter | is known       | for invention of the Carter constant | - | - | -               |
| #4 | Brandon Carter | is known       | for proving the no-hair theorem | - | - | -                      |
| #5 | Brandon Carter | had            | Dennis William Sciama | as doctoral advisor | - | -            |"
reference2,58,The Bootleg Series Volume I: The Quine Tapes are in the rock music genre of which proto-punk is a subgenre of.,"| id | sbj | pred | obj_d | obj_i | sig | adv/cl/comp/sent |
| - | - | - | - | - | - | - |
| #0 | The Bootleg Series Volume I: The Quine Tapes | are in | the rock music genre | - | - | - |
| #1 | proto-punk | is a subgenre of | the rock music genre | - | - | - |","| id | sbj | pred | obj_d | obj_i | sig | adv/cl/comp/sent |
| - | - | - | - | - | - | - |
| #0 | The Bootleg Series Volume I: The Quine Tapes | are in | the rock music genre | - | - | - |
| #1 | proto-punk | is a subgenre | of | the rock music genre | - | - |","| id | sbj | pred | obj_d | obj_i | sig | adv/cl/comp/sent |
| - | - | - | - | - | - | - |
| #0 | The Bootleg Series Volume I: The Quine Tapes | are in | the rock music genre | - | - | - |
| #1 | proto-punk | is a subgenre | of | the rock music genre | - | - |"
reference2,59,"Piotr Hallmann was born on August 25, 1987 and weighs 70.308 kg.","# Output
| id | sbj           | pred      | obj_d | obj_i | sig | adv/cl/comp/sent       |
|----|---------------|-----------|-------|-------|-----|------------------------|
| #0 | Piotr Hallmann | was born  | -     | -     | on  | August 25, 1987        |
| #1 | Piotr Hallmann | weighs    | 70.308 kg | - | -   | -                      |","# Output
| id | sbj            | pred      | obj_d | obj_i | sig | adv/cl/comp/sent       |
|----|----------------|-----------|-------|-------|-----|------------------------|
| #0 | Piotr Hallmann | was born  | -     | -     | on  | August 25, 1987        |
| #1 | Piotr Hallmann | weighs    | 70.308 kg | - | -   | -                      |","| id | sbj           | pred        | obj_d | obj_i | sig | adv/cl/comp/sent       |
|----|---------------|-------------|-------|-------|-----|------------------------|
| #0 | Piotr Hallmann | was born on | -     | -     | -   | August 25, 1987        |
| #1 | Piotr Hallmann | weighs      | 70.308 kg | -   | -   | -                      |"
reference2,61,Bootleg Series Volume 1: The Quine Tapes is a rock album that also fits into the proto-punk genre. It was produced by the Velvet Underground.,"| id | sbj | pred | obj_d | obj_i | sig | adv/cl/comp/sent |
| - | - | - | - | - | - | - |
| #0 | Bootleg Series Volume 1: The Quine Tapes | is | a rock album | - | - | - |
| #1 | Bootleg Series Volume 1: The Quine Tapes | fits into | the proto-punk genre | - | - | - |
| #2 | the Velvet Underground | produced | Bootleg Series Volume 1: The Quine Tapes | - | - | - |","| id | sbj                 | pred      | obj_d                         | obj_i | sig | adv/cl/comp/sent |
|----|---------------------|-----------|-------------------------------|-------|-----|-----------------|
| #0 | Bootleg Series Volume 1: The Quine Tapes | is         | a rock album                  | -     | -   | -               |
| #1 | Bootleg Series Volume 1: The Quine Tapes | fits into  | the proto-punk genre          | -     | -   | -               |
| #2 | The Velvet Underground  | produced   | Bootleg Series Volume 1: The Quine Tapes | -     | -   | -               |","| id | sbj | pred | obj_d | obj_i | sig | adv/cl/comp/sent |
| - | - | - | - | - | - | - |
| #0 | Bootleg Series Volume 1: The Quine Tapes | is | a rock album | - | - | - |
| #1 | Bootleg Series Volume 1: The Quine Tapes | fits into | the proto-punk genre | - | also | - |
| #2 | it | was produced by | the Velvet Underground | - | - | - |"
reference2,62,"The Fellowship of the Ring belongs to the fantasy genre, published on July 29, 1954, by George Allen & Unwin. The Hobbit came before it, followed by The Two Towers.","| id | sbj | pred | obj_d | obj_i | sig | adv/cl/comp/sent |
|----|-----|------|-------|-------|-----|-----------------|
| #0 | The Fellowship of the Ring | belongs to | the fantasy genre | - | - | - |
| #1 | The Fellowship of the Ring | was published | - | by George Allen & Unwin | on | July 29, 1954 |
| #2 | The Hobbit | came | before it | - | - | - |
| #3 | The Two Towers | followed | it | - | - | - |","| id | sbj | pred | obj_d | obj_i | sig | adv/cl/comp/sent |
| - | - | - | - | - | - | - |
| #0 | The Fellowship of the Ring | belongs to | the fantasy genre | - | - | - |
| #1 | The Fellowship of the Ring | was published | on July 29, 1954 | by George Allen & Unwin | - | - |
| #2 | The Hobbit | came | - | before The Fellowship of the Ring | - | - |
| #3 | The Two Towers | followed | The Fellowship of the Ring | - | - | - |","| id | sbj                          | pred      | obj_d                | obj_i | sig     | adv/cl/comp/sent |
|----|------------------------------|-----------|----------------------|-------|---------|------------------|
| #0 | The Fellowship of the Ring   | belongs   | -                    | to the fantasy genre | -       | -                |
| #1 | The Fellowship of the Ring   | was published | -                | on July 29, 1954 | by      | George Allen & Unwin |
| #2 | The Hobbit                   | came      | before The Fellowship of the Ring | -     | -       | -                |
| #3 | The Two Towers               | followed  | The Fellowship of the Ring | -     | -       | -                |"
reference2,63,"The 11th Mississippi Infantry Monument, located in the municipality of Gettysburg in Adams County, Pennsylvania, which sits north of Carroll County, Maryland, and south of Cumberland County, was established in the year 2000 and falls under the category of Contributing property.","# Output
| id | sbj | pred | obj_d | obj_i | sig | adv/cl/comp/sent |
| - | - | - | - | - | - | - |
| #0 | The 11th Mississippi Infantry Monument | is located | - | in the municipality of Gettysburg in Adams County, Pennsylvania | - | - |
| #1 | The municipality of Gettysburg in Adams County, Pennsylvania | sits | - | north of Carroll County, Maryland | - | - |
| #2 | The municipality of Gettysburg in Adams County, Pennsylvania | sits | - | south of Cumberland County | - | - |
| #3 | The 11th Mississippi Infantry Monument | was established | - | - | in | the year 2000 |
| #4 | The 11th Mississippi Infantry Monument | falls under | the category of Contributing property | - | - | - |","# Output
| id | sbj                                       | pred        | obj_d                        | obj_i | sig | adv/cl/comp/sent                     |
|----|-------------------------------------------|-------------|------------------------------|-------|-----|--------------------------------------|
| #0 | The 11th Mississippi Infantry Monument     | is located  | -                            | in the municipality of Gettysburg in Adams County, Pennsylvania | -   | -                                    |
| #1 | Adams County, Pennsylvania                | sits north  | -                            | of Carroll County, Maryland | -   | -                                    |
| #2 | Adams County, Pennsylvania                | sits south  | -                            | of Cumberland County | -   | -                                    |
| #3 | The 11th Mississippi Infantry Monument     | was established | -                        | -     | in  | the year 2000                         |
| #4 | The 11th Mississippi Infantry Monument     | falls under | the category of Contributing property | -     | -   | -                                    |","# Output
| id | sbj                                      | pred        | obj_d                        | obj_i | sig | adv/cl/comp/sent            |
|----|------------------------------------------|-------------|------------------------------|-------|-----|-----------------------------|
| #0 | The 11th Mississippi Infantry Monument   | is located  | -                            | in the municipality of Gettysburg in Adams County, Pennsylvania | -   | -                           |
| #1 | The municipality of Gettysburg           | sits        | -                            | north of Carroll County, Maryland | and | south of Cumberland County  |
| #2 | The 11th Mississippi Infantry Monument   | was established | -                          | -     | in  | the year 2000               |
| #3 | The 11th Mississippi Infantry Monument   | falls under | the category of Contributing property | - | -   | -                           |"
reference2,64,"Following the albums, Let it Breed and Love American Style, Turn me on was released at a length of 35 minutes and 10 seconds.","| id | sbj         | pred     | obj_d       | obj_i | sig | adv/cl/comp/sent |
|----|-------------|----------|-------------|-------|-----|-----------------|
| #0 | Let it Breed | was released | -           | -     | -   | -               |
| #1 | Love American Style | was released | -           | -     | -   | -               |
| #2 | Turn me on  | was released | -           | -     | at  | a length of 35 minutes and 10 seconds |","| id | sbj          | pred     | obj_d       | obj_i | sig | adv/cl/comp/sent |
|----|--------------|----------|-------------|-------|-----|------------------|
| #0 | Let it Breed | was followed by | Love American Style | -     | -   | -                |
| #1 | Love American Style | was followed by | Turn me on | -     | -   | -                |
| #2 | Turn me on   | was released | -           | -     | at  | a length of 35 minutes and 10 seconds |","| id | sbj | pred | obj_d | obj_i | sig | adv/cl/comp/sent |
|----|-----|------|-------|-------|-----|-----------------|
| #0 | Turn me on | was released | - | - | following | the albums Let it Breed and Love American Style |
| #1 | Turn me on | has length | 35 minutes and 10 seconds | - | - | - |
| #2 | the albums | are | Let it Breed and Love American Style | - | - | - |"
reference2,65,The artist of the Turn Me On album is the Honeymoon Killers.,"| id | sbj | pred | obj_d | obj_i | sig | adv/cl/comp/sent |
| - | - | - | - | - | - | - |
| #0 | the artist of the Turn Me On album | is | the Honeymoon Killers | - | - | - |","| id | sbj | pred | obj_d | obj_i | sig | adv/cl/comp/sent |
| - | - | - | - | - | - | - |
| #0 | the Honeymoon Killers | is the artist of | the Turn Me On album | - | - | - |","| id | sbj | pred | obj_d | obj_i | sig | adv/cl/comp/sent |
| - | - | - | - | - | - | - |
| #0 | the Honeymoon Killers | is | the artist | of the Turn Me On album | - | - |"
reference2,66,"The 11th Mississippi Infantry Monument is categorized as a Contributing Property and is located in the municipality of Gettysburg, Adams County, Pennsylvania, USA. Adams County has Carroll County, Maryland to its southeast and Cumberland County, Pennsylvania to its north.","| id | sbj | pred | is located in | obj_d | obj_i | sig | adv/cl/comp/sent |
| - | - | - | - | - | - | - | - |
| #0 | The 11th Mississippi Infantry Monument | is categorized as | a Contributing Property | - | - | - | - |
| #1 | The 11th Mississippi Infantry Monument | is located in | - | the municipality of Gettysburg, Adams County, Pennsylvania, USA | - | - | - |
| #2 | Adams County | has | Carroll County, Maryland | - | to its southeast | - | - |
| #3 | Adams County | has | Cumberland County, Pennsylvania | - | to its north | - | - |","| id | sbj | pred | obj_d | obj_i | sig | adv/cl/comp/sent |
|----|-----|------|-------|-------|-----|-----------------|
| #0 | The 11th Mississippi Infantry Monument | is categorized as | a Contributing Property | - | - | - |
| #1 | The 11th Mississippi Infantry Monument | is located in | the municipality of Gettysburg, Adams County, Pennsylvania, USA | - | - | - |
| #2 | Adams County | has | Carroll County, Maryland | to its southeast | - | - |
| #3 | Adams County | has | Cumberland County, Pennsylvania | to its north | - | - |","| id | sbj | pred | is located in | obj_d | obj_i | sig | adv/cl/comp/sent |
| - | - | - | - | - | - | - | - |
| #0 | The 11th Mississippi Infantry Monument | is categorized as | a Contributing Property | - | - | - | - |
| #1 | The 11th Mississippi Infantry Monument | is located in | the municipality of Gettysburg, Adams County, Pennsylvania, USA | - | - | - | - |
| #2 | Adams County | has | Carroll County, Maryland | to its southeast | - | - | - |
| #3 | Adams County | has | Cumberland County, Pennsylvania | to its north | - | - | - |"
reference2,67,The song Imagine belongs to the musician John Lennon.,"| id | sbj | pred | obj_d | obj_i | sig | adv/cl/comp/sent |
| - | - | - | - | - | - | - |
| #0 | The song Imagine | belongs to | - | the musician John Lennon | - | - |","# Output
| id | sbj | pred | obj_d | obj_i | sig | adv/cl/comp/sent |
| - | - | - | - | - | - | - |
| #0 | The song Imagine | belongs to | - | the musician John Lennon | - | - |","# Output
| id | sbj | pred | obj_d | obj_i | sig | adv/cl/comp/sent |
| - | - | - | - | - | - | - |
| #0 | The song Imagine | belongs to | John Lennon | - | - | - |
| #1 | John Lennon | is a musician | - | - | - | - |"
reference2,68,"The Acharya Institute of Technology is located in India and is affiliated to Visvesvaraya Technological University. The All India Council for Technical Education which is located in Mumbai gave the institute Technical Campus status. The address for the campus is: Soldevanahalli, Acharya Dr. Sarvapalli Radhakrishnan Road, Hessarghatta Main Road, Bangalore - 560090.","# Output
| id | sbj | pred | obj_d | obj_i | sig | adv/cl/comp/sent |
| - | - | - | - | - | - | - |
| #0 | The Acharya Institute of Technology | is located | - | in India | and | #1 |
| #1 | The Acharya Institute of Technology | is affiliated | - | to Visvesvaraya Technological University | - | - |
| #2 | The All India Council for Technical Education | is located | - | in Mumbai | - | - |
| #3 | The All India Council for Technical Education | gave | Technical Campus status | to the institute | - | - |
| #4 | The campus | has address | Soldevanahalli, Acharya Dr. Sarvapalli Radhakrishnan Road, Hessarghatta Main Road, Bangalore - 560090 | - | - | - |","# Output
| id | sbj | pred | obj_d | obj_i | sig | adv/cl/comp/sent |
| - | - | - | - | - | - | - |
| #0 | The Acharya Institute of Technology | is located | - | in India | and | #1 |
| #1 | The Acharya Institute of Technology | is affiliated | - | to Visvesvaraya Technological University | - | - |
| #2 | The All India Council for Technical Education | is located | - | in Mumbai | - | - |
| #3 | The All India Council for Technical Education | gave | Technical Campus status | to the institute | - | - |
| #4 | The campus | has address | Soldevanahalli, Acharya Dr. Sarvapalli Radhakrishnan Road, Hessarghatta Main Road, Bangalore - 560090 | - | - | - |","# Output
| id | sbj | pred | obj_d | obj_i | sig | adv/cl/comp/sent |
| - | - | - | - | - | - | - |
| #0 | The Acharya Institute of Technology | is located | - | in India | and | #1 |
| #1 | The Acharya Institute of Technology | is affiliated | - | to Visvesvaraya Technological University | - | - |
| #2 | The All India Council for Technical Education | is located | - | in Mumbai | - | - |
| #3 | The All India Council for Technical Education | gave | Technical Campus status | to the institute | - | - |
| #4 | The campus | has address | Soldevanahalli, Acharya Dr. Sarvapalli Radhakrishnan Road, Hessarghatta Main Road, Bangalore - 560090 | - | - | - |"
reference2,69,"Bionico is a good dessert option found in Mexico. The tourist can use his remaining Mexican pesos, the Mexican currency, to buy it or another dessert called Sandesh.","| id | sbj | pred | obj_d | obj_i | sig | adv/cl/comp/sent |
| - | - | - | - | - | - | - |
| #0 | Bionico | is | a good dessert option | - | - | - |
| #1 | Bionico | is found | - | in Mexico | - | - |
| #2 | the tourist | can use | his remaining Mexican pesos | to buy Bionico or another dessert called Sandesh | - | - |
| #3 | Mexican pesos | are | the Mexican currency | - | - | - |
| #4 | Sandesh | is | another dessert | - | - | - |
| #5 | the tourist | can buy | Bionico or Sandesh | - | - | - |
| #6 | the tourist | has | Mexican pesos | - | - | - |
| #7 | the tourist | can use | his remaining Mexican pesos | - | - | - |","| id | sbj | pred | obj_d | obj_i | sig | adv/cl/comp/sent |
| - | - | - | - | - | - | - |
| #0 | Bionico | is found | - | in Mexico | - | - |
| #1 | Bionico | is | a good dessert option | - | - | - |
| #2 | the tourist | can use | his remaining Mexican pesos | to buy Bionico or another dessert called Sandesh | - | - |
| #3 | Mexican pesos | are | the Mexican currency | - | - | - |
| #4 | Sandesh | is | another dessert | - | - | - |
| #5 | the tourist | can buy | Sandesh | - | - | - |","| id | sbj | pred | obj_d | obj_i | sig | adv/cl/comp/sent |
|----|-----|------|-------|-------|-----|------------------|
| #0 | Bionico | is | a good dessert option | - | - | - |
| #1 | Bionico | is found | - | in Mexico | - | - |
| #2 | the tourist | can use | his remaining Mexican pesos | to buy Bionico or another dessert called Sandesh | - | - |
| #3 | Mexican pesos | are | the Mexican currency | - | - | - |
| #4 | Sandesh | is | another dessert | - | - | - |"
reference2,70,"The headquarters of the BBC is called Broadcasting house. The BBC showed a tv series titled, Bananaman, which was created by Steve Bright and starred Bill Oddie, who was born in Lancashire.","| id | sbj | pred | obj_d | obj_i | sig | adv/cl/comp/sent |
| - | - | - | - | - | - | - |
| #0 | The headquarters of the BBC | is called | Broadcasting house | - | - | - |
| #1 | The BBC | showed | a tv series | - | titled | Bananaman |
| #2 | Bananaman | was created | by Steve Bright | - | - | - |
| #3 | Bananaman | starred | Bill Oddie | - | - | - |
| #4 | Bill Oddie | was born | - | in Lancashire | - | - |","| id | sbj | pred | obj_d | obj_i | sig | adv/cl/comp/sent |
| - | - | - | - | - | - | - |
| #0 | The headquarters of the BBC | is called | Broadcasting House | - | - | - |
| #1 | The BBC | showed | a tv series | - | titled | Bananaman |
| #2 | Bananaman | was created by | Steve Bright | - | - | - |
| #3 | Bananaman | starred | Bill Oddie | - | - | - |
| #4 | Bill Oddie | was born | - | in Lancashire | - | - |","# Output
| id | sbj | pred | obj_d | obj_i | sig | adv/cl/comp/sent |
| - | - | - | - | - | - | - |
| #0 | The headquarters of the BBC | is called | Broadcasting house | - | - | - |
| #1 | The BBC | showed | a tv series | - | titled | Bananaman |
| #2 | Bananaman | was created by | Steve Bright | - | - | - |
| #3 | Bananaman | starred | Bill Oddie | - | - | - |
| #4 | Bill Oddie | was born | - | in Lancashire | - | - |"
reference2,72,"Lady Anne Monson whose nationality is English resides in India was born in Darlington, Kingdom of England on 1st of January 1726 and died on 18th of February 1776.","| id | sbj             | pred        | obj_d | obj_i | sig | adv/cl/comp/sent       |
|----|-----------------|-------------|-------|-------|-----|------------------------|
| #0 | Lady Anne Monson| resides     | -     | in India | - | -                      |
| #1 | Lady Anne Monson| was born    | -     | in Darlington, Kingdom of England | on | 1st of January 1726 |
| #2 | Lady Anne Monson| died        | -     | on | 18th of February 1776          |
| #3 | Lady Anne Monson| has nationality | English | - | - | -                      |
| #4 | Darlington      | is in       | Kingdom of England | - | - | -                  |","| id | sbj             | pred        | obj_d | obj_i | sig | adv/cl/comp/sent         |
|----|-----------------|-------------|-------|-------|-----|--------------------------|
| #0 | Lady Anne Monson| resides     | -     | in India | -   | -                        |
| #1 | Lady Anne Monson| was born    | -     | in Darlington, Kingdom of England | on | 1st of January 1726 |
| #2 | Lady Anne Monson| died        | -     | -     | on | 18th of February 1776    |
| #3 | Lady Anne Monson| has nationality | English | - | - | -                        |","| id | sbj             | pred        | obj_d | obj_i | sig | adv/cl/comp/sent         |
|----|-----------------|-------------|-------|-------|-----|--------------------------|
| #0 | Lady Anne Monson| resides     | -     | in India | -   | -                        |
| #1 | Lady Anne Monson| was born    | -     | in Darlington, Kingdom of England | on | 1st of January 1726 |
| #2 | Lady Anne Monson| died        | -     | on | 18th of February 1776       |
| #3 | Lady Anne Monson| has nationality | English | - | - | -                        |"
reference2,73,"The Pontiac Rageous, a coupe body style car that was first produced in 1997, was manufactured by Pontiac and assembled in Detroit, Michigan. The last production of the Pontiac Rageous was in 1997.","| id | sbj | pred | obj_d | obj_i | sig | adv/cl/comp/sent |
| - | - | - | - | - | - | - |
| #0 | The Pontiac Rageous | was | a coupe body style car | - | - | - |
| #1 | The Pontiac Rageous | was first produced | - | - | in | 1997 |
| #2 | Pontiac | manufactured | The Pontiac Rageous | - | - | - |
| #3 | The Pontiac Rageous | was assembled | - | in Detroit, Michigan | - | - |
| #4 | The last production of the Pontiac Rageous | was | - | - | in | 1997 |","| id | sbj | pred | obj_d | obj_i | sig | adv/cl/comp/sent |
| - | - | - | - | - | - | - |
| #0 | The Pontiac Rageous | is | a coupe body style car | - | - | - |
| #1 | The Pontiac Rageous | was first produced | - | in | 1997 |
| #2 | Pontiac | manufactured | The Pontiac Rageous | - | - | - |
| #3 | The Pontiac Rageous | was assembled | - | in | Detroit, Michigan |
| #4 | The last production of the Pontiac Rageous | was | - | in | 1997 |","| id | sbj | pred | obj_d | obj_i | sig | adv/cl/comp/sent |
| - | - | - | - | - | - | - |
| #0 | The Pontiac Rageous | is | a coupe body style car | - | - | - |
| #1 | The Pontiac Rageous | was first produced | - | in | 1997 |
| #2 | Pontiac | manufactured | The Pontiac Rageous | - | - | - |
| #3 | The Pontiac Rageous | was assembled | - | in | Detroit, Michigan |
| #4 | The last production of the Pontiac Rageous | was | - | in | 1997 |"
reference2,74,"The Honeymoon Killers, also associated with the band Pussy Galore, produced the album 'Turn Me On'.","| id | sbj                  | pred     | obj_d            | obj_i | sig | adv/cl/comp/sent |
|----|----------------------|----------|------------------|-------|-----|------------------|
| #0 | The Honeymoon Killers | produced | the album 'Turn Me On' | -     | -   | -                |
| #1 | The Honeymoon Killers | are associated with | the band Pussy Galore | -     | also | -                |","| id | sbj                  | pred      | obj_d             | obj_i | sig | adv/cl/comp/sent |
|----|----------------------|-----------|-------------------|-------|-----|------------------|
| #0 | The Honeymoon Killers | produced  | the album 'Turn Me On' | -     | -   | -                |
| #1 | The Honeymoon Killers | is associated with | the band Pussy Galore | -     | also | -                |","| id | sbj                  | pred      | obj_d            | obj_i | sig | adv/cl/comp/sent |
|----|----------------------|-----------|------------------|-------|-----|------------------|
| #0 | The Honeymoon Killers | produced  | the album 'Turn Me On' | -     | -   | -                |
| #1 | The Honeymoon Killers | are associated with | the band Pussy Galore | - | also | -                |"
reference2,75,Bionico (served at the dessert course) is a food found in Guadalajara Mexico. The currency in Mexico is the peso inhabited by the Mexicans. Cookie is a type of dessert.,"| id | sbj | pred | obj_d | obj_i | sig | adv/cl/comp/sent |
|----|-----|------|-------|-------|-----|-----------------|
| #0 | Bionico | is served | - | at the dessert course | - | - |
| #1 | Bionico | is | a food | - | in | Guadalajara Mexico |
| #2 | Mexico | has currency | the peso | - | - | - |
| #3 | Mexico | is inhabited | - | by the Mexicans | - | - |
| #4 | Cookie | is | a type of dessert | - | - | - |","| id | sbj  | pred     | obj_d  | obj_i | sig   | adv/cl/comp/sent |
|----|------|----------|--------|-------|-------|------------------|
| #0 | Bionico | is | a food | - | in | Guadalajara Mexico |
| #1 | Bionico | is served | - | at the dessert course | - | - |
| #2 | Mexico | has currency | the peso | - | - | - |
| #3 | Mexico | is inhabited | by the Mexicans | - | - | - |
| #4 | Cookie | is | a type of dessert | - | - | - |","| id | sbj | pred | obj_d | obj_i | sig | adv/cl/comp/sent |
|----|-----|------|-------|-------|-----|-----------------|
| #0 | Bionico | is | a food | - | - | - |
| #1 | Bionico | is served | - | at the dessert course | - | - |
| #2 | Bionico | is found | - | in Guadalajara Mexico | - | - |
| #3 | Mexico | has currency | the peso | - | - | - |
| #4 | Mexico | is inhabited | - | by the Mexicans | - | - |
| #5 | Cookie | is | a type of dessert | - | - | - |"
reference2,76,Turn Me On is a punk blues album of the musical genre known as noise rock.,"| id | sbj | pred | obj_d | obj_i | sig | adv/cl/comp/sent |
| - | - | - | - | - | - | - |
| #0 | Turn Me On | is | a punk blues album | - | - | - |
| #1 | Turn Me On | is of | the musical genre | - | known as | noise rock |","| id | sbj | pred | obj_d | obj_i | sig | adv/cl/comp/sent |
| - | - | - | - | - | - | - |
| #0 | Turn Me On | is | a punk blues album | - | - | - |
| #1 | Turn Me On | is of | the musical genre | - | known as | noise rock |","| id | sbj | pred | obj_d | obj_i | sig | adv/cl/comp/sent |
| - | - | - | - | - | - | - |
| #0 | Turn Me On | is | a punk blues album | - | - | - |
| #1 | Turn Me On | is of | the musical genre | - | known as | noise rock |"
reference2,77,"Piotr Hallmann, born in Gdynia, Poland on the 25th of August 1987, is 175.26 cm tall.","| id | sbj           | pred      | obj_d | obj_i | sig | adv/cl/comp/sent         |
|----|---------------|-----------|-------|-------|-----|--------------------------|
| #0 | Piotr Hallmann| was born  | -     | in Gdynia, Poland | on | the 25th of August 1987 |
| #1 | Piotr Hallmann| is        | 175.26 cm tall | -    | -   | -                        |","| id | sbj          | pred     | obj_d | obj_i | sig | adv/cl/comp/sent          |
|----|--------------|----------|-------|-------|-----|---------------------------|
| #0 | Piotr Hallmann | was born | -     | in Gdynia, Poland | on | the 25th of August 1987 |
| #1 | Piotr Hallmann | is       | 175.26 cm tall | -     | -   | -                         |","| id | sbj           | pred   | obj_d | obj_i | sig | adv/cl/comp/sent |
|----|---------------|--------|-------|-------|-----|------------------|
| #0 | Piotr Hallmann | was born | -     | in Gdynia, Poland | on | the 25th of August 1987 |
| #1 | Piotr Hallmann | is      | 175.26 cm tall | -     | -   | -                    |"
reference2,78,"Israel's long name is ""State of Israel"".","| id | sbj   | pred    | obj_d            | obj_i | sig | adv/cl/comp/sent |
|----|-------|---------|------------------|-------|-----|------------------|
| #0 | Israel | has long name | ""State of Israel"" | -     | -   | -                |","| id | sbj | pred | obj_d | obj_i | sig | adv/cl/comp/sent |
|----|-----|------|-------|-------|-----|-----------------|
| #0 | Israel | has long name | ""State of Israel"" | - | - | - |","| id | sbj   | pred        | obj_d             | obj_i | sig | adv/cl/comp/sent |
|----|-------|-------------|-------------------|-------|-----|------------------|
| #0 | Israel | has long name | ""State of Israel"" |       |     |                  |"
reference2,79,"The coupe, the Pontiac Rageous, was first and last made in 1997 by Pontiac.","| id | sbj | pred | obj_d | obj_i | sig | adv/cl/comp/sent |
|----|-----|------|-------|-------|-----|-----------------|
| #0 | the Pontiac Rageous | was first and last made | - | by Pontiac | in | 1997 |","| id | sbj                | pred        | obj_d            | obj_i | sig | adv/cl/comp/sent |
|----|--------------------|-------------|------------------|-------|-----|------------------|
| #0 | the Pontiac Rageous | was made    | -                | by Pontiac | -   | in 1997          |
| #1 | the Pontiac Rageous | was first made | -              | by Pontiac | -   | in 1997          |
| #2 | the Pontiac Rageous | was last made  | -              | by Pontiac | -   | in 1997          |","| id | sbj | pred | obj_d | obj_i | sig | adv/cl/comp/sent |
| - | - | - | - | - | - | - |
| #0 | the Pontiac Rageous | was first and last made | - | by Pontiac | in | 1997 |
| #1 | the Pontiac Rageous | is a | coupe | - | - | - |"
reference2,80,"English Without Tears, directed by Harold French, features music composed by Nicholas Brodszky.","| id | sbj | pred | obj_d | obj_i | sig | adv/cl/comp/sent |
|----|-----|------|-------|-------|-----|-----------------|
| #0 | English Without Tears | is directed by | Harold French | - | - | - |
| #1 | English Without Tears | features | music | - | - | #2 |
| #2 | music | is composed by | Nicholas Brodszky | - | - | - |","| id | sbj | pred | obj_d | obj_i | sig | adv/cl/comp/sent |
|----|-----|------|-------|-------|-----|-----------------|
| #0 | English Without Tears | is directed by | Harold French | - | - | - |
| #1 | English Without Tears | features | music | - | - | #2 |
| #2 | music | is composed by | Nicholas Brodszky | - | - | - |","| id | sbj | pred | obj_d | obj_i | sig | adv/cl/comp/sent |
| - | - | - | - | - | - | - |
| #0 | English Without Tears | is directed by | Harold French | - | - | - |
| #1 | English Without Tears | features | music | - | composed by | Nicholas Brodszky |"
reference2,81,Olga Bondareva was born in Soviet Leningrad and died on 9 December 1991 in Saint Petersburg. She was an economist and was a known professional in the field of Mathematics.,"| id | sbj           | pred       | obj_d    | obj_i | sig | adv/cl/comp/sent           |
|----|---------------|------------|----------|-------|-----|----------------------------|
| #0 | Olga Bondareva | was born   | -        | in Soviet Leningrad | -   | -                          |
| #1 | Olga Bondareva | died       | -        | on 9 December 1991 | in  | Saint Petersburg           |
| #2 | Olga Bondareva | was        | an economist | -   | -   | -                          |
| #3 | Olga Bondareva | was        | a known professional | -   | in  | the field of Mathematics   |","| id | sbj           | pred      | obj_d     | obj_i | sig | adv/cl/comp/sent         |
|----|---------------|-----------|-----------|-------|-----|--------------------------|
| #0 | Olga Bondareva | was born  | -         | in Soviet Leningrad | -   | -                        |
| #1 | Olga Bondareva | died      | -         | on 9 December 1991 in Saint Petersburg | -   | -                        |
| #2 | Olga Bondareva | was       | an economist | -   | -   | -                        |
| #3 | Olga Bondareva | was       | a known professional | in the field of Mathematics | -   | -                        |","| id | sbj          | pred      | obj_d | obj_i | sig | adv/cl/comp/sent        |
|----|--------------|-----------|-------|-------|-----|-------------------------|
| #0 | Olga Bondareva | was born  | -     | in Soviet Leningrad | -   | -                       |
| #1 | Olga Bondareva | died      | -     | on 9 December 1991 in Saint Petersburg | -   | -                       |
| #2 | Olga Bondareva | was       | an economist | - | and | was a known professional in the field of Mathematics |"
reference2,82,"The Alan B Miller Hall is located in Virginia, USA at 101 Ukrop Way and was designed by Robert A.M. Stern while being owned by The College of William and Mary. The building began construction on 30/03/2007 and is now occupied by The Mason School of Business.","| id | sbj | pred | obj_d | obj_i | sig | adv/cl/comp/sent |
| - | - | - | - | - | - | - |
| #0 | The Alan B Miller Hall | is located | - | in Virginia, USA | at | 101 Ukrop Way |
| #1 | The Alan B Miller Hall | was designed | - | by | Robert A.M. Stern |
| #2 | The Alan B Miller Hall | is owned | - | by | The College of William and Mary |
| #3 | The Alan B Miller Hall | began construction | - | on | 30/03/2007 |
| #4 | The Alan B Miller Hall | is now occupied | - | by | The Mason School of Business |","| id | sbj | pred | obj_d | obj_i | sig | adv/cl/comp/sent |
| - | - | - | - | - | - | - |
| #0 | The Alan B Miller Hall | is located | - | in Virginia, USA | at | 101 Ukrop Way |
| #1 | The Alan B Miller Hall | was designed | - | by | Robert A.M. Stern |
| #2 | The Alan B Miller Hall | is owned | - | by | The College of William and Mary |
| #3 | The Alan B Miller Hall | began construction | - | on | 30/03/2007 |
| #4 | The Alan B Miller Hall | is now occupied | - | by | The Mason School of Business |","| id | sbj | pred | obj_d | obj_i | sig | adv/cl/comp/sent |
| - | - | - | - | - | - | - |
| #0 | The Alan B Miller Hall | is located | - | in Virginia, USA | at | 101 Ukrop Way |
| #1 | The Alan B Miller Hall | was designed | - | by | Robert A.M. Stern |
| #2 | The Alan B Miller Hall | is owned | - | by | The College of William and Mary |
| #3 | The Alan B Miller Hall | began construction | - | on | 30/03/2007 |
| #4 | The Alan B Miller Hall | is occupied | - | by | The Mason School of Business |"
reference2,83,"The American band, the Honeymoon Killers, self-produced its album called Turn Me On.","| id | sbj                  | pred         | obj_d     | obj_i | sig | adv/cl/comp/sent |
|----|----------------------|--------------|-----------|-------|-----|------------------|
| #0 | the Honeymoon Killers | self-produced | its album | -     | -   | -                |
| #1 | its album            | is called    | Turn Me On | -     | -   | -                |","# Output
| id | sbj                    | pred          | obj_d         | obj_i | sig | adv/cl/comp/sent |
|----|------------------------|---------------|---------------|-------|-----|------------------|
| #0 | the Honeymoon Killers  | self-produced | its album     | -     | -   | -                |
| #1 | its album              | is called     | Turn Me On    | -     | -   | -                |
| #2 | the Honeymoon Killers  | is            | an American band | -  | -   | -                |","# Output
| id | sbj                 | pred          | obj_d      | obj_i | sig | adv/cl/comp/sent |
|----|---------------------|---------------|------------|-------|-----|------------------|
| #0 | the Honeymoon Killers | self-produced | its album  | -     | -   | -                |
| #1 | its album           | is called     | Turn Me On | -     | -   | -                |"
reference2,84,Eric Flint wrote 1634: The Bavarian Crisis which contains 448 pages.,"| id | sbj       | pred  | obj_d                    | obj_i | sig | adv/cl/comp/sent |
|----|-----------|-------|--------------------------|-------|-----|-----------------|
| #0 | Eric Flint | wrote | 1634: The Bavarian Crisis | -     | -   | -               |
| #1 | 1634: The Bavarian Crisis | contains | 448 pages | -     | -   | -               |","| id | sbj       | pred  | obj_d                    | obj_i | sig | adv/cl/comp/sent |
|----|-----------|-------|--------------------------|-------|-----|-----------------|
| #0 | Eric Flint | wrote | 1634: The Bavarian Crisis | -     | -   | -               |
| #1 | 1634: The Bavarian Crisis | contains | 448 pages | -     | -   | -               |","| id | sbj       | pred     | obj_d                     | obj_i | sig | adv/cl/comp/sent |
|----|-----------|----------|---------------------------|-------|-----|-----------------|
| #0 | Eric Flint | wrote    | 1634: The Bavarian Crisis | -     | -   | -               |
| #1 | 1634: The Bavarian Crisis | contains | 448 pages             | -     | -   | -               |"
reference2,85,"Hypermarcas, with yearly earnings of 1800000000, has a net income of 108,600,000 and employs 10252 people. The company produces cosmetics and sells healthcare products.","| id | sbj        | pred       | obj_d              | obj_i | sig | adv/cl/comp/sent |
|----|------------|------------|--------------------|-------|-----|------------------|
| #0 | Hypermarcas | has        | yearly earnings    | -     | of  | 1800000000       |
| #1 | Hypermarcas | has        | a net income       | -     | of  | 108,600,000      |
| #2 | Hypermarcas | employs    | 10252 people       | -     | -   | -                |
| #3 | Hypermarcas | produces   | cosmetics          | -     | -   | -                |
| #4 | Hypermarcas | sells      | healthcare products| -     | -   | -                |","| id | sbj       | pred         | obj_d                 | obj_i | sig | adv/cl/comp/sent |
|----|-----------|--------------|-----------------------|-------|-----|------------------|
| #0 | Hypermarcas | has          | yearly earnings       | -     | of  | 1800000000       |
| #1 | Hypermarcas | has          | a net income          | -     | of  | 108,600,000      |
| #2 | Hypermarcas | employs      | 10252 people          | -     | -   | -                |
| #3 | Hypermarcas | produces     | cosmetics             | -     | -   | -                |
| #4 | Hypermarcas | sells        | healthcare products   | -     | -   | -                |","| id | sbj        | pred        | obj_d                | obj_i | sig | adv/cl/comp/sent |
|----|------------|-------------|----------------------|-------|-----|------------------|
| #0 | Hypermarcas | has         | yearly earnings      | -     | of  | 1800000000       |
| #1 | Hypermarcas | has         | a net income         | -     | of  | 108,600,000      |
| #2 | Hypermarcas | employs     | 10252 people         | -     | -   | -                |
| #3 | Hypermarcas | produces    | cosmetics            | -     | -   | -                |
| #4 | Hypermarcas | sells       | healthcare products  | -     | -   | -                |"
reference2,86,"Ciudad Ayala is a city with a population density of 1604, a metropolitan population of 1777539 and has a leader title of City Manager.","| id | sbj           | pred                | obj_d                 | obj_i | sig | adv/cl/comp/sent |
|----|---------------|---------------------|-----------------------|-------|-----|------------------|
| #0 | Ciudad Ayala  | is                  | a city                |       |     |                  |
| #1 | Ciudad Ayala  | has population density | 1604                |       |     |                  |
| #2 | Ciudad Ayala  | has metropolitan population | 1777539         |       |     |                  |
| #3 | Ciudad Ayala  | has leader title    | City Manager          |       |     |                  |","| id | sbj          | pred                  | obj_d                | obj_i | sig | adv/cl/comp/sent |
|----|--------------|-----------------------|----------------------|-------|-----|------------------|
| #0 | Ciudad Ayala | is                    | a city               |       |     |                  |
| #1 | Ciudad Ayala | has                   | a population density | of 1604 |     |                  |
| #2 | Ciudad Ayala | has                   | a metropolitan population | of 1777539 |     |                  |
| #3 | Ciudad Ayala | has                   | a leader title       |       |     |                  |
| #4 | City Manager | is                    | the leader title     | of Ciudad Ayala |     |                  |","| id | sbj          | pred                  | obj_d | obj_i | sig | adv/cl/comp/sent |
|----|--------------|-----------------------|-------|-------|-----|------------------|
| #0 | Ciudad Ayala | is                    | a city | -     | with | a population density of 1604 |
| #1 | Ciudad Ayala | has                   | a population density | of 1604 | - | - |
| #2 | Ciudad Ayala | has                   | a metropolitan population | of 1777539 | - | - |
| #3 | Ciudad Ayala | has                   | a leader title | of City Manager | - | - |"
reference2,87,Reggae has its stylistic origin in rhythm and blues.,"| id | sbj  | pred                  | obj_d | obj_i | sig | adv/cl/comp/sent |
|----|------|-----------------------|-------|-------|-----|------------------|
| #0 | Reggae | has stylistic origin | -     | in    | rhythm and blues  |","# Output
| id | sbj   | pred                  | obj_d                | obj_i | sig | adv/cl/comp/sent |
|----|-------|-----------------------|----------------------|-------|-----|------------------|
| #0 | Reggae| has stylistic origin  | in rhythm and blues  |       |     |                  |","| id | sbj  | pred                | obj_d            | obj_i | sig | adv/cl/comp/sent |
|----|------|---------------------|------------------|-------|-----|------------------|
| #0 | Reggae | has | its stylistic origin | in rhythm and blues | -   | -                |"
reference2,88,The parent company of GMA New Media is the GMA Network.,"# Output
| id | sbj                | pred     | obj_d         | obj_i | sig | adv/cl/comp/sent |
|----|--------------------|----------|---------------|-------|-----|------------------|
| #0 | GMA New Media      | has      | parent company | -     | -   | -                |
| #1 | the parent company | is       | GMA Network    | -     | of  | GMA New Media    |","# Output
| id | sbj                | pred          | obj_d         | obj_i | sig | adv/cl/comp/sent |
|----|--------------------|---------------|---------------|-------|-----|------------------|
| #0 | GMA New Media      | has parent company | GMA Network |       |     |                  |","# Output
| id | sbj                | pred      | obj_d         | obj_i | sig | adv/cl/comp/sent |
|----|--------------------|-----------|---------------|-------|-----|------------------|
| #0 | GMA New Media      | has parent company | GMA Network | -     | -   | -                |"
reference2,89,"Lady Anne Monson was born in Winchester, the capital of the Kingdom of England.","| id | sbj             | pred  | obj_d | obj_i | sig | adv/cl/comp/sent        |
|----|-----------------|-------|-------|-------|-----|-------------------------|
| #0 | Lady Anne Monson | was born | -     | in Winchester | -   | -                       |
| #1 | Winchester      | is    | the capital | of the Kingdom of England | -   | -                       |","| id | sbj             | pred  | obj_d | obj_i | sig | adv/cl/comp/sent            |
|----|-----------------|-------|-------|-------|-----|-----------------------------|
| #0 | Lady Anne Monson | was born | -     | in Winchester | -   | -                           |
| #1 | Winchester       | is     | the capital | of the Kingdom of England | -   | -                           |","| id | sbj             | pred     | obj_d | obj_i | sig | adv/cl/comp/sent            |
|----|-----------------|----------|-------|-------|-----|-----------------------------|
| #0 | Lady Anne Monson| was born | -     | in    | -   | Winchester, the capital of the Kingdom of England |"
reference2,90,"The album Bootleg Series Volume 1: The Quine Tapes, which has a runtime of 230.05 minutes, was released on 10-16-2001.","| id | sbj | pred | obj_d | obj_i | sig | adv/cl/comp/sent |
|----|-----|------|-------|-------|-----|-----------------|
| #0 | The album Bootleg Series Volume 1: The Quine Tapes | was released | - | - | on | 10-16-2001 |
| #1 | The album Bootleg Series Volume 1: The Quine Tapes | has a runtime | 230.05 minutes | - | - | - |","| id | sbj | pred | obj_d | obj_i | sig | adv/cl/comp/sent |
|----|-----|------|-------|-------|-----|-----------------|
| #0 | The album Bootleg Series Volume 1: The Quine Tapes | was released | - | - | on | 10-16-2001 |
| #1 | The album Bootleg Series Volume 1: The Quine Tapes | has a runtime | 230.05 minutes | - | - | - |","| id | sbj | pred | obj_d | obj_i | sig | adv/cl/comp/sent |
|----|-----|------|-------|-------|-----|-----------------|
| #0 | The album Bootleg Series Volume 1: The Quine Tapes | was released | - | - | on | 10-16-2001 |
| #1 | The album Bootleg Series Volume 1: The Quine Tapes | has a runtime of | 230.05 minutes | - | - | - |"
reference2,91,The location of Bedford Aerodrome is Thurleigh which has a runway length of 1095.,"| id | sbj                | pred         | obj_d         | obj_i | sig | adv/cl/comp/sent |
|----|--------------------|--------------|---------------|-------|-----|------------------|
| #0 | Bedford Aerodrome | is located in | Thurleigh      | -     | -   | -                |
| #1 | Thurleigh          | has          | a runway length| of 1095| -   | -                |","| id | sbj               | pred        | obj_d          | obj_i | sig | adv/cl/comp/sent |
|----|-------------------|-------------|----------------|-------|-----|------------------|
| #0 | Bedford Aerodrome | is located   | -              | in    | Thurleigh          |
| #1 | Thurleigh         | has          | a runway length| of    | 1095               |","| id | sbj               | pred         | obj_d        | obj_i | sig | adv/cl/comp/sent |
|----|-------------------|--------------|--------------|-------|-----|------------------|
| #0 | Bedford Aerodrome | is located in | Thurleigh     | -     | -   | -                |
| #1 | Thurleigh         | has          | a runway      | -     | with| a length of 1095 |"
reference2,92,"Hypermarcas, a pharmaceutical drug producer located in Brazil, was founded January 1, 2001.","# Output
| id | sbj        | pred   | obj_d | obj_i | sig | adv/cl/comp/sent        |
|----|------------|--------|-------|-------|-----|-------------------------|
| #0 | Hypermarcas | was founded | -     | -    | on  | January 1, 2001        |
| #1 | Hypermarcas | is located | -     | in Brazil | - | -                   |
| #2 | Hypermarcas | is a producer | -     | -    | of | pharmaceutical drugs |","# Output
| id | sbj         | pred    | obj_d | obj_i | sig | adv/cl/comp/sent  |
|----|-------------|---------|-------|-------|-----|------------------|
| #0 | Hypermarcas | was founded | -     | -     | on  | January 1, 2001   |
| #1 | Hypermarcas | is located | -     | in Brazil | -   | -                |
| #2 | Hypermarcas | is a      | pharmaceutical drug producer | -     | -   | -                |","# Output
| id | sbj         | pred     | obj_d | obj_i | sig | adv/cl/comp/sent        |
|----|-------------|----------|-------|-------|-----|-------------------------|
| #0 | Hypermarcas | was founded | -     | -     | on  | January 1, 2001         |
| #1 | Hypermarcas | is located | -     | in Brazil | - | -                     |
| #2 | Hypermarcas | is a      | pharmaceutical drug producer | - | - | -       |"
reference2,93,It's Great to Be Young's composer Louis Levy was born on 1894-11-20.,"| id | sbj         | pred     | obj_d | obj_i | sig | adv/cl/comp/sent          |
|----|-------------|----------|-------|-------|-----|---------------------------|
| #0 | Louis Levy  | was born | -     | -     | on  | 1894-11-20                |
| #1 | Louis Levy  | is       | composer | of | It's Great to Be Young     |","| id | sbj         | pred      | obj_d | obj_i | sig | adv/cl/comp/sent       |
|----|-------------|-----------|-------|-------|-----|------------------------|
| #0 | Louis Levy  | was born  | -     | -     | on  | 1894-11-20             |
| #1 | Louis Levy  | is        | composer | of It's Great to Be Young | - | - |","| id | sbj          | pred      | obj_d | obj_i | sig | adv/cl/comp/sent |
|----|--------------|-----------|-------|-------|-----|------------------|
| #0 | Louis Levy   | was born  | -     | -     | on  | 1894-11-20       |
| #1 | Louis Levy   | is        | composer | -   | of  | It's Great to Be Young |"
reference2,94,"Born on January 1st, 1942, Brandon Carter is a graduate of the University of Cambridge known for the Penrose diagram.","| id | sbj             | pred          | obj_d                    | obj_i | sig  | adv/cl/comp/sent         |
|----|-----------------|---------------|--------------------------|-------|------|--------------------------|
| #0 | Brandon Carter  | was born      | -                        | -     | on   | January 1st, 1942        |
| #1 | Brandon Carter  | is a graduate | -                        | of    | the University of Cambridge |
| #2 | Brandon Carter  | is known      | for the Penrose diagram  | -     | -    | -                        |","| id | sbj            | pred       | obj_d                   | obj_i | sig | adv/cl/comp/sent        |
|----|----------------|------------|-------------------------|-------|-----|-------------------------|
| #0 | Brandon Carter | was born    | -                       | -     | on  | January 1st, 1942       |
| #1 | Brandon Carter | is a graduate | -                     | of the University of Cambridge | - | - |
| #2 | Brandon Carter | is known    | for the Penrose diagram | -     | -   | -                       |","| id | sbj           | pred      | obj_d                  | obj_i | sig | adv/cl/comp/sent     |
|----|---------------|-----------|------------------------|-------|-----|---------------------|
| #0 | Brandon Carter | was born  | -                      | -     | on  | January 1st, 1942   |
| #1 | Brandon Carter | is a graduate | -                  | of the University of Cambridge | - | - |
| #2 | Brandon Carter | is known  | for the Penrose diagram | -     | -   | -                   |"
reference2,96,"Founded in 2004 by Jonathan Palmer, MotorSport Vision is the operating organisation for the Thurleigh based Bedford Aerodrome.","| id | sbj             | pred         | obj_d                | obj_i | sig | adv/cl/comp/sent     |
|----|-----------------|--------------|----------------------|-------|-----|----------------------|
| #0 | MotorSport Vision | was founded  | -                    | -     | in  | 2004                 |
| #1 | MotorSport Vision | is           | the operating organisation | -     | for | the Thurleigh based Bedford Aerodrome |
| #2 | Jonathan Palmer  | founded      | MotorSport Vision    | -     | in  | 2004                 |","| id | sbj              | pred         | obj_d                  | obj_i | sig | adv/cl/comp/sent          |
|----|------------------|--------------|------------------------|-------|-----|---------------------------|
| #0 | MotorSport Vision| was founded  | -                      | -     | in  | 2004                      |
| #1 | Jonathan Palmer  | founded      | MotorSport Vision      | -     | -   | -                         |
| #2 | MotorSport Vision| is           | the operating organisation | - | for | the Thurleigh based Bedford Aerodrome |","| id | sbj               | pred        | obj_d                | obj_i | sig | adv/cl/comp/sent       |
|----|-------------------|-------------|----------------------|-------|-----|------------------------|
| #0 | MotorSport Vision | was founded | -                    | -     | in  | 2004                   |
| #1 | MotorSport Vision | was founded | -                    | by    | Jonathan Palmer         |
| #2 | MotorSport Vision | is          | the operating organisation | -     | for | the Thurleigh based Bedford Aerodrome |"
reference2,98,"Tom Simon directed the movie ""Death on a Factory Farm"" and also shared the production with Sarah Teale. The film was originally broadcasted on HBO. Geof Bartz edited the movie, and the film’s music was composed by Jamie Lawrence.","| id | sbj       | pred        | obj_d                     | obj_i | sig | adv/cl/comp/sent |
|----|-----------|-------------|---------------------------|-------|-----|------------------|
| #0 | Tom Simon | directed    | the movie ""Death on a Factory Farm"" | -     | -   | -                |
| #1 | Tom Simon | shared      | the production            | with Sarah Teale | -   | -                |
| #2 | the movie ""Death on a Factory Farm"" | was broadcasted | - | on HBO | originally | - |
| #3 | Geof Bartz | edited      | the movie ""Death on a Factory Farm"" | -     | -   | -                |
| #4 | Jamie Lawrence | composed | the film’s music         | for the movie ""Death on a Factory Farm"" | -   | -                |","| id | sbj | pred | obj_d | obj_i | sig | adv/cl/comp/sent |
| - | - | - | - | - | - | - |
| #0 | Tom Simon | directed | the movie ""Death on a Factory Farm"" | - | - | - |
| #1 | Tom Simon | shared | the production | with Sarah Teale | - | - |
| #2 | the movie ""Death on a Factory Farm"" | was originally broadcasted | - | on HBO | - | - |
| #3 | Geof Bartz | edited | the movie | - | - | - |
| #4 | the film’s music | was composed | - | by Jamie Lawrence | - | - |","| id | sbj         | pred       | obj_d                    | obj_i | sig | adv/cl/comp/sent |
|----|-------------|------------|--------------------------|-------|-----|------------------|
| #0 | Tom Simon   | directed   | the movie ""Death on a Factory Farm"" | -     | -   | -                |
| #1 | Tom Simon   | shared     | the production           | with Sarah Teale | -   | -                |
| #2 | the film    | was broadcasted | -                      | on HBO | -   | -                |
| #3 | Geof Bartz  | edited     | the movie                | -     | -   | -                |
| #4 | the film’s music | was composed | by Jamie Lawrence  | -     | -   | -                |"
reference2,99,Lady Anne Monson was born in England but had her residence in India which has total area of 3287590000000.0. Pranab Mukherjee was a leader of India.,"| id | sbj             | pred        | obj_d  | obj_i | sig | adv/cl/comp/sent |
|----|-----------------|-------------|--------|-------|-----|------------------|
| #0 | Lady Anne Monson | was born    | -      | in England | but | #1               |
| #1 | Lady Anne Monson | had her residence | - | in India | -   | -                |
| #2 | India            | has total area | 3287590000000.0 square meters | - | - | - |
| #3 | Pranab Mukherjee | was a leader | -      | of India | -   | -                |","| id | sbj             | pred     | obj_d   | obj_i | sig | adv/cl/comp/sent      |
|----|-----------------|----------|---------|-------|-----|-----------------------|
| #0 | Lady Anne Monson| was born | -       | in England | but | #1                  |
| #1 | Lady Anne Monson| had her residence | - | in India | - | -                    |
| #2 | India           | has total area | 3287590000000.0 | - | - | -                 |
| #3 | Pranab Mukherjee| was a leader | - | of India | - | -                       |","| id | sbj             | pred      | obj_d | obj_i | sig | adv/cl/comp/sent |
|----|-----------------|-----------|-------|-------|-----|------------------|
| #0 | Lady Anne Monson | was born  | -     | in England | but | #1              |
| #1 | Lady Anne Monson | had her residence | -     | in India | - | -              |
| #2 | India           | has total area | 3287590000000.0 | - | - | -              |
| #3 | Pranab Mukherjee | was a leader | -     | of India | - | -              |"
reference2,100,Music group the Velvet Underground released their Rock music album Bootleg Series Volume 1: The Quine Tapes on 2001-10-16. The album was released by record labels Polydor and Universal Music Group. It was preceded by the band’s album Squeeze.,"| id | sbj | pred | obj_d | obj_i | sig | adv/cl/comp/sent |
| - | - | - | - | - | - | - |
| #0 | the Velvet Underground | released | their Rock music album Bootleg Series Volume 1: The Quine Tapes | - | on | 2001-10-16 |
| #1 | the album Bootleg Series Volume 1: The Quine Tapes | was released by | record labels Polydor and Universal Music Group | - | - | - |
| #2 | the album Bootleg Series Volume 1: The Quine Tapes | was preceded by | the band’s album Squeeze | - | - | - |","| id | sbj | pred | obj_d | obj_i | sig | adv/cl/comp/sent |
| - | - | - | - | - | - | - |
| #0 | the Velvet Underground | released | their Rock music album Bootleg Series Volume 1: The Quine Tapes | - | on | 2001-10-16 |
| #1 | the album Bootleg Series Volume 1: The Quine Tapes | was released by | record labels Polydor and Universal Music Group | - | - | - |
| #2 | the album Bootleg Series Volume 1: The Quine Tapes | was preceded by | the band’s album Squeeze | - | - | - |","| id | sbj | pred | obj_d | obj_i | sig | adv/cl/comp/sent |
| - | - | - | - | - | - | - |
| #0 | the Velvet Underground | released | their Rock music album Bootleg Series Volume 1: The Quine Tapes | - | on | 2001-10-16 |
| #1 | the album | was released | - | by record labels Polydor and Universal Music Group | - | - |
| #2 | the album | was preceded by | the band’s album Squeeze | - | - | - |"
reference2,101,The band Train's record label is Warner Music Group.,"| id | sbj      | pred        | obj_d                | obj_i | sig | adv/cl/comp/sent |
|----|----------|-------------|----------------------|-------|-----|-----------------|
| #0 | Train    | has record label | Warner Music Group |       |     |                 |","| id | sbj       | pred      | obj_d                | obj_i | sig | adv/cl/comp/sent |
|----|-----------|-----------|----------------------|-------|-----|------------------|
| #0 | Train     | has       | Warner Music Group   | as record label | -   | -                |
| #1 | Train     | is signed | -                    | to Warner Music Group | -   | -                |","| id | sbj | pred | obj_d | obj_i | sig | adv/cl/comp/sent |
| - | - | - | - | - | - | - |
| #0 | The band Train | has record label | Warner Music Group | - | - | - |"
reference2,103,Aleksandr Prudnikov youth football club was FC Spartak Moscow and he also played for FC Terek Grozny located in Grozny and managed by Rashid Rakhimov. Aleksandr Prudnikov currently plays for FC Amkar Perm.,"| id | sbj                | pred             | obj_d            | obj_i | sig   | adv/cl/comp/sent          |
|----|--------------------|------------------|------------------|-------|-------|--------------------------|
| #0 | Aleksandr Prudnikov | youth football club was | FC Spartak Moscow | -     | -     | -                        |
| #1 | Aleksandr Prudnikov | also played for | FC Terek Grozny   | -     | -     | located in Grozny and managed by Rashid Rakhimov |
| #2 | FC Terek Grozny    | is located in   | Grozny            | -     | -     | -                        |
| #3 | FC Terek Grozny    | is managed by   | Rashid Rakhimov   | -     | -     | -                        |
| #4 | Aleksandr Prudnikov | currently plays for | FC Amkar Perm    | -     | -     | -                        |","| id | sbj                | pred                | obj_d             | obj_i | sig   | adv/cl/comp/sent               |
|----|--------------------|---------------------|-------------------|-------|-------|--------------------------------|
| #0 | Aleksandr Prudnikov | youth football club was | FC Spartak Moscow | -     | -     | -                              |
| #1 | Aleksandr Prudnikov | played for          | FC Terek Grozny   | -     | -     | located in Grozny and managed by Rashid Rakhimov |
| #2 | FC Terek Grozny     | is located in       | Grozny            | -     | -     | -                              |
| #3 | FC Terek Grozny     | is managed by       | Rashid Rakhimov   | -     | -     | -                              |
| #4 | Aleksandr Prudnikov | currently plays for | FC Amkar Perm     | -     | -     | -                              |","| id | sbj                | pred          | obj_d            | obj_i | sig   | adv/cl/comp/sent |
|----|--------------------|---------------|------------------|-------|-------|------------------|
| #0 | Aleksandr Prudnikov | had youth football club | FC Spartak Moscow | -     | -     | -                |
| #1 | Aleksandr Prudnikov | played for   | FC Terek Grozny   | -     | -     | -                |
| #2 | FC Terek Grozny     | is located in | Grozny           | -     | -     | -                |
| #3 | FC Terek Grozny     | is managed by | Rashid Rakhimov  | -     | -     | -                |
| #4 | Aleksandr Prudnikov | currently plays for | FC Amkar Perm  | -     | -     | -                |"
reference2,104,"Nurhan Atasoy was born on January 1, 1934, in Turkey.","| id | sbj          | pred | obj_d | obj_i | sig | adv/cl/comp/sent      |
|----|--------------|------|-------|-------|-----|-----------------------|
| #0 | Nurhan Atasoy | was born | -     | in Turkey | on | January 1, 1934 |","| id | sbj          | pred  | obj_d | obj_i | sig | adv/cl/comp/sent       |
|----|--------------|-------|-------|-------|-----|------------------------|
| #0 | Nurhan Atasoy | was born | -     | in Turkey | on  | January 1, 1934       |","| id | sbj          | pred | obj_d | obj_i | sig | adv/cl/comp/sent      |
|----|--------------|------|-------|-------|-----|-----------------------|
| #0 | Nurhan Atasoy | was born | -     | in Turkey | on | January 1, 1934 |"
reference2,106,"Al Asad Airbase is operated by the United States Air Force and has a runway length of 3,992.88.","| id | sbj | pred | obj_d | obj_i | sig | adv/cl/comp/sent |
|----|-----|------|-------|-------|-----|-----------------|
| #0 | Al Asad Airbase | is operated | - | by the United States Air Force | - | - |
| #1 | Al Asad Airbase | has | a runway length of 3,992.88 | - | - | - |","| id | sbj | pred | obj_d | obj_i | sig | adv/cl/comp/sent |
|----|-----|------|-------|-------|-----|-----------------|
| #0 | Al Asad Airbase | is operated | - | by the United States Air Force | - | - |
| #1 | Al Asad Airbase | has | a runway length of 3,992.88 | - | - | - |","| id | sbj | pred | obj_d | obj_i | sig | adv/cl/comp/sent |
|----|-----|------|-------|-------|-----|-----------------|
| #0 | Al Asad Airbase | is operated | - | by the United States Air Force | - | - |
| #1 | Al Asad Airbase | has | a runway length of 3,992.88 | - | - | - |"
reference2,107,"The song Mermaid by the music band The Train is from the reggae genre, but in general the Train band play pop rock.","| id | sbj | pred | obj_d | obj_i | sig | adv/cl/comp/sent |
| - | - | - | - | - | - | - |
| #0 | The song Mermaid | is by | the music band The Train | - | - | - |
| #1 | The song Mermaid | is from | the reggae genre | - | - | - |
| #2 | The Train band | play | pop rock | - | in general | - |
| #3 | The Train band | is | - | - | but | #2 |","| id | sbj           | pred         | obj_d   | obj_i | sig | adv/cl/comp/sent |
|----|---------------|--------------|---------|-------|-----|------------------|
| #0 | The song Mermaid | is from     | the reggae genre | -     | -   | -                |
| #1 | The song Mermaid | is by       | -       | the music band The Train | -   | -                |
| #2 | the Train band | play         | pop rock | -     | but | in general        |","| id | sbj | pred | obj_d | obj_i | sig | adv/cl/comp/sent |
| - | - | - | - | - | - | - |
| #0 | The song Mermaid | is from | the reggae genre | - | - | - |
| #1 | The song Mermaid | is by | the music band The Train | - | - | - |
| #2 | the music band The Train | play | pop rock | - | but in general | - |"
reference2,108,"1147 Stavropolis, discovered by Grigory Neujmin, has an apoapsis of 418476000000.0 AU and an orbital period of 1249.6.","| id | sbj | pred | obj_d | obj_i | sig | adv/cl/comp/sent |
| - | - | - | - | - | - | - |
| #0 | 1147 Stavropolis | was discovered by | Grigory Neujmin | - | - | - |
| #1 | 1147 Stavropolis | has | an apoapsis | - | of | 418476000000.0 AU |
| #2 | 1147 Stavropolis | has | an orbital period | - | of | 1249.6 |","| id | sbj | pred | obj_d | obj_i | sig | adv/cl/comp/sent |
| - | - | - | - | - | - | - |
| #0 | 1147 Stavropolis | was discovered | - | by Grigory Neujmin | - | - |
| #1 | 1147 Stavropolis | has | an apoapsis | - | of | 418476000000.0 AU |
| #2 | 1147 Stavropolis | has | an orbital period | - | of | 1249.6 |","| id | sbj | pred | obj_d | obj_i | sig | adv/cl/comp/sent |
| - | - | - | - | - | - | - |
| #0 | 1147 Stavropolis | was discovered | - | by Grigory Neujmin | - | - |
| #1 | 1147 Stavropolis | has | an apoapsis of 418476000000.0 AU | - | - | - |
| #2 | 1147 Stavropolis | has | an orbital period of 1249.6 | - | - | - |"
reference2,109,The film Super Capers is directed by Ray Griggs and is 98 minutes long. It’s distributed by Lionsgate and Roadside Attractions.,"# Output
| id | sbj | pred | obj_d | obj_i | sig | adv/cl/comp/sent |
| - | - | - | - | - | - | - |
| #0 | The film Super Capers | is directed by | Ray Griggs | - | - | - |
| #1 | The film Super Capers | is | 98 minutes long | - | - | - |
| #2 | The film Super Capers | is distributed by | Lionsgate | - | and | Roadside Attractions |","# Output
| id | sbj          | pred      | obj_d                | obj_i | sig | adv/cl/comp/sent |
|----|--------------|-----------|----------------------|-------|-----|------------------|
| #0 | Super Capers | is directed by | Ray Griggs          | -     | -   | -                |
| #1 | Super Capers | is         | 98 minutes long      | -     | -   | -                |
| #2 | Super Capers | is distributed by | Lionsgate         | -     | and | Roadside Attractions |","# Output
| id | sbj | pred | obj_d | obj_i | sig | adv/cl/comp/sent |
| - | - | - | - | - | - | - |
| #0 | The film Super Capers | is directed | - | by Ray Griggs | - | - |
| #1 | The film Super Capers | is | 98 minutes long | - | - | - |
| #2 | The film Super Capers | is distributed | - | by Lionsgate and Roadside Attractions | - | - |"
reference2,110,"The University of Burgundy, which has 16800 undergraduate students and 2900 staff members, is located in Dijon whose postal code is 21000.","| id | sbj | pred | obj_d | obj_i | sig | adv/cl/comp/sent |
|----|-----|------|-------|-------|-----|-----------------|
| #0 | The University of Burgundy | is located | - | in Dijon | - | - |
| #1 | Dijon | has postal code | 21000 | - | - | - |
| #2 | The University of Burgundy | has | 16800 undergraduate students | - | - | - |
| #3 | The University of Burgundy | has | 2900 staff members | - | - | - |","| id | sbj | pred | obj_d | obj_i | sig | adv/cl/comp/sent |
| - | - | - | - | - | - | - |
| #0 | The University of Burgundy | is located | - | in Dijon | - | - |
| #1 | Dijon | has postal code | 21000 | - | - | - |
| #2 | The University of Burgundy | has | 16800 undergraduate students | - | - | - |
| #3 | The University of Burgundy | has | 2900 staff members | - | - | - |","| id | sbj | pred | obj_d | obj_i | sig | adv/cl/comp/sent |
|----|-----|------|-------|-------|-----|-----------------|
| #0 | The University of Burgundy | is located in | Dijon | - | whose | postal code is 21000 |
| #1 | The University of Burgundy | has | 16800 undergraduate students | - | - | - |
| #2 | The University of Burgundy | has | 2900 staff members | - | - | - |
| #3 | Dijon | has postal code | 21000 | - | - | - |"
reference2,113,"The University of Burgundy is located in the city of Dijon in France, which is also known as the French Republic and led by Claude Bartolone.","| id | sbj                    | pred       | obj_d | obj_i | sig | adv/cl/comp/sent          |
|----|------------------------|------------|-------|-------|-----|---------------------------|
| #0 | The University of Burgundy | is located | -     | in the city of Dijon | -   | -                         |
| #1 | the city of Dijon         | is          | in    | France | -   | -                         |
| #2 | France                   | is also known as | the French Republic | - | -   | -                         |
| #3 | the French Republic      | is led      | -     | by Claude Bartolone | -   | -                         |","| id | sbj | pred | obj_d | obj_i | sig | adv/cl/comp/sent |
|----|-----|------|-------|-------|-----|------------------|
| #0 | The University of Burgundy | is located | - | in the city of Dijon in France | - | - |
| #1 | the city of Dijon | is in | France | - | - | - |
| #2 | France | is also known as | the French Republic | - | - | - |
| #3 | the French Republic | is led by | Claude Bartolone | - | - | - |
| #4 | France | is led by | Claude Bartolone | - | - | - |","# Output
| id | sbj | pred | obj_d | obj_i | sig | adv/cl/comp/sent |
| - | - | - | - | - | - | - |
| #0 | The University of Burgundy | is located | - | in the city of Dijon in France | - | - |
| #1 | the city of Dijon | is in | France | - | - | - |
| #2 | France | is also known as | the French Republic | - | - | - |
| #3 | France | is led by | Claude Bartolone | - | - | - |"
reference2,114,Digital distribution is a service of Lionsgate.,"| id | sbj | pred | obj_d | obj_i | sig | adv/cl/comp/sent |
|----|-----|------|-------|-------|-----|-----------------|
| #0 | Digital distribution | is a service | - | of Lionsgate | - | - |","| id | sbj | pred | obj_d | obj_i | sig | adv/cl/comp/sent |
| - | - | - | - | - | - | - |
| #0 | Digital distribution | is a service | - | of Lionsgate | - | - |","| id | sbj | pred | obj_d | obj_i | sig | adv/cl/comp/sent |
| - | - | - | - | - | - | - |
| #0 | Digital distribution | is a service | - | of Lionsgate | - | - |"
reference2,115,The duration of the movie ´English Without Tears´ is 89 minutes.,"| id | sbj | pred | obj_d | obj_i | sig | adv/cl/comp/sent |
| - | - | - | - | - | - | - |
| #0 | The duration of the movie ´English Without Tears´ | is | 89 minutes | - | - | - |","| id | sbj | pred | obj_d | obj_i | sig | adv/cl/comp/sent |
| - | - | - | - | - | - | - |
| #0 | The duration of the movie ´English Without Tears´ | is | 89 minutes | - | - | - |","| id | sbj | pred | obj_d | obj_i | sig | adv/cl/comp/sent |
| - | - | - | - | - | - | - |
| #0 | The duration of the movie ´English Without Tears´ | is | 89 minutes | - | - | - |"
reference2,116,The Mason school of Business are the current tenants of Alan B. Miller Hall (completed on 1 June 2009).,"# Output
| id | sbj                         | pred   | obj_d               | obj_i | sig | adv/cl/comp/sent        |
|----|-----------------------------|--------|---------------------|-------|-----|-------------------------|
| #0 | The Mason school of Business | are    | the current tenants | of Alan B. Miller Hall | -   | -                       |
| #1 | Alan B. Miller Hall         | was completed | -                 | on    | 1 June 2009              |","| id | sbj | pred | obj_d | obj_i | sig | adv/cl/comp/sent |
| - | - | - | - | - | - | - |
| #0 | The Mason school of Business | are | the current tenants | of Alan B. Miller Hall | - | - |
| #1 | Alan B. Miller Hall | was completed | - | - | on | 1 June 2009 |","| id | sbj | pred | obj_d | obj_i | sig | adv/cl/comp/sent |
| - | - | - | - | - | - | - |
| #0 | The Mason School of Business | are | the current tenants | of Alan B. Miller Hall | - | - |
| #1 | Alan B. Miller Hall | was completed | - | on | 1 June 2009 |"
reference2,118,"The genre of Turn Me On is punk blues, whose stylistic origin is garage rock.","# Output
| id | sbj | pred | obj_d | obj_i | sig | adv/cl/comp/sent |
| - | - | - | - | - | - | - |
| #0 | The genre of Turn Me On | is | punk blues | - | - | - |
| #1 | punk blues | has stylistic origin | garage rock | - | - | - |","# Output
| id | sbj | pred | obj_d | obj_i | sig | adv/cl/comp/sent |
| - | - | - | - | - | - | - |
| #0 | The genre of Turn Me On | is | punk blues | - | - | - |
| #1 | punk blues | has stylistic origin | garage rock | - | - | - |","# Output
| id | sbj | pred | obj_d | obj_i | sig | adv/cl/comp/sent |
| - | - | - | - | - | - | - |
| #0 | The genre of Turn Me On | is | punk blues | - | - | - |
| #1 | punk blues | has stylistic origin | garage rock | - | - | - |"
reference2,119,"English Without Tears is a film with a running time of 89 minutes, which was edited by Alan Jaggs, with Nicholas Brodszky as the music composer.","# Output
| id | sbj | pred | obj_d | obj_i | sig | adv/cl/comp/sent |
| - | - | - | - | - | - | - |
| #0 | English Without Tears | is | a film | - | - | - |
| #1 | English Without Tears | has running time | 89 minutes | - | - | - |
| #2 | English Without Tears | was edited by | Alan Jaggs | - | - | - |
| #3 | English Without Tears | has | Nicholas Brodszky | as | the music composer |","| id | sbj | pred | obj_d | obj_i | sig | adv/cl/comp/sent |
| - | - | - | - | - | - | - |
| #0 | English Without Tears | is | a film | - | - | - |
| #1 | English Without Tears | has running time | 89 minutes | - | - | - |
| #2 | English Without Tears | was edited | - | by Alan Jaggs | - | - |
| #3 | Nicholas Brodszky | is | the music composer | for English Without Tears | - | - |","# Output
| id | sbj | pred | obj_d | obj_i | sig | adv/cl/comp/sent |
| - | - | - | - | - | - | - |
| #0 | English Without Tears | is | a film | - | with | a running time of 89 minutes |
| #1 | English Without Tears | was edited | - | by Alan Jaggs | - | - |
| #2 | Nicholas Brodszky | is | the music composer | for English Without Tears | - | - |"
reference2,120,Nicholas Brodszky was a part of non-performing personnel.,"| id | sbj               | pred       | obj_d                    | obj_i | sig | adv/cl/comp/sent |
|----|-------------------|------------|--------------------------|-------|-----|------------------|
| #0 | Nicholas Brodszky | was a part | of non-performing personnel | -     | -   | -                |","| id | sbj              | pred       | obj_d                  | obj_i | sig | adv/cl/comp/sent |
|----|------------------|------------|------------------------|-------|-----|------------------|
| #0 | Nicholas Brodszky | was a part | of non-performing personnel | -     | -   | -                |","| id | sbj             | pred        | obj_d                  | obj_i | sig | adv/cl/comp/sent |
|----|-----------------|-------------|------------------------|-------|-----|------------------|
| #0 | Nicholas Brodszky | was a part of | non-performing personnel | -     | -   | -                |"
reference2,121,"Abraham A. Ribicoff worked as the United States Secretary of Health, Education and Welfare and was born in the United States where African Americans are an ethnic group. His wife is Ruth Ribicoff.","# Output
| id | sbj             | pred       | obj_d                                   | obj_i | sig  | adv/cl/comp/sent                |
|----|-----------------|------------|-----------------------------------------|-------|------|---------------------------------|
| #0 | Abraham A. Ribicoff | worked as | the United States Secretary of Health, Education and Welfare | -     | -    | -                               |
| #1 | Abraham A. Ribicoff | was born  | -                                       | in    | the United States where | African Americans are an ethnic group |
| #2 | African Americans | are        | an ethnic group                         | -     | in   | the United States               |
| #3 | His wife         | is         | Ruth Ribicoff                           | -     | -    | -                               |
| #4 | Ruth Ribicoff    | is wife of | Abraham A. Ribicoff                     | -     | -    | -                               |","# Output
| id | sbj             | pred        | obj_d                               | obj_i | sig | adv/cl/comp/sent |
|----|-----------------|-------------|-------------------------------------|-------|-----|------------------|
| #0 | Abraham A. Ribicoff | worked as   | the United States Secretary of Health, Education and Welfare | -     | -   | -                |
| #1 | Abraham A. Ribicoff | was born in | the United States                   | -     | -   | -                |
| #2 | the United States   | is where    | African Americans                   | -     | -   | are an ethnic group |
| #3 | Abraham A. Ribicoff | has wife    | Ruth Ribicoff                       | -     | -   | -                |","# Output
| id | sbj             | pred        | obj_d                                      | obj_i | sig | adv/cl/comp/sent |
|----|-----------------|-------------|--------------------------------------------|-------|-----|------------------|
| #0 | Abraham A. Ribicoff | worked as  | the United States Secretary of Health, Education and Welfare | -     | -   | -                |
| #1 | Abraham A. Ribicoff | was born   | -                                          | in the United States | where | African Americans are an ethnic group |
| #2 | Ruth Ribicoff     | is wife of | Abraham A. Ribicoff                        | -     | -   | -                |"
reference2,123,"Chinabank offers banking services, it was founded on August 16th, 1920 and now has 295 branches and a net income of 15100000000.","| id | sbj       | pred        | obj_d       | obj_i | sig | adv/cl/comp/sent     |
|----|-----------|-------------|-------------|-------|-----|----------------------|
| #0 | Chinabank | offers      | banking services | -     | -   | -                    |
| #1 | Chinabank | was founded | -           | on    | August 16th, 1920      |
| #2 | Chinabank | has         | 295 branches | -     | -   | -                    |
| #3 | Chinabank | has         | a net income | of    | 15100000000            |","| id | sbj       | pred       | obj_d         | obj_i | sig | adv/cl/comp/sent          |
|----|-----------|------------|---------------|-------|-----|---------------------------|
| #0 | Chinabank | offers     | banking services | -     | -   | -                         |
| #1 | Chinabank | was founded | -             | on    | August 16th, 1920           |
| #2 | Chinabank | has        | 295 branches  | -     | -   | -                         |
| #3 | Chinabank | has        | a net income  | of    | 15100000000                  |","# Output
| id | sbj       | pred        | obj_d                | obj_i | sig | adv/cl/comp/sent        |
|----|-----------|-------------|----------------------|-------|-----|-------------------------|
| #0 | Chinabank | offers      | banking services     | -     | -   | -                       |
| #1 | Chinabank | was founded | -                    | on    | -   | August 16th, 1920       |
| #2 | Chinabank | has         | 295 branches         | -     | -   | -                       |
| #3 | Chinabank | has         | a net income         | of    | -   | 15100000000             |"
reference2,124,"Bananaman, a film starring Rochdale native Bill Oddie, is created by Steve Bright. The show was filmed at the BBC, located in the Broadcasting House in London.","| id | sbj | pred | obj_d | obj_i | sig | adv/cl/comp/sent |
| - | - | - | - | - | - | - |
| #0 | Bananaman | is created by | Steve Bright | - | - | - |
| #1 | Bananaman | is starring | Bill Oddie | - | - | - |
| #2 | Bill Oddie | is native | - | from Rochdale | - | - |
| #3 | The show | was filmed | - | at the BBC | - | - |
| #4 | the BBC | is located | - | in the Broadcasting House in London | - | - |","| id | sbj | pred | obj_d | obj_i | sig | adv/cl/comp/sent |
| - | - | - | - | - | - | - |
| #0 | Bananaman | is created by | Steve Bright | - | - | - |
| #1 | Bananaman | stars | Bill Oddie | - | - | - |
| #2 | Bill Oddie | is from | Rochdale | - | - | - |
| #3 | The show | was filmed at | the BBC | - | - | - |
| #4 | the BBC | is located in | the Broadcasting House | - | in | London |","| id | sbj | pred | obj_d | obj_i | sig | adv/cl/comp/sent |
| - | - | - | - | - | - | - |
| #0 | Bananaman | is created by | Steve Bright | - | - | - |
| #1 | Bananaman | is starring | Bill Oddie | - | - | - |
| #2 | Bill Oddie | is native of | Rochdale | - | - | - |
| #3 | The show | was filmed at | the BBC | - | in | the Broadcasting House in London |"
reference2,125,The University of Burgundy has 2900 staff members and 9400 postgraduate students.,"| id | sbj                    | pred     | obj_d                  | obj_i | sig | adv/cl/comp/sent |
|----|------------------------|----------|------------------------|-------|-----|-----------------|
| #0 | The University of Burgundy | has      | 2900 staff members     | -     | -   | -               |
| #1 | The University of Burgundy | has      | 9400 postgraduate students | -     | -   | -               |","| id | sbj                     | pred          | obj_d                | obj_i | sig | adv/cl/comp/sent |
|----|-------------------------|---------------|----------------------|-------|-----|-----------------|
| #0 | The University of Burgundy | has           | 2900 staff members   | -     | -   | -               |
| #1 | The University of Burgundy | has           | 9400 postgraduate students | -     | -   | -               |","| id | sbj                     | pred        | obj_d                  | obj_i | sig | adv/cl/comp/sent |
|----|-------------------------|-------------|------------------------|-------|-----|-----------------|
| #0 | The University of Burgundy | has         | 2900 staff members     | -     | -   | -               |
| #1 | The University of Burgundy | has         | 9400 postgraduate students | -     | -   | -               |"
reference2,126,1147 Stavropolis has a periapsis of 260855000000.0.,"| id | sbj         | pred          | obj_d          | obj_i | sig | adv/cl/comp/sent |
|----|-------------|---------------|----------------|-------|-----|------------------|
| #0 | 1147 Stavropolis | has | a periapsis | -     | of  | 260855000000.0    |","| id | sbj         | pred       | obj_d            | obj_i | sig | adv/cl/comp/sent |
|----|-------------|------------|------------------|-------|-----|------------------|
| #0 | 1147 Stavropolis | has | a periapsis | -     | of  | 260855000000.0     |","| id | sbj          | pred        | obj_d             | obj_i | sig | adv/cl/comp/sent |
|----|--------------|-------------|-------------------|-------|-----|------------------|
| #0 | 1147 Stavropolis | has | a periapsis | -     | of  | 260855000000.0 |"
reference2,128,"You’ll find Acharya Institute of Technology in Bangalore, Karnataka, India.","| id | sbj | pred | obj_d | obj_i | sig | adv/cl/comp/sent |
|----|-----|------|-------|-------|-----|-----------------|
| #0 | Acharya Institute of Technology | is located in | Bangalore | - | - | - |
| #1 | Bangalore | is in | Karnataka | - | - | - |
| #2 | Karnataka | is in | India | - | - | - |","| id | sbj | pred | obj_d | obj_i | sig | adv/cl/comp/sent |
| - | - | - | - | - | - | - |
| #0 | Acharya Institute of Technology | is located in | Bangalore | - | - | - |
| #1 | Bangalore | is in | Karnataka | - | - | - |
| #2 | Karnataka | is in | India | - | - | - |","| id | sbj | pred | obj_d | obj_i | sig | adv/cl/comp/sent |
| - | - | - | - | - | - | - |
| #0 | Acharya Institute of Technology | is located in | Bangalore | - | - | - |
| #1 | Bangalore | is in | Karnataka | - | - | - |
| #2 | Karnataka | is in | India | - | - | - |"
reference2,129,"Acharya Institute of Technology is directed by Dr. G. P. Prabhukumar and was given the Technical Campus status by the All India Council for Technical Education which is located in Mumbai. The Acharya Institute of Technology campus is located in Soldevanahalli, Acharya Dr. Sarvapalli Radhakrishnan Road, Hessarghatta Main Road, Bangalore – 560090 which is in Bangalore.","| id | sbj | pred | obj_d | obj_i | sig | adv/cl/comp/sent |
| - | - | - | - | - | - | - |
| #0 | Acharya Institute of Technology | is directed | - | by Dr. G. P. Prabhukumar | - | - |
| #1 | Acharya Institute of Technology | was given | the Technical Campus status | by the All India Council for Technical Education | - | - |
| #2 | the All India Council for Technical Education | is located | - | in Mumbai | - | - |
| #3 | Acharya Institute of Technology campus | is located | - | in Soldevanahalli, Acharya Dr. Sarvapalli Radhakrishnan Road, Hessarghatta Main Road, Bangalore – 560090 | - | - |
| #4 | Soldevanahalli, Acharya Dr. Sarvapalli Radhakrishnan Road, Hessarghatta Main Road, Bangalore – 560090 | is in | Bangalore | - | - | - |","| id | sbj | pred | obj_d | obj_i | sig | adv/cl/comp/sent |
| - | - | - | - | - | - | - |
| #0 | Acharya Institute of Technology | is directed | - | by Dr. G. P. Prabhukumar | - | - |
| #1 | Acharya Institute of Technology | was given | the Technical Campus status | by the All India Council for Technical Education | - | - |
| #2 | the All India Council for Technical Education | is located | - | in Mumbai | - | - |
| #3 | Acharya Institute of Technology campus | is located | - | in Soldevanahalli, Acharya Dr. Sarvapalli Radhakrishnan Road, Hessarghatta Main Road, Bangalore – 560090 | - | - |
| #4 | Acharya Institute of Technology campus | is located | - | in Bangalore | - | - |","| id | sbj | pred | obj_d | obj_i | sig | adv/cl/comp/sent |
| - | - | - | - | - | - | - |
| #0 | Acharya Institute of Technology | is directed | - | by Dr. G. P. Prabhukumar | - | - |
| #1 | Acharya Institute of Technology | was given | the Technical Campus status | by the All India Council for Technical Education | - | - |
| #2 | All India Council for Technical Education | is located | - | in Mumbai | - | - |
| #3 | Acharya Institute of Technology campus | is located | - | in Soldevanahalli, Acharya Dr. Sarvapalli Radhakrishnan Road, Hessarghatta Main Road, Bangalore – 560090 | - | - |
| #4 | Soldevanahalli, Acharya Dr. Sarvapalli Radhakrishnan Road, Hessarghatta Main Road, Bangalore – 560090 | is in | Bangalore | - | - | - |"
reference2,130,"Nurhan Atasoy (born in Turkey on January 1, 1934) is a Turkish citizen who resides in Istanbul.","| id | sbj          | pred     | obj_d | obj_i | sig | adv/cl/comp/sent      |
|----|--------------|----------|-------|-------|-----|-----------------------|
| #0 | Nurhan Atasoy | was born | -     | in Turkey | on | January 1, 1934      |
| #1 | Nurhan Atasoy | is       | a Turkish citizen | - | - | -                  |
| #2 | Nurhan Atasoy | resides  | -     | in Istanbul | - | -                   |
| #3 | Nurhan Atasoy | is       | -     | - | - | a Turkish citizen who resides in Istanbul |","| id | sbj          | pred       | obj_d  | obj_i | sig | adv/cl/comp/sent      |
|----|--------------|------------|--------|-------|-----|-----------------------|
| #0 | Nurhan Atasoy | was born    | -      | in Turkey | on | January 1, 1934       |
| #1 | Nurhan Atasoy | is          | a Turkish citizen | - | - | -                   |
| #2 | Nurhan Atasoy | resides     | -      | in Istanbul | - | -                   |","| id | sbj          | pred      | obj_d    | obj_i | sig | adv/cl/comp/sent       |
|----|--------------|-----------|----------|-------|-----|------------------------|
| #0 | Nurhan Atasoy | was born  | -        | in Turkey | on | January 1, 1934       |
| #1 | Nurhan Atasoy | is        | a Turkish citizen | - | - | -                    |
| #2 | Nurhan Atasoy | resides   | -        | in Istanbul | - | -                    |"
reference2,131,"Adolfo Suarez Madrid-Barajas Airport in Alcobendas, is operated by ENAIRE, located in Madrid and has an elevation of 610 metres above sea level. The runway name is 14L/32R.","| id | sbj                                     | pred      | obj_d          | obj_i | sig   | adv/cl/comp/sent |
|----|-----------------------------------------|-----------|----------------|-------|-------|------------------|
| #0 | Adolfo Suarez Madrid-Barajas Airport    | is located | -              | in Alcobendas | -     | -                |
| #1 | Adolfo Suarez Madrid-Barajas Airport    | is operated | -             | by ENAIRE | -     | -                |
| #2 | Adolfo Suarez Madrid-Barajas Airport    | is located | -              | in Madrid | -     | -                |
| #3 | Adolfo Suarez Madrid-Barajas Airport    | has        | an elevation   | -     | of    | 610 metres above sea level |
| #4 | Adolfo Suarez Madrid-Barajas Airport    | has        | a runway name  | -     | -     | -                |
| #5 | the runway name 14L/32R                 | is         | -              | -     | -     | -                |","| id | sbj | pred | obj_d | obj_i | sig | adv/cl/comp/sent |
| - | - | - | - | - | - | - |
| #0 | Adolfo Suarez Madrid-Barajas Airport | is located | in Alcobendas | - | - | - |
| #1 | Adolfo Suarez Madrid-Barajas Airport | is operated | - | by ENAIRE | - | - |
| #2 | Adolfo Suarez Madrid-Barajas Airport | is located | in Madrid | - | - | - |
| #3 | Adolfo Suarez Madrid-Barajas Airport | has | an elevation | - | of | 610 metres above sea level |
| #4 | The runway | is named | 14L/32R | - | - | - |","| id | sbj | pred | obj_d | obj_i | sig | adv/cl/comp/sent |
| - | - | - | - | - | - | - |
| #0 | Adolfo Suarez Madrid-Barajas Airport | is located | - | in Alcobendas | - | - |
| #1 | Adolfo Suarez Madrid-Barajas Airport | is operated | - | by ENAIRE | - | - |
| #2 | Adolfo Suarez Madrid-Barajas Airport | is located | - | in Madrid | - | - |
| #3 | Adolfo Suarez Madrid-Barajas Airport | has | an elevation of 610 metres | - | above | sea level |
| #4 | The runway | has name | 14L/32R | - | - | - |"
reference2,132,"The location of the 11th Mississippi Infantry Monument is Adams County, Pennsylvania, United States.","# Output
| id | sbj                                      | pred | obj_d | obj_i | sig | adv/cl/comp/sent |
|----|------------------------------------------|------|-------|-------|-----|------------------|
| #0 | The location of the 11th Mississippi Infantry Monument | is  | -     | in  | Adams County, Pennsylvania, United States |                  |","| id | sbj | pred | obj_d | obj_i | sig | adv/cl/comp/sent |
| - | - | - | - | - | - | - |
| #0 | the 11th Mississippi Infantry Monument | is located in | Adams County, Pennsylvania, United States | - | - | - |","| id | sbj                                    | pred | obj_d                                   | obj_i | sig | adv/cl/comp/sent |
|----|----------------------------------------|------|-----------------------------------------|-------|-----|------------------|
| #0 | The location of the 11th Mississippi Infantry Monument | is   | in Adams County, Pennsylvania, United States |       |     |                  |"
reference2,133,"The University of Burgundy, located in Dijon, has 2900 staff members and 1299 doctoral students.","| id | sbj                     | pred        | obj_d            | obj_i | sig    | adv/cl/comp/sent              |
|----|-------------------------|-------------|------------------|-------|--------|-------------------------------|
| #0 | The University of Burgundy | is located  | -                | in    | Dijon  | -                             |
| #1 | The University of Burgundy | has         | 2900 staff members | -     | -      | -                             |
| #2 | The University of Burgundy | has         | 1299 doctoral students | -     | -      | -                             |","| id | sbj                    | pred         | obj_d            | obj_i | sig   | adv/cl/comp/sent        |
|----|------------------------|--------------|------------------|-------|-------|-------------------------|
| #0 | The University of Burgundy | is located   | -                | in Dijon | -     | -                       |
| #1 | The University of Burgundy | has          | 2900 staff members | -     | -     | -                       |
| #2 | The University of Burgundy | has          | 1299 doctoral students | -     | -     | -                       |","| id | sbj                   | pred     | obj_d             | obj_i | sig    | adv/cl/comp/sent          |
|----|-----------------------|----------|-------------------|-------|--------|---------------------------|
| #0 | The University of Burgundy | is located | -                 | in Dijon | -      | -                         |
| #1 | The University of Burgundy | has        | 2900 staff members | -     | -      | -                         |
| #2 | The University of Burgundy | has        | 1299 doctoral students | -     | -      | -                         |"
reference2,134,"The city of Bangalore, founded in Karnataka state, India, by Kempe Gowda I, is home to the Acharya Institute of Technology, a Technical Campus designated by the All India Council for Technical Education of Mumbai, directed by Dr. G. P. Prabhukumar and located at Soldevanahalli, Acharya Dr. Sarvapalli Radhakrishnan Road, Hessarghatta Main Road, Bangalore – 560090.","# Output
| id | sbj | pred | obj_d | obj_i | sig | adv/cl/comp/sent |
| - | - | - | - | - | - | - |
| #0 | Bangalore | was founded | - | in Karnataka state, India | by | Kempe Gowda I |
| #1 | Bangalore | is home to | the Acharya Institute of Technology | - | - | - |
| #2 | the Acharya Institute of Technology | is a Technical Campus | - | - | designated by | the All India Council for Technical Education of Mumbai |
| #3 | the Acharya Institute of Technology | is directed | - | by Dr. G. P. Prabhukumar | - | - |
| #4 | the Acharya Institute of Technology | is located | - | at Soldevanahalli, Acharya Dr. Sarvapalli Radhakrishnan Road, Hessarghatta Main Road, Bangalore – 560090 | - | - |","# Output
| id | sbj | pred | obj_d | obj_i | sig | adv/cl/comp/sent |
| - | - | - | - | - | - | - |
| #0 | The city of Bangalore | was founded | - | in Karnataka state, India | by | Kempe Gowda I |
| #1 | The city of Bangalore | is home to | the Acharya Institute of Technology | - | - | - |
| #2 | the Acharya Institute of Technology | is designated | a Technical Campus | by | the All India Council for Technical Education of Mumbai |
| #3 | the Acharya Institute of Technology | is directed | - | by | Dr. G. P. Prabhukumar |
| #4 | the Acharya Institute of Technology | is located | - | at | Soldevanahalli, Acharya Dr. Sarvapalli Radhakrishnan Road, Hessarghatta Main Road, Bangalore – 560090 |","# Output
| id | sbj | pred | obj_d | obj_i | sig | adv/cl/comp/sent |
| - | - | - | - | - | - | - |
| #0 | The city of Bangalore | was founded | - | in Karnataka state, India | by | Kempe Gowda I |
| #1 | The city of Bangalore | is home to | the Acharya Institute of Technology | - | - | - |
| #2 | the Acharya Institute of Technology | is a Technical Campus | - | - | designated by | the All India Council for Technical Education of Mumbai |
| #3 | the Acharya Institute of Technology | is directed | - | by | Dr. G. P. Prabhukumar |
| #4 | the Acharya Institute of Technology | is located at | Soldevanahalli, Acharya Dr. Sarvapalli Radhakrishnan Road, Hessarghatta Main Road, Bangalore – 560090 | - | - | - |"
reference2,135,Alan Shepard is a US national who was born in New Hampshire in November of 1923 and died in California. He graduated from NWC with an MA in the year 1957 and subsequently served as Chief of the Astronaut Office from 1963.,"| id | sbj         | pred            | obj_d                | obj_i | sig | adv/cl/comp/sent       |
|----|-------------|-----------------|----------------------|-------|-----|------------------------|
| #0 | Alan Shepard| is              | a US national        | -     | -   | -                      |
| #1 | Alan Shepard| was born        | -                    | in New Hampshire | in | November of 1923 |
| #2 | Alan Shepard| died            | -                    | in California | - | -                    |
| #3 | Alan Shepard| graduated       | from NWC             | -     | with | an MA in the year 1957 |
| #4 | Alan Shepard| served          | as Chief of the Astronaut Office | - | from | 1963               |","| id | sbj         | pred        | obj_d                    | obj_i | sig | adv/cl/comp/sent              |
|----|-------------|-------------|--------------------------|-------|-----|------------------------------|
| #0 | Alan Shepard| is          | a US national            | -     | -   | -                            |
| #1 | Alan Shepard| was born    | -                        | in New Hampshire | in  | November of 1923        |
| #2 | Alan Shepard| died        | -                        | in California | -   | -                          |
| #3 | Alan Shepard| graduated   | -                        | from NWC | with | an MA in the year 1957       |
| #4 | Alan Shepard| served as   | Chief of the Astronaut Office | -     | from | 1963                      |","| id | sbj          | pred        | obj_d                    | obj_i | sig | adv/cl/comp/sent        |
|----|--------------|-------------|--------------------------|-------|-----|-------------------------|
| #0 | Alan Shepard | is          | a US national            | -     | -   | -                       |
| #1 | Alan Shepard | was born    | -                        | in    | New Hampshire in November of 1923 |
| #2 | Alan Shepard | died        | -                        | in    | California               |
| #3 | Alan Shepard | graduated   | -                        | from  | NWC with an MA in the year 1957 |
| #4 | Alan Shepard | served as   | Chief of the Astronaut Office | -     | from | 1963                  |"
reference2,136,Universal Music Group (by parent company Vivendi) is the record label of Bootleg Series Volume 1: The Quine Tapes by the band The Velvet Underground of which Lou Reed is a former member.,"| id | sbj                         | pred        | obj_d                           | obj_i | sig | adv/cl/comp/sent         |
|----|-----------------------------|-------------|---------------------------------|-------|-----|--------------------------|
| #0 | Universal Music Group       | is          | the record label                | of Bootleg Series Volume 1: The Quine Tapes | by | parent company Vivendi   |
| #1 | Bootleg Series Volume 1: The Quine Tapes | is by     | the band The Velvet Underground | -     | -   | -                        |
| #2 | The Velvet Underground      | has former member | Lou Reed                     | -     | -   | -                        |","| id | sbj | pred | obj_d | obj_i | sig | adv/cl/comp/sent |
|----|-----|------|-------|-------|-----|-----------------|
| #0 | Universal Music Group | is the record label of | Bootleg Series Volume 1: The Quine Tapes | - | by | parent company Vivendi |
| #1 | Bootleg Series Volume 1: The Quine Tapes | is by | the band The Velvet Underground | - | - | - |
| #2 | The Velvet Underground | has former member | Lou Reed | - | - | - |","| id | sbj | pred | obj_d | obj_i | sig | adv/cl/comp/sent |
| - | - | - | - | - | - | - |
| #0 | Universal Music Group | is the record label of | Bootleg Series Volume 1: The Quine Tapes | - | - | - |
| #1 | Universal Music Group | is owned by | parent company Vivendi | - | by | - |
| #2 | Bootleg Series Volume 1: The Quine Tapes | is by | the band The Velvet Underground | - | - | - |
| #3 | The Velvet Underground | has former member | Lou Reed | - | - | - |
| #4 | The Velvet Underground | is associated with | Bootleg Series Volume 1: The Quine Tapes | - | - | - |
| #5 | Lou Reed | is a former member of | The Velvet Underground | - | - | - |"
reference2,137,"Nurhan Atasoy, born on January 1, 1934 in Turkey, is a Turkish national, a citizen of Turkey, who resides in Istanbul, Turkey.","| id | sbj          | pred     | obj_d | obj_i | sig | adv/cl/comp/sent        |
|----|--------------|----------|-------|-------|-----|-------------------------|
| #0 | Nurhan Atasoy | was born | -     | in Turkey | on | January 1, 1934         |
| #1 | Nurhan Atasoy | is       | a Turkish national | - | - | -                     |
| #2 | Nurhan Atasoy | is       | a citizen of Turkey | - | - | -                     |
| #3 | Nurhan Atasoy | resides  | -     | in Istanbul, Turkey | - | -                 |","| id | sbj          | pred         | obj_d | obj_i | sig | adv/cl/comp/sent        |
|----|--------------|--------------|-------|-------|-----|-------------------------|
| #0 | Nurhan Atasoy | was born      | -     | in Turkey | on | January 1, 1934        |
| #1 | Nurhan Atasoy | is            | a Turkish national | - | - | -                   |
| #2 | Nurhan Atasoy | is            | a citizen of Turkey | - | - | -                   |
| #3 | Nurhan Atasoy | resides       | -     | in Istanbul, Turkey | - | -               |","| id | sbj           | pred          | obj_d | obj_i | sig | adv/cl/comp/sent          |
|----|---------------|---------------|-------|-------|-----|---------------------------|
| #0 | Nurhan Atasoy | was born       | -     | on    | January 1, 1934            |
| #1 | Nurhan Atasoy | was born       | -     | in    | Turkey                     |
| #2 | Nurhan Atasoy | is             | a Turkish national | - | - | -                   |
| #3 | Nurhan Atasoy | is             | a citizen of Turkey | - | - | -                  |
| #4 | Nurhan Atasoy | resides        | -     | in    | Istanbul, Turkey           |"
reference2,138,Expect a Miracle has a runtime of 54.56 minutes.,"| id | sbj             | pred     | obj_d    | obj_i | sig | adv/cl/comp/sent |
|----|-----------------|----------|----------|-------|-----|------------------|
| #0 | Expect a Miracle | has      | a runtime | -     | of  | 54.56 minutes    |","| id | sbj             | pred      | obj_d           | obj_i | sig | adv/cl/comp/sent |
|----|-----------------|-----------|-----------------|-------|-----|------------------|
| #0 | Expect a Miracle | has       | a runtime       | -     | of  | 54.56 minutes    |","| id | sbj             | pred      | obj_d    | obj_i | sig | adv/cl/comp/sent |
|----|-----------------|-----------|----------|-------|-----|------------------|
| #0 | Expect a Miracle | has       | a runtime | -     | of  | 54.56 minutes    |"
reference2,139,The Pontiac Rageous was only produced in 1997.,"# Output
| id | sbj               | pred         | obj_d | obj_i | sig | adv/cl/comp/sent |
|----|-------------------|--------------|-------|-------|-----|------------------|
| #0 | The Pontiac Rageous | was produced | -     | -     | in  | 1997             |
| #1 | The Pontiac Rageous | was produced | only  | -     | in  | 1997             |","| id | sbj               | pred      | obj_d | obj_i | sig | adv/cl/comp/sent |
|----|-------------------|-----------|-------|-------|-----|------------------|
| #0 | The Pontiac Rageous | was produced | -     | -     | in  | 1997             |
| #1 | The Pontiac Rageous | was produced | -     | -     | only | -                |","| id | sbj                | pred         | obj_d | obj_i | sig | adv/cl/comp/sent |
|----|--------------------|--------------|-------|-------|-----|------------------|
| #0 | The Pontiac Rageous | was produced | -     | -     | in  | 1997             |
| #1 | The Pontiac Rageous | was produced | -     | -     | only | -                |"
reference2,140,"Ray Griggs wrote Super Capers, which stars Justin Whalin.","| id | sbj       | pred  | obj_d        | obj_i | sig | adv/cl/comp/sent |
|----|-----------|-------|--------------|-------|-----|-----------------|
| #0 | Ray Griggs | wrote | Super Capers | -     | -   | -               |
| #1 | Super Capers | stars | Justin Whalin | -   | -   | -               |","| id | sbj       | pred  | obj_d         | obj_i | sig | adv/cl/comp/sent |
|----|-----------|-------|---------------|-------|-----|------------------|
| #0 | Ray Griggs | wrote | Super Capers  | -     | -   | -                |
| #1 | Super Capers | stars | Justin Whalin | -     | -   | -                |","| id | sbj       | pred  | obj_d        | obj_i | sig | adv/cl/comp/sent |
|----|-----------|-------|--------------|-------|-----|-----------------|
| #0 | Ray Griggs | wrote | Super Capers | -     | -   | -               |
| #1 | Super Capers | stars | Justin Whalin | -   | -   | -               |"
reference2,141,The author of The Fellowship of the Ring is J.R.R. Tolkien. It was followed by The Two Towers. The Hobbit came before this book. The Hobbit's genre is high fantasy and is classified in the juvenile fantasy genre of literature.,"| id | sbj | pred | obj_d | obj_i | sig | adv/cl/comp/sent |
|----|-----|------|-------|-------|-----|------------------|
| #0 | The author of The Fellowship of the Ring | is | J.R.R. Tolkien | - | - | - |
| #1 | The Fellowship of the Ring | was followed by | The Two Towers | - | - | - |
| #2 | The Hobbit | came before | The Fellowship of the Ring | - | - | - |
| #3 | The Hobbit | is | - | in | the high fantasy genre |
| #4 | The Hobbit | is classified | - | in | the juvenile fantasy genre of literature |","| id | sbj | pred | obj_d | obj_i | sig | adv/cl/comp/sent |
| - | - | - | - | - | - | - |
| #0 | The author of The Fellowship of the Ring | is | J.R.R. Tolkien | - | - | - |
| #1 | The Fellowship of the Ring | was followed by | The Two Towers | - | - | - |
| #2 | The Hobbit | came before | The Fellowship of the Ring | - | - | - |
| #3 | The Hobbit | is classified in | the juvenile fantasy genre | - | - | - |
| #4 | The Hobbit | is | - | in | the high fantasy genre |","| id | sbj | pred | obj_d | obj_i | sig | adv/cl/comp/sent |
| - | - | - | - | - | - | - |
| #0 | The author of The Fellowship of the Ring | is | J.R.R. Tolkien | - | - | - |
| #1 | The Fellowship of the Ring | was followed by | The Two Towers | - | - | - |
| #2 | The Hobbit | came before | The Fellowship of the Ring | - | - | - |
| #3 | The Hobbit | is classified in | the juvenile fantasy genre | of | literature |
| #4 | The Hobbit | is | high fantasy | - | - | - |"
reference2,142,Bedford Aerodrome serves the Bedford Autodrome and is located at Thurleigh.,"| id | sbj             | pred     | obj_d | obj_i | sig | adv/cl/comp/sent    |
|----|-----------------|----------|-------|-------|-----|---------------------|
| #0 | Bedford Aerodrome | serves   | -     | the Bedford Autodrome | -   | -                   |
| #1 | Bedford Aerodrome | is located | -   | at Thurleigh         | -   | -                   |","| id | sbj             | pred   | obj_d | obj_i | sig | adv/cl/comp/sent       |
|----|-----------------|--------|-------|-------|-----|------------------------|
| #0 | Bedford Aerodrome | serves | -     | the Bedford Autodrome | -   | -                      |
| #1 | Bedford Aerodrome | is located | -     | at Thurleigh | -   | -                      |","| id | sbj             | pred   | obj_d | obj_i | sig | adv/cl/comp/sent       |
|----|-----------------|--------|-------|-------|-----|------------------------|
| #0 | Bedford Aerodrome | serves | -     | the Bedford Autodrome | -   | -                      |
| #1 | Bedford Aerodrome | is located | -     | at Thurleigh       | -   | -                      |"
reference2,144,"A dessert found in Mexico, a country led by Enrique Peña Nieto, is Bionico.","| id | sbj | pred | obj_d | obj_i | sig | adv/cl/comp/sent |
| - | - | - | - | - | - | - |
| #0 | Bionico | is found | - | in Mexico | - | - |
| #1 | Mexico | is led by | Enrique Peña Nieto | - | - | - |","| id | sbj | pred | obj_d | obj_i | sig | adv/cl/comp/sent |
| - | - | - | - | - | - | - |
| #0 | A dessert | is found | - | in Mexico | - | - |
| #1 | Mexico | is led by | Enrique Peña Nieto | - | - | - |
| #2 | Bionico | is | a dessert | - | - | - |","| id | sbj | pred | obj_d | obj_i | sig | adv/cl/comp/sent |
| - | - | - | - | - | - | - |
| #0 | Bionico | is found | - | in Mexico | - | - |
| #1 | Mexico | is led by | Enrique Peña Nieto | - | - | - |"
reference2,145,"The University of Burgundy is located in the city of Dijon,France.","| id | sbj                    | pred    | obj_d | obj_i | sig | adv/cl/comp/sent |
|----|------------------------|---------|-------|-------|-----|------------------|
| #0 | The University of Burgundy | is located | -     | in the city of Dijon, France | -   | -                |","| id | sbj                   | pred    | obj_d | obj_i | sig | adv/cl/comp/sent        |
|----|-----------------------|---------|-------|-------|-----|-------------------------|
| #0 | The University of Burgundy | is located | -     | in   | the city of Dijon, France |","| id | sbj                  | pred     | obj_d | obj_i | sig | adv/cl/comp/sent     |
|----|----------------------|----------|-------|-------|-----|----------------------|
| #0 | The University of Burgundy | is located | -     | in   | the city of Dijon, France |"
reference2,146,Andrew Rayel is a Trance musician associated with musician Jwaydan Moyine.,"| id | sbj         | pred        | obj_d  | obj_i | sig | adv/cl/comp/sent |
|----|-------------|-------------|--------|-------|-----|------------------|
| #0 | Andrew Rayel | is          | -      | -     | -   | a Trance musician |
| #1 | Andrew Rayel | is associated with | musician Jwaydan Moyine | - | - | - |","| id | sbj         | pred        | obj_d  | obj_i | sig | adv/cl/comp/sent |
|----|-------------|-------------|--------|-------|-----|------------------|
| #0 | Andrew Rayel| is          | -      | -     | -   | a Trance musician |
| #1 | Andrew Rayel| is associated| -      | with  | musician Jwaydan Moyine |","| id | sbj         | pred       | obj_d  | obj_i | sig | adv/cl/comp/sent |
|----|-------------|------------|--------|-------|-----|------------------|
| #0 | Andrew Rayel| is         | -      | -     | a   | Trance musician  |
| #1 | Andrew Rayel| is associated with | -      | musician Jwaydan Moyine | -   | -                |"
reference2,147,"Mantecorp is a subsidiary of Hypermarcas, which is an S.A. corporation founded on January 1, 2001.","# Output
| id | sbj | pred | obj_d | obj_i | sig | adv/cl/comp/sent |
| - | - | - | - | - | - | - |
| #0 | Mantecorp | is a subsidiary of | Hypermarcas | - | - | - |
| #1 | Hypermarcas | is | an S.A. corporation | - | - | - |
| #2 | Hypermarcas | was founded | - | on | January 1, 2001 |","# Output
| id | sbj | pred | obj_d | obj_i | sig | adv/cl/comp/sent |
| - | - | - | - | - | - | - |
| #0 | Mantecorp | is a subsidiary of | Hypermarcas | - | - | - |
| #1 | Hypermarcas | is an | S.A. corporation | - | - | - |
| #2 | Hypermarcas | was founded | - | on | January 1, 2001 |","# Output
| id | sbj | pred | obj_d | obj_i | sig | adv/cl/comp/sent |
| - | - | - | - | - | - | - |
| #0 | Mantecorp | is a subsidiary | - | of Hypermarcas | - | - |
| #1 | Hypermarcas | is | an S.A. corporation | - | - | - |
| #2 | Hypermarcas | was founded | - | on | January 1, 2001 |"
reference2,148,"The asteroid 1147 Stavropolis discovered by Grigory Neujmin on the 11th of June 1929 with a rotation period of 20378.5 has a absolute magnitude of 11.5. With periapsis and apoapsis of 260855000000 and 418476000000.0 respectively, the orbital period of the asteroid 1147 Stavropolis is 1249.6 days.","| id | sbj | pred | obj_d | obj_i | sig | adv/cl/comp/sent |
| - | - | - | - | - | - | - |
| #0 | The asteroid 1147 Stavropolis | was discovered | by Grigory Neujmin | - | on | the 11th of June 1929 |
| #1 | The asteroid 1147 Stavropolis | has | a rotation period | - | of | 20378.5 |
| #2 | The asteroid 1147 Stavropolis | has | a absolute magnitude | - | of | 11.5 |
| #3 | The asteroid 1147 Stavropolis | has | periapsis | - | of | 260855000000 |
| #4 | The asteroid 1147 Stavropolis | has | apoapsis | - | of | 418476000000.0 |
| #5 | The asteroid 1147 Stavropolis | has | an orbital period | - | of | 1249.6 days |","| id | sbj | pred | obj_d | obj_i | sig | adv/cl/comp/sent |
|----|-----|------|-------|-------|-----|-----------------|
| #0 | The asteroid 1147 Stavropolis | was discovered | by Grigory Neujmin | - | on | the 11th of June 1929 |
| #1 | The asteroid 1147 Stavropolis | has | a rotation period | - | of | 20378.5 |
| #2 | The asteroid 1147 Stavropolis | has | an absolute magnitude | - | of | 11.5 |
| #3 | The asteroid 1147 Stavropolis | has | periapsis | - | of | 260855000000 |
| #4 | The asteroid 1147 Stavropolis | has | apoapsis | - | of | 418476000000.0 |
| #5 | The asteroid 1147 Stavropolis | has | an orbital period | - | of | 1249.6 days |","| id | sbj | pred | obj_d | obj_i | sig | adv/cl/comp/sent |
| - | - | - | - | - | - | - |
| #0 | The asteroid 1147 Stavropolis | was discovered by | Grigory Neujmin | - | on | the 11th of June 1929 |
| #1 | The asteroid 1147 Stavropolis | has | a rotation period | - | of | 20378.5 |
| #2 | The asteroid 1147 Stavropolis | has | an absolute magnitude | - | of | 11.5 |
| #3 | The asteroid 1147 Stavropolis | has | periapsis | - | of | 260855000000 |
| #4 | The asteroid 1147 Stavropolis | has | apoapsis | - | of | 418476000000.0 |
| #5 | The asteroid 1147 Stavropolis | has | an orbital period | - | of | 1249.6 days |"
reference2,149,"Ciudad Ayala is a part of Morelos, in Mexico. One of the city's leaders is called the governator.","| id | sbj          | pred      | obj_d    | obj_i | sig | adv/cl/comp/sent |
|----|--------------|-----------|----------|-------|-----|------------------|
| #0 | Ciudad Ayala | is a part | -        | of Morelos, in Mexico | -   | -                |
| #1 | Ciudad Ayala | has leader | the governator | -   | -   | -                |","| id | sbj          | pred        | obj_d   | obj_i | sig | adv/cl/comp/sent |
|----|--------------|-------------|---------|-------|-----|------------------|
| #0 | Ciudad Ayala | is a part of | Morelos | in    | -   | Mexico           |
| #1 | Ciudad Ayala | has leader  | -       | -     | who | #2               |
| #2 | the leader   | is called   | the governator | - | - | -               |","| id | sbj          | pred      | obj_d | obj_i | sig | adv/cl/comp/sent |
|----|--------------|-----------|-------|-------|-----|------------------|
| #0 | Ciudad Ayala | is a part  | -     | of Morelos, in Mexico | -   | -                |
| #1 | Ciudad Ayala | has leader | the governator | - | -   | -                |
| #2 | the governator | is called | -     | -     | -   | -                |"
reference2,150,"The University of Burgundy which is located in the city of Dijon has 2900 staff members and 27400 students, 16,800 are undergraduate students and 1299 are doctoral students.","| id | sbj | pred | obj_d | obj_i | sig | adv/cl/comp/sent |
| - | - | - | - | - | - | - |
| #0 | The University of Burgundy | is located | - | in the city of Dijon | - | - |
| #1 | The University of Burgundy | has | 2900 staff members | - | - | - |
| #2 | The University of Burgundy | has | 27400 students | - | - | - |
| #3 | The University of Burgundy | has | 16800 undergraduate students | - | - | - |
| #4 | The University of Burgundy | has | 1299 doctoral students | - | - | - |","| id | sbj | pred | obj_d | obj_i | sig | adv/cl/comp/sent |
| - | - | - | - | - | - | - |
| #0 | The University of Burgundy | is located | - | in the city of Dijon | - | - |
| #1 | The University of Burgundy | has | 2900 staff members | - | - | - |
| #2 | The University of Burgundy | has | 27400 students | - | - | - |
| #3 | The University of Burgundy | has | 16800 undergraduate students | - | - | - |
| #4 | The University of Burgundy | has | 1299 doctoral students | - | - | - |","| id | sbj | pred | obj_d | obj_i | sig | adv/cl/comp/sent |
| - | - | - | - | - | - | - |
| #0 | The University of Burgundy | is located | - | in the city of Dijon | - | - |
| #1 | The University of Burgundy | has | 2900 staff members | - | - | - |
| #2 | The University of Burgundy | has | 27400 students | - | - | - |
| #3 | The University of Burgundy | has | 16800 undergraduate students | - | - | - |
| #4 | The University of Burgundy | has | 1299 doctoral students | - | - | - |"
reference2,151,"Piotr Hallmann was born in Gdynia, Poland, which is in Central European summer time. He weighs 70.308 kg.","| id | sbj           | pred       | obj_d       | obj_i | sig | adv/cl/comp/sent        |
|----|---------------|------------|-------------|-------|-----|-------------------------|
| #0 | Piotr Hallmann| was born   | -           | in Gdynia, Poland | -   | -                   |
| #1 | Gdynia, Poland| is         | -           | in Central European summer time | - | -    |
| #2 | Piotr Hallmann| weighs     | 70.308 kg   | -     | -   | -                       |","| id | sbj           | pred        | obj_d     | obj_i | sig | adv/cl/comp/sent       |
|----|---------------|-------------|-----------|-------|-----|------------------------|
| #0 | Piotr Hallmann| was born    | -         | in Gdynia, Poland | -   | -                  |
| #1 | Gdynia, Poland| is          | -         | in Central European summer time | - | -  |
| #2 | Piotr Hallmann| weighs      | 70.308 kg | -     | -   | -                      |","| id | sbj           | pred        | obj_d      | obj_i | sig | adv/cl/comp/sent        |
|----|---------------|-------------|------------|-------|-----|-------------------------|
| #0 | Piotr Hallmann| was born    | -          | in Gdynia, Poland | which is | in Central European summer time |
| #1 | Piotr Hallmann| weighs      | 70.308 kg  | -     | -   | -                       |"
reference2,152,"Nurhan Atasoy, who was born on 1 January 1934, has a Turkish nationality.","| id | sbj           | pred        | obj_d             | obj_i | sig | adv/cl/comp/sent |
|----|---------------|-------------|-------------------|-------|-----|------------------|
| #0 | Nurhan Atasoy | was born     | -                 | -     | on  | 1 January 1934   |
| #1 | Nurhan Atasoy | has          | Turkish nationality | -   | -   | -                |","| id | sbj          | pred        | obj_d             | obj_i | sig | adv/cl/comp/sent |
|----|--------------|-------------|-------------------|-------|-----|------------------|
| #0 | Nurhan Atasoy | was born on | 1 January 1934    | -     | -   | -                |
| #1 | Nurhan Atasoy | has         | a Turkish nationality | -   | -   | -                |","| id | sbj          | pred        | obj_d           | obj_i | sig | adv/cl/comp/sent         |
|----|--------------|-------------|-----------------|-------|-----|--------------------------|
| #0 | Nurhan Atasoy | was born     | -               | on    | -   | 1 January 1934           |
| #1 | Nurhan Atasoy | has          | Turkish nationality | -   | -   | -                        |"
reference2,153,Estádio Municipal Coaracy da Mata Fonseca in Arapiraca is the name of the ground of Agremiação Sportiva Arapiraquense. Agremiacao Sportiva Arapiraquense has 17000 members & play in the Campeonato Brasileiro Série C league from Brazil.,"| id | sbj | pred | obj_d | obj_i | sig | adv/cl/comp/sent |
| - | - | - | - | - | - | - |
| #0 | Estádio Municipal Coaracy da Mata Fonseca | is located in | Arapiraca | - | - | - |
| #1 | Estádio Municipal Coaracy da Mata Fonseca | is the name of the ground of | Agremiação Sportiva Arapiraquense | - | - | - |
| #2 | Agremiação Sportiva Arapiraquense | has | 17000 members | - | - | - |
| #3 | Agremiação Sportiva Arapiraquense | plays in | the Campeonato Brasileiro Série C league | - | from | Brazil |","| id | sbj | pred | obj_d | obj_i | sig | adv/cl/comp/sent |
| - | - | - | - | - | - | - |
| #0 | Estádio Municipal Coaracy da Mata Fonseca | is located in | Arapiraca | - | - | - |
| #1 | Estádio Municipal Coaracy da Mata Fonseca | is the name of the ground of | Agremiação Sportiva Arapiraquense | - | - | - |
| #2 | Agremiação Sportiva Arapiraquense | has | 17000 members | - | - | - |
| #3 | Agremiação Sportiva Arapiraquense | plays in | the Campeonato Brasileiro Série C league | - | from | Brazil |","| id | sbj | pred | obj_d | obj_i | sig | adv/cl/comp/sent |
| - | - | - | - | - | - | - |
| #0 | Estádio Municipal Coaracy da Mata Fonseca | is located in | Arapiraca | - | - | - |
| #1 | Estádio Municipal Coaracy da Mata Fonseca | is the name of the ground of | Agremiação Sportiva Arapiraquense | - | - | - |
| #2 | Agremiação Sportiva Arapiraquense | has | 17000 members | - | - | - |
| #3 | Agremiação Sportiva Arapiraquense | plays in | the Campeonato Brasileiro Série C league | - | from | Brazil |"
reference2,155,Andrzej Piotr Ruszczyński is known for stochastic programming.,"| id | sbj                  | pred    | obj_d                | obj_i | sig | adv/cl/comp/sent |
|----|----------------------|---------|----------------------|-------|-----|-----------------|
| #0 | Andrzej Piotr Ruszczyński | is known | for stochastic programming | -     | -   | -               |","| id | sbj                    | pred   | obj_d                | obj_i | sig | adv/cl/comp/sent |
|----|------------------------|--------|----------------------|-------|-----|-----------------|
| #0 | Andrzej Piotr Ruszczyński | is known | for stochastic programming | -     | -   | -               |","| id | sbj                    | pred  | obj_d                | obj_i | sig | adv/cl/comp/sent |
|----|------------------------|-------|----------------------|-------|-----|------------------|
| #0 | Andrzej Piotr Ruszczyński | is known | for stochastic programming | -     | -   | -                |"
reference2,156,"The Year of No Light album, Live at Roadburn 2008, was produced by Roadburn Festival.","# Output
| id | sbj                        | pred     | obj_d                      | obj_i | sig | adv/cl/comp/sent |
|----|----------------------------|----------|----------------------------|-------|-----|-----------------|
| #0 | Live at Roadburn 2008      | was produced by | Roadburn Festival         |       |     |                 |
| #1 | Live at Roadburn 2008      | is       | an album                   |       |     |                 |
| #2 | Live at Roadburn 2008      | is       | by Year of No Light        |       |     |                 |","# Output
| id | sbj                         | pred     | obj_d | obj_i | sig | adv/cl/comp/sent |
|----|-----------------------------|----------|-------|-------|-----|-----------------|
| #0 | Live at Roadburn 2008       | was produced | -     | by Roadburn Festival | -   | -               |
| #1 | Live at Roadburn 2008       | is an album | -     | -    | of  | The Year of No Light |","| id | sbj                     | pred     | obj_d                      | obj_i | sig | adv/cl/comp/sent |
|----|-------------------------|----------|----------------------------|-------|-----|-----------------|
| #0 | Live at Roadburn 2008   | was produced | -                          | by Roadburn Festival | -   | -               |
| #1 | Live at Roadburn 2008   | is an album | -                          | of The Year of No Light | -   | -               |"
reference2,157,The song Mermaid by Train (written by Pat Monahan and produced by Espionage) was followed by the release of Imagine by John Lennon performed by Train.,"| id | sbj | pred | obj_d | obj_i | sig | adv/cl/comp/sent |
|----|-----|------|-------|-------|-----|-----------------|
| #0 | The song Mermaid | was written | by Pat Monahan | - | - | - |
| #1 | The song Mermaid | was produced | by Espionage | - | - | - |
| #2 | The song Mermaid | was followed by | the release of Imagine | - | - | - |
| #3 | Imagine | was performed | by Train | - | - | - |
| #4 | Imagine | was written | by John Lennon | - | - | - |","| id | sbj | pred | obj_d | obj_i | sig | adv/cl/comp/sent |
| - | - | - | - | - | - | - |
| #0 | The song Mermaid | was written | - | by Pat Monahan | - | - |
| #1 | The song Mermaid | was produced | - | by Espionage | - | - |
| #2 | Train | followed | The song Mermaid | - | by | the release of Imagine by John Lennon |
| #3 | Imagine by John Lennon | was performed | - | by Train | - | - |
| #4 | The song Mermaid | is by | Train | - | - | - |","| id | sbj | pred | obj_d | obj_i | sig | adv/cl/comp/sent |
|----|-----|------|-------|-------|-----|-----------------|
| #0 | Mermaid by Train | was written | - | by Pat Monahan | - | - |
| #1 | Mermaid by Train | was produced | - | by Espionage | - | - |
| #2 | Train | followed | the release of Imagine by John Lennon | - | by | Mermaid by Train |
| #3 | Imagine by John Lennon | was performed | - | by Train | - | - |"
reference2,158,"The Acharya Institute of Technology, located in Bangalore, is affiliated with the Visvesvaraya Technological University and was given the 'Technical Campus' status by the All India Council for Technical Education.","| id | sbj | pred | obj_d | obj_i | sig | adv/cl/comp/sent |
|----|-----|------|-------|-------|-----|-----------------|
| #0 | The Acharya Institute of Technology | is located | - | in Bangalore | - | - |
| #1 | The Acharya Institute of Technology | is affiliated | - | with the Visvesvaraya Technological University | - | - |
| #2 | The Acharya Institute of Technology | was given | the 'Technical Campus' status | by the All India Council for Technical Education | - | - |","| id | sbj | pred | obj_d | obj_i | sig | adv/cl/comp/sent |
| - | - | - | - | - | - | - |
| #0 | The Acharya Institute of Technology | is located in | Bangalore | - | - | - |
| #1 | The Acharya Institute of Technology | is affiliated with | the Visvesvaraya Technological University | - | - | - |
| #2 | The Acharya Institute of Technology | was given | the 'Technical Campus' status | by the All India Council for Technical Education | - | - |","| id | sbj | pred | obj_d | obj_i | sig | adv/cl/comp/sent |
| - | - | - | - | - | - | - |
| #0 | The Acharya Institute of Technology | is located | - | in Bangalore | - | - |
| #1 | The Acharya Institute of Technology | is affiliated | - | with the Visvesvaraya Technological University | - | - |
| #2 | The Acharya Institute of Technology | was given | the 'Technical Campus' status | by the All India Council for Technical Education | - | - |"
reference2,159,"The Acharya Institute of Technology which is located in Bangalore, is affiliated with the Visvesvaraya Technological University and as given the 'Technical Campus' status by All India Council for Technical Education, located in Mumbai. The campus of the Acharya Institute of Technology is located at Soldevanahalli, Acharya Dr. Sarvapalli Radhakrishnan Road, Hessarghatta Main Road, Bangalore – 560090.","| id | sbj | pred | obj_d | obj_i | sig | adv/cl/comp/sent |
| - | - | - | - | - | - | - |
| #0 | The Acharya Institute of Technology | is located | - | in Bangalore | - | - |
| #1 | The Acharya Institute of Technology | is affiliated | - | with the Visvesvaraya Technological University | - | - |
| #2 | The Acharya Institute of Technology | was given | the 'Technical Campus' status | by All India Council for Technical Education | - | - |
| #3 | All India Council for Technical Education | is located | - | in Mumbai | - | - |
| #4 | The campus of the Acharya Institute of Technology | is located | - | at Soldevanahalli, Acharya Dr. Sarvapalli Radhakrishnan Road, Hessarghatta Main Road, Bangalore – 560090 | - | - |","| id | sbj | pred | obj_d | obj_i | sig | adv/cl/comp/sent |
| - | - | - | - | - | - | - |
| #0 | The Acharya Institute of Technology | is located | - | in Bangalore | - | - |
| #1 | The Acharya Institute of Technology | is affiliated | - | with the Visvesvaraya Technological University | - | - |
| #2 | The Acharya Institute of Technology | is given | the 'Technical Campus' status | by All India Council for Technical Education | - | - |
| #3 | All India Council for Technical Education | is located | - | in Mumbai | - | - |
| #4 | The campus of the Acharya Institute of Technology | is located | - | at Soldevanahalli, Acharya Dr. Sarvapalli Radhakrishnan Road, Hessarghatta Main Road, Bangalore – 560090 | - | - |","| id | sbj | pred | obj_d | obj_i | sig | adv/cl/comp/sent |
|----|-----|------|-------|-------|-----|-----------------|
| #0 | The Acharya Institute of Technology | is located | - | in Bangalore | - | - |
| #1 | The Acharya Institute of Technology | is affiliated | - | with the Visvesvaraya Technological University | - | - |
| #2 | The Acharya Institute of Technology | has been given | the 'Technical Campus' status | by All India Council for Technical Education | - | - |
| #3 | All India Council for Technical Education | is located | - | in Mumbai | - | - |
| #4 | The campus of the Acharya Institute of Technology | is located | - | at Soldevanahalli, Acharya Dr. Sarvapalli Radhakrishnan Road, Hessarghatta Main Road, Bangalore – 560090 | - | - |"
reference2,161,"The Pontiac Rageous, which was first made in 1997, was manufactured by Pontiac in the USA, which was then succeeded by Buick.","| id | sbj             | pred          | obj_d | obj_i | sig | adv/cl/comp/sent |
|----|-----------------|---------------|-------|-------|-----|------------------|
| #0 | The Pontiac Rageous | was first made | -     | -     | in  | 1997             |
| #1 | Pontiac         | manufactured   | The Pontiac Rageous | in the USA | -   | -                |
| #2 | Buick           | succeeded      | Pontiac | -     | -   | -                |","| id | sbj | pred | obj_d | obj_i | sig | adv/cl/comp/sent |
|----|-----|------|-------|-------|-----|-----------------|
| #0 | The Pontiac Rageous | was first made | - | - | in | 1997 |
| #1 | The Pontiac Rageous | was manufactured | - | by Pontiac | in | the USA |
| #2 | Pontiac | was succeeded | - | by Buick | - | - |","| id | sbj | pred | obj_d | obj_i | sig | adv/cl/comp/sent |
| - | - | - | - | - | - | - |
| #0 | The Pontiac Rageous | was first made | - | - | in | 1997 |
| #1 | The Pontiac Rageous | was manufactured | - | by Pontiac | in | the USA |
| #2 | Pontiac | was succeeded | by Buick | - | - | - |"
reference2,162,"New Jersey has an area of water that is 3, 544.04 km^2.","| id | sbj       | pred       | obj_d   | obj_i | sig | adv/cl/comp/sent |
|----|-----------|------------|---------|-------|-----|------------------|
| #0 | New Jersey | has an area | -       | of water | -   | -                |
| #1 | the area   | is          | 3,544.04 km^2 | -     | -   | -                |","| id | sbj       | pred       | obj_d           | obj_i | sig | adv/cl/comp/sent |
|----|-----------|------------|-----------------|-------|-----|------------------|
| #0 | New Jersey | has an area | of water        | -     | -   | -                |
| #1 | the area   | is          | 3,544.04 km^2   | -     | -   | -                |","| id | sbj       | pred     | obj_d               | obj_i | sig | adv/cl/comp/sent |
|----|-----------|----------|---------------------|-------|-----|------------------|
| #0 | New Jersey | has an area of water | 3,544.04 km^2 | -     | -   | -                |"
reference2,163,Ciudad Ayala falls into UTC offset -6 timezone and is located in the country of Mexico.,"| id | sbj          | pred        | obj_d   | obj_i | sig  | adv/cl/comp/sent       |
|----|--------------|-------------|---------|-------|------|------------------------|
| #0 | Ciudad Ayala | falls into  | -       | -     | in   | UTC offset -6 timezone |
| #1 | Ciudad Ayala | is located  | -       | in    | the country of Mexico     |","| id | sbj          | pred       | obj_d   | obj_i | sig | adv/cl/comp/sent     |
|----|--------------|------------|---------|-------|-----|----------------------|
| #0 | Ciudad Ayala | falls into | -6 UTC  | -     | -   | -                    |
| #1 | Ciudad Ayala | is located | -       | in    | the country of Mexico   |","| id | sbj          | pred       | obj_d  | obj_i | sig | adv/cl/comp/sent |
|----|--------------|------------|--------|-------|-----|------------------|
| #0 | Ciudad Ayala | falls into | -      | -     | in  | UTC offset -6 timezone |
| #1 | Ciudad Ayala | is located | -      | in    | the country of Mexico |"
reference2,164,"Anatole de Grunwald, who was born in Saint Petersburg, was the producer of ""English Without Tears.""","| id | sbj              | pred      | obj_d                | obj_i | sig | adv/cl/comp/sent |
|----|------------------|-----------|----------------------|-------|-----|------------------|
| #0 | Anatole de Grunwald | was born | -                    | in Saint Petersburg | -   | -                |
| #1 | Anatole de Grunwald | was the producer | ""English Without Tears"" | -   | -   | -                |","| id | sbj              | pred       | obj_d                | obj_i | sig | adv/cl/comp/sent |
|----|------------------|------------|----------------------|-------|-----|------------------|
| #0 | Anatole de Grunwald | was born   | -                    | in Saint Petersburg | -   | -                |
| #1 | Anatole de Grunwald | was the producer | ""English Without Tears"" | -     | -   | -                |","| id | sbj              | pred       | obj_d                | obj_i | sig | adv/cl/comp/sent |
|----|------------------|------------|----------------------|-------|-----|------------------|
| #0 | Anatole de Grunwald | was born   | -                    | in Saint Petersburg | -   | -                |
| #1 | Anatole de Grunwald | was the producer | ""English Without Tears"" | -     | -   | -                |"
reference2,166,The ISO 639-2 code of the English Language is eng.,"| id | sbj | pred | obj_d | obj_i | sig | adv/cl/comp/sent |
|----|-----|------|-------|-------|-----|-----------------|
| #0 | The ISO 639-2 code | is | eng | of the English Language | - | - |","| id | sbj | pred | obj_d | obj_i | sig | adv/cl/comp/sent |
|----|-----|------|-------|-------|-----|-----------------|
| #0 | The ISO 639-2 code | is | eng | of the English Language | - | - |","| id | sbj | pred | obj_d | obj_i | sig | adv/cl/comp/sent |
|----|-----|------|-------|-------|-----|-----------------|
| #0 | The ISO 639-2 code | is | eng | of the English Language | - | - |"
reference2,167,Hypermarcas has 10252 employees.,"| id | sbj        | pred       | obj_d     | obj_i | sig | adv/cl/comp/sent |
|----|------------|------------|-----------|-------|-----|------------------|
| #0 | Hypermarcas | has        | 10252 employees | -     | -   | -                |","| id | sbj       | pred     | obj_d      | obj_i | sig | adv/cl/comp/sent |
|----|-----------|----------|------------|-------|-----|------------------|
| #0 | Hypermarcas | has | 10252 employees | -     | -   | -                |","| id | sbj        | pred       | obj_d   | obj_i | sig | adv/cl/comp/sent |
|----|------------|------------|---------|-------|-----|------------------|
| #0 | Hypermarcas | has        | 10252 employees | -     | -   | -                |"
reference2,168,"A monument to the 11th Mississippi Infantry (located in Adams County, Pennsylvania) was erected in 2000. Pennsylvania's Cumberland county is to the north of the Adams.","# Output
| id | sbj | pred | obj_d | obj_i | sig | adv/cl/comp/sent |
| - | - | - | - | - | - | - |
| #0 | a monument | was erected | - | in Adams County, Pennsylvania | - | in 2000 |
| #1 | the 11th Mississippi Infantry | has monument | a monument | in Adams County, Pennsylvania | - | - |
| #2 | Pennsylvania's Cumberland county | is | - | to the north of the Adams | - | - |","| id | sbj | pred | obj_d | obj_i | sig | adv/cl/comp/sent |
| - | - | - | - | - | - | - |
| #0 | A monument | was erected | - | in Adams County, Pennsylvania | - | in 2000 |
| #1 | A monument | is to | the 11th Mississippi Infantry | - | - | - |
| #2 | Adams County | is located | in Pennsylvania | - | - | - |
| #3 | Cumberland County | is to the north of | Adams County | - | - | - |
| #4 | Cumberland County | is in | Pennsylvania | - | - | - |","| id | sbj | pred | obj_d | obj_i | sig | adv/cl/comp/sent |
| - | - | - | - | - | - | - |
| #0 | A monument | was erected | - | in Adams County, Pennsylvania | - | in 2000 |
| #1 | A monument | is to | the 11th Mississippi Infantry | - | - | - |
| #2 | Pennsylvania's Cumberland county | is | - | to the north of the Adams | - | - |"
reference2,170,Agremiação Sportiva Arapiraquense is playing in the Brazilian Campeonato Brasileiro Série C league hoping to beat the previous champions the Vila Nova Futebol Clube. They also played there in the 2015 season; their ground is the Estadio Municipal Coaracy da Mata Fonseca located in Arapiraca.,"| id | sbj | pred | obj_d | obj_i | sig | adv/cl/comp/sent |
| - | - | - | - | - | - | - |
| #0 | Agremiação Sportiva Arapiraquense | is playing | - | in the Brazilian Campeonato Brasileiro Série C league | hoping to | beat the previous champions the Vila Nova Futebol Clube |
| #1 | Agremiação Sportiva Arapiraquense | played | - | there | in | the 2015 season |
| #2 | their ground, the Estadio Municipal Coaracy da Mata Fonseca | is located | - | in Arapiraca | - | - |
| #3 | Agremiação Sportiva Arapiraquense | has ground | the Estadio Municipal Coaracy da Mata Fonseca | - | - | - |
| #4 | the previous champions | are | the Vila Nova Futebol Clube | - | - | - |","| id | sbj | pred | obj_d | obj_i | sig | adv/cl/comp/sent |
| - | - | - | - | - | - | - |
| #0 | Agremiação Sportiva Arapiraquense | is playing | - | in the Brazilian Campeonato Brasileiro Série C league | hoping to | beat the previous champions the Vila Nova Futebol Clube |
| #1 | Agremiação Sportiva Arapiraquense | played | - | there | in | the 2015 season |
| #2 | their ground, the Estadio Municipal Coaracy da Mata Fonseca | is located | - | in Arapiraca | - | - |
| #3 | Agremiação Sportiva Arapiraquense | has ground | the Estadio Municipal Coaracy da Mata Fonseca | - | - | - |","| id | sbj | pred | obj_d | obj_i | sig | adv/cl/comp/sent |
| - | - | - | - | - | - | - |
| #0 | Agremiação Sportiva Arapiraquense | is playing | - | in the Brazilian Campeonato Brasileiro Série C league | hoping to | beat the previous champions the Vila Nova Futebol Clube |
| #1 | Agremiação Sportiva Arapiraquense | played | - | there | in | the 2015 season |
| #2 | their ground, the Estadio Municipal Coaracy da Mata Fonseca | is located | - | in Arapiraca | - | - |
| #3 | Agremiação Sportiva Arapiraquense | has ground | the Estadio Municipal Coaracy da Mata Fonseca | - | - | - |"
reference2,171,"Mermaid is a pop rock song by the band Train that has a length of 3 minutes and 16 seconds released on 27 of December 2012, written by Espen Lind. This'll be my year by Train was followed by Mermaid.","| id | sbj | pred | obj_d | obj_i | sig | adv/cl/comp/sent |
| - | - | - | - | - | - | - |
| #0 | Mermaid | is | a pop rock song | by the band Train | - | - |
| #1 | Mermaid | has | a length of 3 minutes and 16 seconds | - | - | - |
| #2 | Mermaid | was released | - | on | 27 of December 2012 |
| #3 | Mermaid | was written | - | by | Espen Lind |
| #4 | This'll be my year by Train | was followed | by | Mermaid | - | - |","# Output
| id | sbj       | pred      | obj_d        | obj_i | sig      | adv/cl/comp/sent        |
|----|-----------|-----------|--------------|-------|----------|-------------------------|
| #0 | Mermaid   | is        | a pop rock song | -     | -        | -                       |
| #1 | Mermaid   | is by     | the band Train | -     | -        | -                       |
| #2 | Mermaid   | has       | a length      | of 3 minutes and 16 seconds | -        | -                       |
| #3 | Mermaid   | was released | -          | on 27 of December 2012 | -        | -                       |
| #4 | Mermaid   | was written | -           | by Espen Lind | -        | -                       |
| #5 | This'll be my year | was followed | by Mermaid | - | -        | -                       |
| #6 | This'll be my year | is by         | Train      | - | -        | -                       |","# Output
| id | sbj       | pred          | obj_d      | obj_i | sig | adv/cl/comp/sent              |
|----|-----------|---------------|------------|-------|-----|-------------------------------|
| #0 | Mermaid   | is            | a song     | by the band Train | - | -                           |
| #1 | Mermaid   | is            | -          | -     | in  | the genre of pop rock         |
| #2 | Mermaid   | has           | a length   | of 3 minutes and 16 seconds | - | -                 |
| #3 | Mermaid   | was released  | -          | on 27 of December 2012 | - | -                    |
| #4 | Mermaid   | was written   | -          | by Espen Lind | - | -                             |
| #5 | This'll be my year by Train | was followed | by Mermaid | - | - | -                       |
| #6 | Train     | released      | Mermaid    | -     | - | -                                   |
| #7 | Train     | has           | a song     | -     | called | Mermaid                         |"
reference2,172,Nord is an e-vinyl album by Year of No Light on the record label Crucial Blast.,"| id | sbj             | pred   | obj_d         | obj_i | sig | adv/cl/comp/sent |
|----|-----------------|--------|---------------|-------|-----|------------------|
| #0 | Nord            | is     | an e-vinyl album | -     | by  | Year of No Light |
| #1 | Nord            | is on  | the record label Crucial Blast | -     | -   | -                |
| #2 | Year of No Light | has album | Nord         | -     | -   | -                |","| id | sbj             | pred | obj_d         | obj_i | sig | adv/cl/comp/sent |
|----|-----------------|------|---------------|-------|-----|------------------|
| #0 | Nord            | is   | an e-vinyl album | -     | by  | Year of No Light |
| #1 | Nord            | is   | -              | on    | the record label Crucial Blast |","| id | sbj             | pred       | obj_d          | obj_i | sig | adv/cl/comp/sent |
|----|-----------------|------------|----------------|-------|-----|------------------|
| #0 | Nord            | is         | an e-vinyl album | -     | by  | Year of No Light |
| #1 | Year of No Light| released   | Nord            | on the record label Crucial Blast | -   | -                |"
reference2,173,"Estádio Municipal Coaracy da Mata Fonseca, in Arapiraca, is the name of the ground of Agremiação Sportiva Arapiraquense, which is a team that play in the Campeonato Brasileiro Série C league in Brazil. The team played in the 2015 season.","| id | sbj | pred | obj_d | obj_i | sig | adv/cl/comp/sent |
|----|-----|------|-------|-------|-----|-----------------|
| #0 | Estádio Municipal Coaracy da Mata Fonseca | is located in | Arapiraca | - | - | - |
| #1 | Estádio Municipal Coaracy da Mata Fonseca | is the name of the ground of | Agremiação Sportiva Arapiraquense | - | - | - |
| #2 | Agremiação Sportiva Arapiraquense | is a team that plays | - | in the Campeonato Brasileiro Série C league | - | in Brazil |
| #3 | Agremiação Sportiva Arapiraquense | played | - | in the 2015 season | - | - |","| id | sbj | pred | obj_d | obj_i | sig | adv/cl/comp/sent |
| - | - | - | - | - | - | - |
| #0 | Estádio Municipal Coaracy da Mata Fonseca | is located in | Arapiraca | - | - | - |
| #1 | Estádio Municipal Coaracy da Mata Fonseca | is the name of the ground of | Agremiação Sportiva Arapiraquense | - | - | - |
| #2 | Agremiação Sportiva Arapiraquense | is a team | - | - | that | plays in the Campeonato Brasileiro Série C league in Brazil |
| #3 | Agremiação Sportiva Arapiraquense | played | - | in | the 2015 season |","| id | sbj | pred | obj_d | obj_i | sig | adv/cl/comp/sent |
| - | - | - | - | - | - | - |
| #0 | Estádio Municipal Coaracy da Mata Fonseca | is located | - | in Arapiraca | - | - |
| #1 | Estádio Municipal Coaracy da Mata Fonseca | is the name of the ground | of Agremiação Sportiva Arapiraquense | - | - | - |
| #2 | Agremiação Sportiva Arapiraquense | is a team | - | - | that | plays in the Campeonato Brasileiro Série C league in Brazil |
| #3 | Agremiação Sportiva Arapiraquense | played | - | in the 2015 season | - | - |"
reference2,174,Aaron Turner (originally from Boston) sings post-metal music for a living and played with the band Twilight.,"# Output
| id | sbj           | pred    | obj_d            | obj_i | sig | adv/cl/comp/sent |
|----|---------------|---------|------------------|-------|-----|------------------|
| #0 | Aaron Turner  | sings   | post-metal music | for a living | - | -               |
| #1 | Aaron Turner  | played  | -                | with the band Twilight | - | -    |
| #2 | Aaron Turner  | is from | Boston           | -     | -   | -                 |
| #3 | the band Twilight | has member | Aaron Turner | - | - | -                 |","| id | sbj           | pred     | obj_d            | obj_i | sig | adv/cl/comp/sent |
|----|---------------|----------|------------------|-------|-----|------------------|
| #0 | Aaron Turner  | sings    | post-metal music | -     | for | a living         |
| #1 | Aaron Turner  | played   | with the band Twilight | -  | -   | -                |
| #2 | Aaron Turner  | is from  | Boston           | -     | -   | -                |","# Output
| id | sbj | pred | pred | obj_d | obj_i | sig | adv/cl/comp/sent |
| - | - | - | - | - | - | - | - |
| #0 | Aaron Turner | sings | post-metal music | for a living | - | - |
| #1 | Aaron Turner | played | - | with the band Twilight | - | - |
| #2 | Aaron Turner | is originally from | Boston | - | - | - |"
reference2,175,"The Fellowship of the Ring was published on July 29, 1954, and J.R.R. Tolkien was the author. The Fellowship of the Ring was followed by The Two Towers and the Hobbit came before The Fellowship of the Ring.","| id | sbj | pred | obj_d | obj_i | sig | adv/cl/comp/sent |
| - | - | - | - | - | - | - |
| #0 | The Fellowship of the Ring | was published | - | on July 29, 1954 | - | - |
| #1 | J.R.R. Tolkien | was | the author | of The Fellowship of the Ring | - | - |
| #2 | The Fellowship of the Ring | was followed by | The Two Towers | - | - | - |
| #3 | The Hobbit | came before | The Fellowship of the Ring | - | - | - |","| id | sbj | pred | obj_d | obj_i | sig | adv/cl/comp/sent |
| - | - | - | - | - | - | - |
| #0 | The Fellowship of the Ring | was published | - | on July 29, 1954 | - | - |
| #1 | J.R.R. Tolkien | was | the author | of The Fellowship of the Ring | - | - |
| #2 | The Fellowship of the Ring | was followed by | The Two Towers | - | - | - |
| #3 | The Hobbit | came before | The Fellowship of the Ring | - | - | - |","| id | sbj | pred | obj_d | obj_i | sig | adv/cl/comp/sent |
| - | - | - | - | - | - | - |
| #0 | The Fellowship of the Ring | was published | - | on July 29, 1954 | - | - |
| #1 | J.R.R. Tolkien | was | the author | of The Fellowship of the Ring | - | - |
| #2 | The Fellowship of the Ring | was followed by | The Two Towers | - | - | - |
| #3 | The Hobbit | came before | The Fellowship of the Ring | - | - | - |"
reference2,176,"Being a part of Morelos, Ciudad Ayala has a population density of 1604.0.","| id | sbj         | pred               | obj_d           | obj_i | sig | adv/cl/comp/sent |
|----|-------------|--------------------|-----------------|-------|-----|------------------|
| #0 | Ciudad Ayala| is a part of       | Morelos         | -     | -   | -                |
| #1 | Ciudad Ayala| has a population density of | 1604.0         | -     | -   | -                |","| id | sbj          | pred                | obj_d | obj_i | sig | adv/cl/comp/sent |
|----|--------------|---------------------|-------|-------|-----|------------------|
| #0 | Ciudad Ayala | is a part of        | Morelos | -   | -   | -                |
| #1 | Ciudad Ayala | has a population density | 1604.0 | -   | -   | -                |","| id | sbj          | pred                | obj_d             | obj_i | sig | adv/cl/comp/sent |
|----|--------------|---------------------|-------------------|-------|-----|------------------|
| #0 | Ciudad Ayala | is a part of        | Morelos           | -     | -   | -                |
| #1 | Ciudad Ayala | has a population density | 1604.0          | -     | -   | -                |"
reference2,177,"Darinka Dentcheva, a citizen of the United States, is a professional in the field of mathematical optimization.","| id | sbj               | pred          | obj_d | obj_i | sig | adv/cl/comp/sent |
|----|-------------------|---------------|-------|-------|-----|------------------|
| #0 | Darinka Dentcheva | is a citizen  | -     | of    | the United States  |
| #1 | Darinka Dentcheva | is a professional | - | in   | the field of mathematical optimization |","| id | sbj             | pred            | obj_d | obj_i | sig | adv/cl/comp/sent |
|----|-----------------|-----------------|-------|-------|-----|------------------|
| #0 | Darinka Dentcheva | is a citizen of | the United States | -   | -   | -                |
| #1 | Darinka Dentcheva | is a professional | -     | in the field of mathematical optimization | -   | -                |","| id | sbj             | pred          | obj_d | obj_i | sig | adv/cl/comp/sent |
|----|-----------------|---------------|-------|-------|-----|------------------|
| #0 | Darinka Dentcheva | is a citizen of | the United States | - | - | - |
| #1 | Darinka Dentcheva | is a professional | - | in the field of mathematical optimization | - | - |"
reference2,178,GMA New Media is located in the GMA Network Center in the Philippines and offers applications in the entertainment industry.,"# Output
| id | sbj | pred | obj_d | obj_i | sig | adv/cl/comp/sent |
| - | - | - | - | - | - | - |
| #0 | GMA New Media | is located | - | in the GMA Network Center | in | the Philippines |
| #1 | GMA New Media | offers | applications | in the entertainment industry | - | - |","| id | sbj            | pred    | obj_d | obj_i | sig | adv/cl/comp/sent             |
|----|----------------|---------|-------|-------|-----|------------------------------|
| #0 | GMA New Media  | is located | -     | in the GMA Network Center | -   | -                            |
| #1 | GMA Network Center | is located | -     | in the Philippines       | -   | -                            |
| #2 | GMA New Media  | offers  | applications | in the entertainment industry | -   | -                            |","| id | sbj | pred | obj_d | obj_i | sig | adv/cl/comp/sent |
| - | - | - | - | - | - | - |
| #0 | GMA New Media | is located | - | in the GMA Network Center | - | - |
| #1 | the GMA Network Center | is located | - | in the Philippines | - | - |
| #2 | GMA New Media | offers | applications | in the entertainment industry | - | - |"
reference3,47,La Crosse is part of La Crosse County in Wisconsin.,"| id | sbj        | pred | obj_d             | obj_i | sig | adv/cl/comp/sent |
|----|------------|------|-------------------|-------|-----|------------------|
| #0 | La Crosse  | is part of | La Crosse County | in Wisconsin | - | - |","| id | sbj        | pred | obj_d            | obj_i | sig | adv/cl/comp/sent |
|----|------------|------|------------------|-------|-----|------------------|
| #0 | La Crosse  | is part of | La Crosse County | in Wisconsin | -   | -                |","| id | sbj         | pred       | obj_d            | obj_i | sig | adv/cl/comp/sent |
|----|-------------|------------|------------------|-------|-----|------------------|
| #0 | La Crosse   | is part of | La Crosse County | in    | Wisconsin |                  |"
reference3,88,GMA New Media is a branch of the GMA Network company.,"| id | sbj           | pred | obj_d | obj_i | sig | adv/cl/comp/sent |
|----|---------------|------|-------|-------|-----|------------------|
| #0 | GMA New Media | is   | a branch | -   | of  | the GMA Network company |","| id | sbj            | pred  | obj_d        | obj_i | sig | adv/cl/comp/sent |
|----|----------------|-------|--------------|-------|-----|------------------|
| #0 | GMA New Media  | is    | a branch     | of    | the GMA Network company |","| id | sbj          | pred | obj_d        | obj_i | sig | adv/cl/comp/sent |
|----|--------------|------|--------------|-------|-----|-----------------|
| #0 | GMA New Media | is a branch | - | of the GMA Network company | - | - |"
