

2025-04-19 14:03:14.409687
human - human
CORRECTNESS - CORRECTNESS
mean pearson: 1.0, samples 1000 , interval: 0.9999999999999998, 1.0
mean spearman: 1.0, samples 1000 , interval: 1.0, 1.0
mean kendal: 1.0, samples 1000 , interval: 1.0, 1.0
CORRECTNESS - DATACOVERAGE
mean pearson: 0.9662786084689705, samples 1000 , interval: 0.9463642479838703, 0.9822993454440097
mean spearman: 0.811744117647059, samples 1000 , interval: 0.7029411764705883, 0.9088235294117648
mean kendal: 0.668733333333334, samples 1000 , interval: 0.5499999999999999, 0.7833333333333333
CORRECTNESS - FLUENCY
mean pearson: 0.8069641548052062, samples 1000 , interval: 0.7560599704400868, 0.8538778026886336
mean spearman: 0.7709999999999996, samples 1000 , interval: 0.6441176470588235, 0.8764705882352942
mean kendal: 0.6003350083752099, samples 1000 , interval: 0.4666666666666666, 0.7166666666666667
CORRECTNESS - RELEVANCE
mean pearson: 0.9785537230544266, samples 1000 , interval: 0.9641421257871219, 0.9902307878667371
mean spearman: 0.8152717199104087, samples 998 , interval: 0.6735294117647058, 0.9264705882352942
mean kendal: 0.6654296221999314, samples 998 , interval: 0.5166666666666667, 0.7999999999999999
CORRECTNESS - TEXTSTRUCTURE
mean pearson: 0.7956366388538061, samples 1000 , interval: 0.7370926758989559, 0.8469144744990853
mean spearman: 0.769452941176471, samples 1000 , interval: 0.6441176470588235, 0.8735294117647058
mean kendal: 0.5959879638916747, samples 1000 , interval: 0.4666666666666666, 0.7166666666666667
DATACOVERAGE - CORRECTNESS
mean pearson: 0.9662786084689705, samples 1000 , interval: 0.9463642479838703, 0.9822993454440097
mean spearman: 0.811744117647059, samples 1000 , interval: 0.7029411764705883, 0.9088235294117648
mean kendal: 0.668733333333334, samples 1000 , interval: 0.5499999999999999, 0.7833333333333333
DATACOVERAGE - DATACOVERAGE
mean pearson: 1.0, samples 1000 , interval: 0.9999999999999998, 1.0
mean spearman: 1.0, samples 1000 , interval: 1.0, 1.0
mean kendal: 1.0, samples 1000 , interval: 1.0, 1.0
DATACOVERAGE - FLUENCY
mean pearson: 0.7152076983045863, samples 1000 , interval: 0.6354892612362645, 0.7881469680262181
mean spearman: 0.5648314996101527, samples 679 , interval: 0.5058823529411764, 0.6441176470588235
mean kendal: 0.4361655773420471, samples 679 , interval: 0.38333333333333336, 0.5166666666666667
DATACOVERAGE - RELEVANCE
mean pearson: 0.9364287757665777, samples 1000 , interval: 0.9056725988395238, 0.9621264256806338
mean spearman: 0.8061215450035444, samples 996 , interval: 0.6676470588235294, 0.9147058823529413
mean kendal: 0.6440703517587941, samples 996 , interval: 0.5, 0.7666666666666667
DATACOVERAGE - TEXTSTRUCTURE
mean pearson: 0.692761825565758, samples 999 , interval: 0.6043629962853536, 0.7721491153628579
mean spearman: 0.5533120886009819, samples 563 , interval: 0.5029411764705883, 0.6205882352941177
mean kendal: 0.4259689922480618, samples 563 , interval: 0.38333333333333336, 0.5
FLUENCY - CORRECTNESS
mean pearson: 0.8069641548052062, samples 1000 , interval: 0.7560599704400868, 0.8538778026886336
mean spearman: 0.7709999999999996, samples 1000 , interval: 0.6441176470588235, 0.8764705882352942
mean kendal: 0.6003350083752099, samples 1000 , interval: 0.4666666666666666, 0.7166666666666667
FLUENCY - DATACOVERAGE
mean pearson: 0.7152076983045863, samples 1000 , interval: 0.6354892612362645, 0.7881469680262181
mean spearman: 0.5648314996101527, samples 679 , interval: 0.5058823529411764, 0.6441176470588235
mean kendal: 0.4361655773420471, samples 679 , interval: 0.38333333333333336, 0.5166666666666667
FLUENCY - FLUENCY
mean pearson: 1.0, samples 1000 , interval: 0.9999999999999998, 1.0
mean spearman: 1.0, samples 1000 , interval: 1.0, 1.0
mean kendal: 1.0, samples 1000 , interval: 1.0, 1.0
FLUENCY - RELEVANCE
mean pearson: 0.7689247035370753, samples 1000 , interval: 0.709508080008065, 0.827246555149656
mean spearman: 0.6338342898134861, samples 820 , interval: 0.5147058823529412, 0.7794117647058825
mean kendal: 0.484379358437935, samples 820 , interval: 0.38333333333333336, 0.6166666666666666
FLUENCY - TEXTSTRUCTURE
mean pearson: 0.9874315741957089, samples 1000 , interval: 0.9781253802014801, 0.9941581093447851
mean spearman: 0.9781470588235408, samples 1000 , interval: 0.9558823529411766, 0.9941176470588234
mean kendal: 0.9102833333333276, samples 1000 , interval: 0.8499999999999999, 0.9666666666666667
RELEVANCE - CORRECTNESS
mean pearson: 0.9785537230544266, samples 1000 , interval: 0.9641421257871219, 0.9902307878667371
mean spearman: 0.8152717199104087, samples 998 , interval: 0.6735294117647058, 0.9264705882352942
mean kendal: 0.6654296221999314, samples 998 , interval: 0.5166666666666667, 0.7999999999999999
RELEVANCE - DATACOVERAGE
mean pearson: 0.9364287757665777, samples 1000 , interval: 0.9056725988395238, 0.9621264256806338
mean spearman: 0.8061215450035444, samples 996 , interval: 0.6676470588235294, 0.9147058823529413
mean kendal: 0.6440703517587941, samples 996 , interval: 0.5, 0.7666666666666667
RELEVANCE - FLUENCY
mean pearson: 0.7689247035370753, samples 1000 , interval: 0.709508080008065, 0.827246555149656
mean spearman: 0.6338342898134861, samples 820 , interval: 0.5147058823529412, 0.7794117647058825
mean kendal: 0.484379358437935, samples 820 , interval: 0.38333333333333336, 0.6166666666666666
RELEVANCE - RELEVANCE
mean pearson: 1.0, samples 1000 , interval: 0.9999999999999998, 1.0
mean spearman: 1.0, samples 1000 , interval: 1.0, 1.0
mean kendal: 1.0, samples 1000 , interval: 1.0, 1.0
RELEVANCE - TEXTSTRUCTURE
mean pearson: 0.7602434162688942, samples 1000 , interval: 0.6956799385799518, 0.81920298914314
mean spearman: 0.6234287631402369, samples 789 , interval: 0.5147058823529412, 0.7588235294117647
mean kendal: 0.478323699421965, samples 789 , interval: 0.38333333333333336, 0.6
TEXTSTRUCTURE - CORRECTNESS
mean pearson: 0.7956366388538061, samples 1000 , interval: 0.7370926758989559, 0.8469144744990853
mean spearman: 0.769452941176471, samples 1000 , interval: 0.6441176470588235, 0.8735294117647058
mean kendal: 0.5959879638916747, samples 1000 , interval: 0.4666666666666666, 0.7166666666666667
TEXTSTRUCTURE - DATACOVERAGE
mean pearson: 0.692761825565758, samples 999 , interval: 0.6043629962853536, 0.7721491153628579
mean spearman: 0.5533120886009819, samples 563 , interval: 0.5029411764705883, 0.6205882352941177
mean kendal: 0.4259689922480618, samples 563 , interval: 0.38333333333333336, 0.5
TEXTSTRUCTURE - FLUENCY
mean pearson: 0.9874315741957089, samples 1000 , interval: 0.9781253802014801, 0.9941581093447851
mean spearman: 0.9781470588235408, samples 1000 , interval: 0.9558823529411766, 0.9941176470588234
mean kendal: 0.9102833333333276, samples 1000 , interval: 0.8499999999999999, 0.9666666666666667
TEXTSTRUCTURE - RELEVANCE
mean pearson: 0.7602434162688942, samples 1000 , interval: 0.6956799385799518, 0.81920298914314
mean spearman: 0.6234287631402369, samples 789 , interval: 0.5147058823529412, 0.7588235294117647
mean kendal: 0.478323699421965, samples 789 , interval: 0.38333333333333336, 0.6
TEXTSTRUCTURE - TEXTSTRUCTURE
mean pearson: 1.0, samples 1000 , interval: 0.9999999999999998, 1.0
mean spearman: 1.0, samples 1000 , interval: 1.0, 1.0
mean kendal: 1.0, samples 1000 , interval: 1.0, 1.0

human - metrics
CORRECTNESS
CORRECTNESS metrics_results/webnlg2020/parent_f1
mean pearson: 0.826378034975512, samples 1000 , interval: 0.7581066860322692, 0.8863996499974661
mean spearman: 0.6357949024590784, samples 787 , interval: 0.5117647058823529, 0.7764705882352941
mean kendal: 0.4844475394614666, samples 787 , interval: 0.38333333333333336, 0.6166666666666666
CORRECTNESS metrics_results/webnlg2020/meteor
mean pearson: 0.7282945664090794, samples 1000 , interval: 0.6441019397746467, 0.8041011995042235
mean spearman: 0.7568342567487915, samples 998 , interval: 0.6058823529411764, 0.8764705882352942
mean kendal: 0.602579564489113, samples 998 , interval: 0.4666666666666666, 0.7333333333333334
CORRECTNESS metrics_results/webnlg2020/bert-f1
mean pearson: 0.8308539950340684, samples 1000 , interval: 0.7520604027385468, 0.8876492547189653
mean spearman: 0.7774509803921574, samples 999 , interval: 0.65, 0.8794117647058824
mean kendal: 0.6048048048048043, samples 999 , interval: 0.48333333333333334, 0.7166666666666667
CORRECTNESS metrics_results/webnlg2020/bart-faith
mean pearson: 0.6736818815984325, samples 1000 , interval: 0.6003413353878838, 0.7364320253710568
mean spearman: 0.5430703012912483, samples 205 , interval: 0.5029411764705883, 0.6088235294117647
mean kendal: 0.4196396396396399, samples 205 , interval: 0.38333333333333336, 0.48333333333333334
CORRECTNESS metrics_results/webnlg2020/bleu
mean pearson: 0.5963781573631207, samples 971 , interval: 0.5237089812683344, 0.670475806741079
mean spearman: 0.6437027370675235, samples 879 , interval: 0.5264705882352941, 0.7764705882352941
mean kendal: 0.48479768786127087, samples 879 , interval: 0.38333333333333336, 0.6
CORRECTNESS metrics_results/webnlg2020/bart
mean pearson: 0.9057909017675787, samples 1000 , interval: 0.8762891088548381, 0.9332831545440494
mean spearman: 0.8321088235294114, samples 1000 , interval: 0.7176470588235294, 0.9235294117647058
mean kendal: 0.6763333333333318, samples 1000 , interval: 0.5666666666666667, 0.7833333333333333
CORRECTNESS metrics_results/webnlg2020/fact-spotter
mean pearson: 0.9467484145585645, samples 1000 , interval: 0.9148490408733518, 0.9722034800333277
mean spearman: 0.8022117647058827, samples 1000 , interval: 0.6764705882352942, 0.9058823529411765
mean kendal: 0.6420587253920582, samples 1000 , interval: 0.5, 0.7666666666666667
CORRECTNESS metrics_results/webnlg2020/infolm
mean pearson: 0.557246625432898, samples 82 , interval: 0.4996103727732327, 0.6639278829454728
mean spearman: 0.33398692810457514, samples 9 , interval: -0.5323529411764706, 0.6823529411764706
mean kendal: 0.4261904761904762, samples 9 , interval: 0.38333333333333336, 0.5
CORRECTNESS metrics_results/webnlg2020/bleurt
mean pearson: 0.9306894006399731, samples 1000 , interval: 0.9063641575673069, 0.9501340847020737
mean spearman: 0.829179411764706, samples 1000 , interval: 0.7147058823529412, 0.9205882352941176
mean kendal: 0.6763666666666653, samples 1000 , interval: 0.5499999999999999, 0.7999999999999999
DATACOVERAGE
DATACOVERAGE metrics_results/webnlg2020/parent_f1
mean pearson: 0.7838333278447375, samples 1000 , interval: 0.7048988418724547, 0.8546063832795874
mean spearman: 0.6032914998460117, samples 764 , interval: 0.5088235294117647, 0.7176470588235294
mean kendal: 0.4538064165307227, samples 764 , interval: 0.38333333333333336, 0.5499999999999999
DATACOVERAGE metrics_results/webnlg2020/meteor
mean pearson: 0.6568068682556745, samples 996 , interval: 0.5644310599619146, 0.742025625626217
mean spearman: 0.5825841784989857, samples 725 , interval: 0.5088235294117647, 0.6705882352941177
mean kendal: 0.44971111111110956, samples 725 , interval: 0.38333333333333336, 0.5333333333333333
DATACOVERAGE metrics_results/webnlg2020/bert-f1
mean pearson: 0.7477131973915173, samples 1000 , interval: 0.6579687774648559, 0.8183369340982218
mean spearman: 0.5825879588027926, samples 851 , interval: 0.5117647058823529, 0.6647058823529411
mean kendal: 0.4367311827956973, samples 851 , interval: 0.38333333333333336, 0.5166666666666667
DATACOVERAGE metrics_results/webnlg2020/bart-faith
mean pearson: 0.6826887110067035, samples 1000 , interval: 0.6095330264673334, 0.7502721465785113
mean spearman: 0.6179735234215885, samples 982 , interval: 0.5352941176470588, 0.6882352941176471
mean kendal: 0.4692788815305359, samples 982 , interval: 0.38333333333333336, 0.5499999999999999
DATACOVERAGE metrics_results/webnlg2020/bleu
mean pearson: 0.5396363108896564, samples 411 , interval: 0.5014193687828614, 0.6042224072076305
mean spearman: 0.536046511627907, samples 43 , interval: 0.5, 0.6058823529411764
mean kendal: 0.4053333333333333, samples 43 , interval: 0.38333333333333336, 0.4666666666666666
DATACOVERAGE metrics_results/webnlg2020/bart
mean pearson: 0.8699848935834747, samples 1000 , interval: 0.8271553000302865, 0.9050187764181596
mean spearman: 0.7149352941176462, samples 1000 , interval: 0.6029411764705882, 0.8147058823529412
mean kendal: 0.533983983983985, samples 1000 , interval: 0.43333333333333335, 0.6333333333333333
DATACOVERAGE metrics_results/webnlg2020/fact-spotter
mean pearson: 0.9141457872058948, samples 1000 , interval: 0.8743228749333518, 0.9477014389535307
mean spearman: 0.8710117647058812, samples 1000 , interval: 0.7735294117647058, 0.9470588235294116
mean kendal: 0.7154833333333325, samples 1000 , interval: 0.6, 0.8333333333333333
DATACOVERAGE metrics_results/webnlg2020/infolm
mean pearson: 0.5712636654630332, samples 57 , interval: 0.5049003431350034, 0.6746374414422205
mean spearman: 0.5660633484162896, samples 39 , interval: 0.5029411764705883, 0.6764705882352942
mean kendal: 0.42688172043010747, samples 39 , interval: 0.38333333333333336, 0.5333333333333333
DATACOVERAGE metrics_results/webnlg2020/bleurt
mean pearson: 0.8696150997740164, samples 1000 , interval: 0.8300488623277116, 0.9045285388316291
mean spearman: 0.6558584652134966, samples 985 , interval: 0.55, 0.7558823529411764
mean kendal: 0.5062500000000004, samples 985 , interval: 0.41666666666666663, 0.6
FLUENCY
FLUENCY metrics_results/webnlg2020/parent_f1
mean pearson: 0.6726463379450278, samples 992 , interval: 0.5657794438563983, 0.773416771705997
mean spearman: 0.6708173219036347, samples 796 , interval: 0.5205882352941177, 0.823529411764706
mean kendal: 0.4995983935742966, samples 796 , interval: 0.39999999999999997, 0.6333333333333333
FLUENCY metrics_results/webnlg2020/meteor
mean pearson: 0.8863254422284038, samples 1000 , interval: 0.8413940773562919, 0.925163066182688
mean spearman: 0.8955999999999945, samples 1000 , interval: 0.8411764705882352, 0.9382352941176471
mean kendal: 0.74245, samples 1000 , interval: 0.6666666666666667, 0.8166666666666667
FLUENCY metrics_results/webnlg2020/bert-f1
mean pearson: 0.9079630427441485, samples 1000 , interval: 0.864015177380113, 0.9424835393222742
mean spearman: 0.9351676470588246, samples 1000 , interval: 0.8911764705882352, 0.9676470588235294
mean kendal: 0.8079666666666684, samples 1000 , interval: 0.7333333333333334, 0.8833333333333333
FLUENCY metrics_results/webnlg2020/bart-faith
mean pearson: 0.5188734758697918, samples 12 , interval: 0.4980440548166288, 0.5752586644568419
FLUENCY metrics_results/webnlg2020/bleu
mean pearson: 0.8713064403914164, samples 1000 , interval: 0.8254670736184635, 0.91106172251082
mean spearman: 0.8484705882352952, samples 1000 , interval: 0.7735294117647058, 0.9176470588235294
mean kendal: 0.6824499999999989, samples 1000 , interval: 0.5666666666666667, 0.7833333333333333
FLUENCY metrics_results/webnlg2020/bart
mean pearson: 0.7785927407756932, samples 1000 , interval: 0.7124935231803967, 0.8421478668857455
mean spearman: 0.8191941176470591, samples 1000 , interval: 0.7411764705882353, 0.8823529411764707
mean kendal: 0.6391833333333325, samples 1000 , interval: 0.5499999999999999, 0.7166666666666667
FLUENCY metrics_results/webnlg2020/fact-spotter
mean pearson: 0.7286637998646609, samples 1000 , interval: 0.655325003839379, 0.796780689337924
mean spearman: 0.6222187044893306, samples 929 , interval: 0.5205882352941177, 0.75
mean kendal: 0.4756336405529941, samples 929 , interval: 0.38333333333333336, 0.5833333333333334
FLUENCY metrics_results/webnlg2020/infolm
mean pearson: 0.5344373750907201, samples 5 , interval: 0.5181809668447225, 0.5625881373510326
mean spearman: 0.5801470588235293, samples 4 , interval: 0.5205882352941177, 0.6382352941176471
mean kendal: 0.4583333333333333, samples 4 , interval: 0.45, 0.4666666666666666
FLUENCY metrics_results/webnlg2020/bleurt
mean pearson: 0.9060327829035043, samples 1000 , interval: 0.8677725139593956, 0.9387021659487595
mean spearman: 0.9254147058823502, samples 1000 , interval: 0.8794117647058824, 0.961764705882353
mean kendal: 0.7856500000000014, samples 1000 , interval: 0.7, 0.8499999999999999
RELEVANCE
RELEVANCE metrics_results/webnlg2020/parent_f1
mean pearson: 0.8231900451854975, samples 1000 , interval: 0.7443726869737741, 0.88585906908005
mean spearman: 0.6328707240471942, samples 693 , interval: 0.5147058823529412, 0.7823529411764706
mean kendal: 0.48504077471967255, samples 693 , interval: 0.38333333333333336, 0.6166666666666666
RELEVANCE metrics_results/webnlg2020/meteor
mean pearson: 0.704702212247531, samples 1000 , interval: 0.6130158334187954, 0.7864772892670376
mean spearman: 0.646969921469847, samples 794 , interval: 0.5176470588235293, 0.7999999999999999
mean kendal: 0.5000415627597664, samples 794 , interval: 0.39999999999999997, 0.65
RELEVANCE metrics_results/webnlg2020/bert-f1
mean pearson: 0.8100443634990051, samples 1000 , interval: 0.7368487762663882, 0.8684628841337214
mean spearman: 0.6592998721227624, samples 920 , interval: 0.5205882352941177, 0.8088235294117646
mean kendal: 0.5076331360946736, samples 920 , interval: 0.39999999999999997, 0.65
RELEVANCE metrics_results/webnlg2020/bart-faith
mean pearson: 0.6897507912588855, samples 999 , interval: 0.6133321197076709, 0.756367626886298
mean spearman: 0.5909758158200444, samples 557 , interval: 0.5088235294117647, 0.6941176470588235
mean kendal: 0.4552238805970146, samples 557 , interval: 0.38333333333333336, 0.5499999999999999
RELEVANCE metrics_results/webnlg2020/bleu
mean pearson: 0.5699682887794252, samples 853 , interval: 0.5072638587874791, 0.645715531159052
mean spearman: 0.6000499714448887, samples 412 , interval: 0.5058823529411764, 0.7411764705882353
mean kendal: 0.4523063533507402, samples 412 , interval: 0.38333333333333336, 0.5666666666666667
RELEVANCE metrics_results/webnlg2020/bart
mean pearson: 0.8873262832664939, samples 1000 , interval: 0.8460588303731945, 0.9225627271518059
mean spearman: 0.7174928964391505, samples 973 , interval: 0.5558823529411765, 0.8647058823529412
mean kendal: 0.5684993084370675, samples 973 , interval: 0.41666666666666663, 0.7166666666666667
RELEVANCE metrics_results/webnlg2020/fact-spotter
mean pearson: 0.9624119456688393, samples 1000 , interval: 0.9380986712012518, 0.9810381723984125
mean spearman: 0.7999970410699482, samples 994 , interval: 0.6470588235294118, 0.9235294117647058
mean kendal: 0.6487399193548381, samples 994 , interval: 0.48333333333333334, 0.7999999999999999
RELEVANCE metrics_results/webnlg2020/infolm
mean pearson: 0.5633716706639882, samples 148 , interval: 0.5042449480690349, 0.6791321039591223
mean spearman: 0.5662683823529412, samples 32 , interval: 0.5029411764705883, 0.6588235294117648
mean kendal: 0.3960000000000001, samples 32 , interval: 0.38333333333333336, 0.5
RELEVANCE metrics_results/webnlg2020/bleurt
mean pearson: 0.9107051914683328, samples 1000 , interval: 0.8798067477181134, 0.9376980565975804
mean spearman: 0.6995719701602057, samples 962 , interval: 0.5441176470588236, 0.8441176470588234
mean kendal: 0.5580000000000007, samples 962 , interval: 0.41666666666666663, 0.7
TEXTSTRUCTURE
TEXTSTRUCTURE metrics_results/webnlg2020/parent_f1
mean pearson: 0.6493065122610158, samples 975 , interval: 0.5380495847871998, 0.7552547049448282
mean spearman: 0.6599269721531181, samples 733 , interval: 0.5147058823529412, 0.8058823529411765
mean kendal: 0.4944837340876946, samples 733 , interval: 0.38333333333333336, 0.6333333333333333
TEXTSTRUCTURE metrics_results/webnlg2020/meteor
mean pearson: 0.8645921852630771, samples 1000 , interval: 0.811345012752251, 0.9125916101475978
mean spearman: 0.8813823529411735, samples 1000 , interval: 0.8176470588235294, 0.9323529411764706
mean kendal: 0.7243999999999986, samples 1000 , interval: 0.6333333333333333, 0.7999999999999999
TEXTSTRUCTURE metrics_results/webnlg2020/bert-f1
mean pearson: 0.8898288252674279, samples 1000 , interval: 0.8410835049538257, 0.9320734937544987
mean spearman: 0.9236176470588219, samples 1000 , interval: 0.8735294117647058, 0.961764705882353
mean kendal: 0.7895500000000025, samples 1000 , interval: 0.7, 0.8666666666666667
TEXTSTRUCTURE metrics_results/webnlg2020/bart-faith
mean pearson: 0.5212487882843125, samples 3 , interval: 0.5018803733390934, 0.5571313629052229
TEXTSTRUCTURE metrics_results/webnlg2020/bleu
mean pearson: 0.8691277877220931, samples 1000 , interval: 0.817042150640281, 0.9133417498074292
mean spearman: 0.8473205882352948, samples 1000 , interval: 0.7676470588235293, 0.9176470588235294
mean kendal: 0.6834999999999994, samples 1000 , interval: 0.5666666666666667, 0.7833333333333333
TEXTSTRUCTURE metrics_results/webnlg2020/bart
mean pearson: 0.7543063108953303, samples 1000 , interval: 0.6832134942223601, 0.8222943274797634
mean spearman: 0.8044205882352943, samples 1000 , interval: 0.7235294117647059, 0.8735294117647058
mean kendal: 0.6253666666666667, samples 1000 , interval: 0.5333333333333333, 0.7166666666666667
TEXTSTRUCTURE metrics_results/webnlg2020/fact-spotter
mean pearson: 0.7138155314376153, samples 1000 , interval: 0.6310142094260949, 0.791765998668294
mean spearman: 0.6084705882352933, samples 875 , interval: 0.5176470588235293, 0.7264705882352941
mean kendal: 0.46856240126382176, samples 875 , interval: 0.38333333333333336, 0.5666666666666667
TEXTSTRUCTURE metrics_results/webnlg2020/infolm
mean pearson: 0.5277153148900126, samples 7 , interval: 0.4988721993394503, 0.5548912655531574
mean spearman: 0.5441176470588236, samples 5 , interval: 0.5, 0.6147058823529412
mean kendal: 0.39999999999999997, samples 5 , interval: 0.38333333333333336, 0.41666666666666663
TEXTSTRUCTURE metrics_results/webnlg2020/bleurt
mean pearson: 0.8904888215639178, samples 1000 , interval: 0.8466642692690262, 0.9316400080266055
mean spearman: 0.9123970588235242, samples 1000 , interval: 0.8617647058823529, 0.9529411764705882
mean kendal: 0.767466666666668, samples 1000 , interval: 0.6833333333333333, 0.8499999999999999


2025-04-20 00:57:44.390867
System level human - human
CORRECTNESS - CORRECTNESS
mean pearson: 1.0, samples 1000 , interval: 0.9999999999999998, 1.0
mean spearman: 1.0, samples 1000 , interval: 1.0, 1.0
mean kendal: 1.0, samples 1000 , interval: 1.0, 1.0
CORRECTNESS - DATACOVERAGE
mean pearson: 0.9662786084689705, samples 1000 , interval: 0.9463642479838703, 0.9822993454440097
mean spearman: 0.811744117647059, samples 1000 , interval: 0.7029411764705883, 0.9088235294117648
mean kendal: 0.668733333333334, samples 1000 , interval: 0.5499999999999999, 0.7833333333333333
CORRECTNESS - FLUENCY
mean pearson: 0.8069641548052062, samples 1000 , interval: 0.7560599704400868, 0.8538778026886336
mean spearman: 0.7709999999999996, samples 1000 , interval: 0.6441176470588235, 0.8764705882352942
mean kendal: 0.6003350083752099, samples 1000 , interval: 0.4666666666666666, 0.7166666666666667
CORRECTNESS - RELEVANCE
mean pearson: 0.9785537230544266, samples 1000 , interval: 0.9641421257871219, 0.9902307878667371
mean spearman: 0.8152717199104087, samples 998 , interval: 0.6735294117647058, 0.9264705882352942
mean kendal: 0.6654296221999314, samples 998 , interval: 0.5166666666666667, 0.7999999999999999
CORRECTNESS - TEXTSTRUCTURE
mean pearson: 0.7956366388538061, samples 1000 , interval: 0.7370926758989559, 0.8469144744990853
mean spearman: 0.769452941176471, samples 1000 , interval: 0.6441176470588235, 0.8735294117647058
mean kendal: 0.5959879638916747, samples 1000 , interval: 0.4666666666666666, 0.7166666666666667
DATACOVERAGE - CORRECTNESS
mean pearson: 0.9662786084689705, samples 1000 , interval: 0.9463642479838703, 0.9822993454440097
mean spearman: 0.811744117647059, samples 1000 , interval: 0.7029411764705883, 0.9088235294117648
mean kendal: 0.668733333333334, samples 1000 , interval: 0.5499999999999999, 0.7833333333333333
DATACOVERAGE - DATACOVERAGE
mean pearson: 1.0, samples 1000 , interval: 0.9999999999999998, 1.0
mean spearman: 1.0, samples 1000 , interval: 1.0, 1.0
mean kendal: 1.0, samples 1000 , interval: 1.0, 1.0
DATACOVERAGE - FLUENCY
mean pearson: 0.7152076983045863, samples 1000 , interval: 0.6354892612362645, 0.7881469680262181
mean spearman: 0.5648314996101527, samples 679 , interval: 0.5058823529411764, 0.6441176470588235
mean kendal: 0.4361655773420471, samples 679 , interval: 0.38333333333333336, 0.5166666666666667
DATACOVERAGE - RELEVANCE
mean pearson: 0.9364287757665777, samples 1000 , interval: 0.9056725988395238, 0.9621264256806338
mean spearman: 0.8061215450035444, samples 996 , interval: 0.6676470588235294, 0.9147058823529413
mean kendal: 0.6440703517587941, samples 996 , interval: 0.5, 0.7666666666666667
DATACOVERAGE - TEXTSTRUCTURE
mean pearson: 0.692761825565758, samples 999 , interval: 0.6043629962853536, 0.7721491153628579
mean spearman: 0.5533120886009819, samples 563 , interval: 0.5029411764705883, 0.6205882352941177
mean kendal: 0.4259689922480618, samples 563 , interval: 0.38333333333333336, 0.5
FLUENCY - CORRECTNESS
mean pearson: 0.8069641548052062, samples 1000 , interval: 0.7560599704400868, 0.8538778026886336
mean spearman: 0.7709999999999996, samples 1000 , interval: 0.6441176470588235, 0.8764705882352942
mean kendal: 0.6003350083752099, samples 1000 , interval: 0.4666666666666666, 0.7166666666666667
FLUENCY - DATACOVERAGE
mean pearson: 0.7152076983045863, samples 1000 , interval: 0.6354892612362645, 0.7881469680262181
mean spearman: 0.5648314996101527, samples 679 , interval: 0.5058823529411764, 0.6441176470588235
mean kendal: 0.4361655773420471, samples 679 , interval: 0.38333333333333336, 0.5166666666666667
FLUENCY - FLUENCY
mean pearson: 1.0, samples 1000 , interval: 0.9999999999999998, 1.0
mean spearman: 1.0, samples 1000 , interval: 1.0, 1.0
mean kendal: 1.0, samples 1000 , interval: 1.0, 1.0
FLUENCY - RELEVANCE
mean pearson: 0.7689247035370753, samples 1000 , interval: 0.709508080008065, 0.827246555149656
mean spearman: 0.6338342898134861, samples 820 , interval: 0.5147058823529412, 0.7794117647058825
mean kendal: 0.484379358437935, samples 820 , interval: 0.38333333333333336, 0.6166666666666666
FLUENCY - TEXTSTRUCTURE
mean pearson: 0.9874315741957089, samples 1000 , interval: 0.9781253802014801, 0.9941581093447851
mean spearman: 0.9781470588235408, samples 1000 , interval: 0.9558823529411766, 0.9941176470588234
mean kendal: 0.9102833333333276, samples 1000 , interval: 0.8499999999999999, 0.9666666666666667
RELEVANCE - CORRECTNESS
mean pearson: 0.9785537230544266, samples 1000 , interval: 0.9641421257871219, 0.9902307878667371
mean spearman: 0.8152717199104087, samples 998 , interval: 0.6735294117647058, 0.9264705882352942
mean kendal: 0.6654296221999314, samples 998 , interval: 0.5166666666666667, 0.7999999999999999
RELEVANCE - DATACOVERAGE
mean pearson: 0.9364287757665777, samples 1000 , interval: 0.9056725988395238, 0.9621264256806338
mean spearman: 0.8061215450035444, samples 996 , interval: 0.6676470588235294, 0.9147058823529413
mean kendal: 0.6440703517587941, samples 996 , interval: 0.5, 0.7666666666666667
RELEVANCE - FLUENCY
mean pearson: 0.7689247035370753, samples 1000 , interval: 0.709508080008065, 0.827246555149656
mean spearman: 0.6338342898134861, samples 820 , interval: 0.5147058823529412, 0.7794117647058825
mean kendal: 0.484379358437935, samples 820 , interval: 0.38333333333333336, 0.6166666666666666
RELEVANCE - RELEVANCE
mean pearson: 1.0, samples 1000 , interval: 0.9999999999999998, 1.0
mean spearman: 1.0, samples 1000 , interval: 1.0, 1.0
mean kendal: 1.0, samples 1000 , interval: 1.0, 1.0
RELEVANCE - TEXTSTRUCTURE
mean pearson: 0.7602434162688942, samples 1000 , interval: 0.6956799385799518, 0.81920298914314
mean spearman: 0.6234287631402369, samples 789 , interval: 0.5147058823529412, 0.7588235294117647
mean kendal: 0.478323699421965, samples 789 , interval: 0.38333333333333336, 0.6
TEXTSTRUCTURE - CORRECTNESS
mean pearson: 0.7956366388538061, samples 1000 , interval: 0.7370926758989559, 0.8469144744990853
mean spearman: 0.769452941176471, samples 1000 , interval: 0.6441176470588235, 0.8735294117647058
mean kendal: 0.5959879638916747, samples 1000 , interval: 0.4666666666666666, 0.7166666666666667
TEXTSTRUCTURE - DATACOVERAGE
mean pearson: 0.692761825565758, samples 999 , interval: 0.6043629962853536, 0.7721491153628579
mean spearman: 0.5533120886009819, samples 563 , interval: 0.5029411764705883, 0.6205882352941177
mean kendal: 0.4259689922480618, samples 563 , interval: 0.38333333333333336, 0.5
TEXTSTRUCTURE - FLUENCY
mean pearson: 0.9874315741957089, samples 1000 , interval: 0.9781253802014801, 0.9941581093447851
mean spearman: 0.9781470588235408, samples 1000 , interval: 0.9558823529411766, 0.9941176470588234
mean kendal: 0.9102833333333276, samples 1000 , interval: 0.8499999999999999, 0.9666666666666667
TEXTSTRUCTURE - RELEVANCE
mean pearson: 0.7602434162688942, samples 1000 , interval: 0.6956799385799518, 0.81920298914314
mean spearman: 0.6234287631402369, samples 789 , interval: 0.5147058823529412, 0.7588235294117647
mean kendal: 0.478323699421965, samples 789 , interval: 0.38333333333333336, 0.6
TEXTSTRUCTURE - TEXTSTRUCTURE
mean pearson: 1.0, samples 1000 , interval: 0.9999999999999998, 1.0
mean spearman: 1.0, samples 1000 , interval: 1.0, 1.0
mean kendal: 1.0, samples 1000 , interval: 1.0, 1.0

 System level human - metrics
CORRECTNESS
CORRECTNESS metrics_results/webnlg2020/parent_f1
mean pearson: 0.826378034975512, samples 1000 , interval: 0.7581066860322692, 0.8863996499974661
mean spearman: 0.6357949024590784, samples 787 , interval: 0.5117647058823529, 0.7764705882352941
mean kendal: 0.4844475394614666, samples 787 , interval: 0.38333333333333336, 0.6166666666666666
CORRECTNESS metrics_results/webnlg2020/meteor
mean pearson: 0.7282945664090794, samples 1000 , interval: 0.6441019397746467, 0.8041011995042235
mean spearman: 0.7568342567487915, samples 998 , interval: 0.6058823529411764, 0.8764705882352942
mean kendal: 0.602579564489113, samples 998 , interval: 0.4666666666666666, 0.7333333333333334
CORRECTNESS metrics_results/webnlg2020/bert-f1
mean pearson: 0.8308539950340684, samples 1000 , interval: 0.7520604027385468, 0.8876492547189653
mean spearman: 0.7774509803921574, samples 999 , interval: 0.65, 0.8794117647058824
mean kendal: 0.6048048048048043, samples 999 , interval: 0.48333333333333334, 0.7166666666666667
CORRECTNESS metrics_results/webnlg2020/bart-faith
mean pearson: 0.6736818815984325, samples 1000 , interval: 0.6003413353878838, 0.7364320253710568
mean spearman: 0.5430703012912483, samples 205 , interval: 0.5029411764705883, 0.6088235294117647
mean kendal: 0.4196396396396399, samples 205 , interval: 0.38333333333333336, 0.48333333333333334
CORRECTNESS metrics_results/webnlg2020/bleu
mean pearson: 0.5963781573631207, samples 971 , interval: 0.5237089812683344, 0.670475806741079
mean spearman: 0.6437027370675235, samples 879 , interval: 0.5264705882352941, 0.7764705882352941
mean kendal: 0.48479768786127087, samples 879 , interval: 0.38333333333333336, 0.6
CORRECTNESS metrics_results/webnlg2020/bart
mean pearson: 0.9057909017675787, samples 1000 , interval: 0.8762891088548381, 0.9332831545440494
mean spearman: 0.8321088235294114, samples 1000 , interval: 0.7176470588235294, 0.9235294117647058
mean kendal: 0.6763333333333318, samples 1000 , interval: 0.5666666666666667, 0.7833333333333333
CORRECTNESS metrics_results/webnlg2020/fact-spotter
mean pearson: 0.9467484145585645, samples 1000 , interval: 0.9148490408733518, 0.9722034800333277
mean spearman: 0.8022117647058827, samples 1000 , interval: 0.6764705882352942, 0.9058823529411765
mean kendal: 0.6420587253920582, samples 1000 , interval: 0.5, 0.7666666666666667
CORRECTNESS metrics_results/webnlg2020/infolm
mean pearson: 0.557246625432898, samples 82 , interval: 0.4996103727732327, 0.6639278829454728
mean spearman: 0.33398692810457514, samples 9 , interval: -0.5323529411764706, 0.6823529411764706
mean kendal: 0.4261904761904762, samples 9 , interval: 0.38333333333333336, 0.5
CORRECTNESS metrics_results/webnlg2020/bleurt
mean pearson: 0.9306894006399731, samples 1000 , interval: 0.9063641575673069, 0.9501340847020737
mean spearman: 0.829179411764706, samples 1000 , interval: 0.7147058823529412, 0.9205882352941176
mean kendal: 0.6763666666666653, samples 1000 , interval: 0.5499999999999999, 0.7999999999999999
DATACOVERAGE
DATACOVERAGE metrics_results/webnlg2020/parent_f1
mean pearson: 0.7838333278447375, samples 1000 , interval: 0.7048988418724547, 0.8546063832795874
mean spearman: 0.6032914998460117, samples 764 , interval: 0.5088235294117647, 0.7176470588235294
mean kendal: 0.4538064165307227, samples 764 , interval: 0.38333333333333336, 0.5499999999999999
DATACOVERAGE metrics_results/webnlg2020/meteor
mean pearson: 0.6568068682556745, samples 996 , interval: 0.5644310599619146, 0.742025625626217
mean spearman: 0.5825841784989857, samples 725 , interval: 0.5088235294117647, 0.6705882352941177
mean kendal: 0.44971111111110956, samples 725 , interval: 0.38333333333333336, 0.5333333333333333
DATACOVERAGE metrics_results/webnlg2020/bert-f1
mean pearson: 0.7477131973915173, samples 1000 , interval: 0.6579687774648559, 0.8183369340982218
mean spearman: 0.5825879588027926, samples 851 , interval: 0.5117647058823529, 0.6647058823529411
mean kendal: 0.4367311827956973, samples 851 , interval: 0.38333333333333336, 0.5166666666666667
DATACOVERAGE metrics_results/webnlg2020/bart-faith
mean pearson: 0.6826887110067035, samples 1000 , interval: 0.6095330264673334, 0.7502721465785113
mean spearman: 0.6179735234215885, samples 982 , interval: 0.5352941176470588, 0.6882352941176471
mean kendal: 0.4692788815305359, samples 982 , interval: 0.38333333333333336, 0.5499999999999999
DATACOVERAGE metrics_results/webnlg2020/bleu
mean pearson: 0.5396363108896564, samples 411 , interval: 0.5014193687828614, 0.6042224072076305
mean spearman: 0.536046511627907, samples 43 , interval: 0.5, 0.6058823529411764
mean kendal: 0.4053333333333333, samples 43 , interval: 0.38333333333333336, 0.4666666666666666
DATACOVERAGE metrics_results/webnlg2020/bart
mean pearson: 0.8699848935834747, samples 1000 , interval: 0.8271553000302865, 0.9050187764181596
mean spearman: 0.7149352941176462, samples 1000 , interval: 0.6029411764705882, 0.8147058823529412
mean kendal: 0.533983983983985, samples 1000 , interval: 0.43333333333333335, 0.6333333333333333
DATACOVERAGE metrics_results/webnlg2020/fact-spotter
mean pearson: 0.9141457872058948, samples 1000 , interval: 0.8743228749333518, 0.9477014389535307
mean spearman: 0.8710117647058812, samples 1000 , interval: 0.7735294117647058, 0.9470588235294116
mean kendal: 0.7154833333333325, samples 1000 , interval: 0.6, 0.8333333333333333
DATACOVERAGE metrics_results/webnlg2020/infolm
mean pearson: 0.5712636654630332, samples 57 , interval: 0.5049003431350034, 0.6746374414422205
mean spearman: 0.5660633484162896, samples 39 , interval: 0.5029411764705883, 0.6764705882352942
mean kendal: 0.42688172043010747, samples 39 , interval: 0.38333333333333336, 0.5333333333333333
DATACOVERAGE metrics_results/webnlg2020/bleurt
mean pearson: 0.8696150997740164, samples 1000 , interval: 0.8300488623277116, 0.9045285388316291
mean spearman: 0.6558584652134966, samples 985 , interval: 0.55, 0.7558823529411764
mean kendal: 0.5062500000000004, samples 985 , interval: 0.41666666666666663, 0.6
FLUENCY
FLUENCY metrics_results/webnlg2020/parent_f1
mean pearson: 0.6726463379450278, samples 992 , interval: 0.5657794438563983, 0.773416771705997
mean spearman: 0.6708173219036347, samples 796 , interval: 0.5205882352941177, 0.823529411764706
mean kendal: 0.4995983935742966, samples 796 , interval: 0.39999999999999997, 0.6333333333333333
FLUENCY metrics_results/webnlg2020/meteor
mean pearson: 0.8863254422284038, samples 1000 , interval: 0.8413940773562919, 0.925163066182688
mean spearman: 0.8955999999999945, samples 1000 , interval: 0.8411764705882352, 0.9382352941176471
mean kendal: 0.74245, samples 1000 , interval: 0.6666666666666667, 0.8166666666666667
FLUENCY metrics_results/webnlg2020/bert-f1
mean pearson: 0.9079630427441485, samples 1000 , interval: 0.864015177380113, 0.9424835393222742
mean spearman: 0.9351676470588246, samples 1000 , interval: 0.8911764705882352, 0.9676470588235294
mean kendal: 0.8079666666666684, samples 1000 , interval: 0.7333333333333334, 0.8833333333333333
FLUENCY metrics_results/webnlg2020/bart-faith
mean pearson: 0.5188734758697918, samples 12 , interval: 0.4980440548166288, 0.5752586644568419
FLUENCY metrics_results/webnlg2020/bleu
mean pearson: 0.8713064403914164, samples 1000 , interval: 0.8254670736184635, 0.91106172251082
mean spearman: 0.8484705882352952, samples 1000 , interval: 0.7735294117647058, 0.9176470588235294
mean kendal: 0.6824499999999989, samples 1000 , interval: 0.5666666666666667, 0.7833333333333333
FLUENCY metrics_results/webnlg2020/bart
mean pearson: 0.7785927407756932, samples 1000 , interval: 0.7124935231803967, 0.8421478668857455
mean spearman: 0.8191941176470591, samples 1000 , interval: 0.7411764705882353, 0.8823529411764707
mean kendal: 0.6391833333333325, samples 1000 , interval: 0.5499999999999999, 0.7166666666666667
FLUENCY metrics_results/webnlg2020/fact-spotter
mean pearson: 0.7286637998646609, samples 1000 , interval: 0.655325003839379, 0.796780689337924
mean spearman: 0.6222187044893306, samples 929 , interval: 0.5205882352941177, 0.75
mean kendal: 0.4756336405529941, samples 929 , interval: 0.38333333333333336, 0.5833333333333334
FLUENCY metrics_results/webnlg2020/infolm
mean pearson: 0.5344373750907201, samples 5 , interval: 0.5181809668447225, 0.5625881373510326
mean spearman: 0.5801470588235293, samples 4 , interval: 0.5205882352941177, 0.6382352941176471
mean kendal: 0.4583333333333333, samples 4 , interval: 0.45, 0.4666666666666666
FLUENCY metrics_results/webnlg2020/bleurt
mean pearson: 0.9060327829035043, samples 1000 , interval: 0.8677725139593956, 0.9387021659487595
mean spearman: 0.9254147058823502, samples 1000 , interval: 0.8794117647058824, 0.961764705882353
mean kendal: 0.7856500000000014, samples 1000 , interval: 0.7, 0.8499999999999999
RELEVANCE
RELEVANCE metrics_results/webnlg2020/parent_f1
mean pearson: 0.8231900451854975, samples 1000 , interval: 0.7443726869737741, 0.88585906908005
mean spearman: 0.6328707240471942, samples 693 , interval: 0.5147058823529412, 0.7823529411764706
mean kendal: 0.48504077471967255, samples 693 , interval: 0.38333333333333336, 0.6166666666666666
RELEVANCE metrics_results/webnlg2020/meteor
mean pearson: 0.704702212247531, samples 1000 , interval: 0.6130158334187954, 0.7864772892670376
mean spearman: 0.646969921469847, samples 794 , interval: 0.5176470588235293, 0.7999999999999999
mean kendal: 0.5000415627597664, samples 794 , interval: 0.39999999999999997, 0.65
RELEVANCE metrics_results/webnlg2020/bert-f1
mean pearson: 0.8100443634990051, samples 1000 , interval: 0.7368487762663882, 0.8684628841337214
mean spearman: 0.6592998721227624, samples 920 , interval: 0.5205882352941177, 0.8088235294117646
mean kendal: 0.5076331360946736, samples 920 , interval: 0.39999999999999997, 0.65
RELEVANCE metrics_results/webnlg2020/bart-faith
mean pearson: 0.6897507912588855, samples 999 , interval: 0.6133321197076709, 0.756367626886298
mean spearman: 0.5909758158200444, samples 557 , interval: 0.5088235294117647, 0.6941176470588235
mean kendal: 0.4552238805970146, samples 557 , interval: 0.38333333333333336, 0.5499999999999999
RELEVANCE metrics_results/webnlg2020/bleu
mean pearson: 0.5699682887794252, samples 853 , interval: 0.5072638587874791, 0.645715531159052
mean spearman: 0.6000499714448887, samples 412 , interval: 0.5058823529411764, 0.7411764705882353
mean kendal: 0.4523063533507402, samples 412 , interval: 0.38333333333333336, 0.5666666666666667
RELEVANCE metrics_results/webnlg2020/bart
mean pearson: 0.8873262832664939, samples 1000 , interval: 0.8460588303731945, 0.9225627271518059
mean spearman: 0.7174928964391505, samples 973 , interval: 0.5558823529411765, 0.8647058823529412
mean kendal: 0.5684993084370675, samples 973 , interval: 0.41666666666666663, 0.7166666666666667
RELEVANCE metrics_results/webnlg2020/fact-spotter
mean pearson: 0.9624119456688393, samples 1000 , interval: 0.9380986712012518, 0.9810381723984125
mean spearman: 0.7999970410699482, samples 994 , interval: 0.6470588235294118, 0.9235294117647058
mean kendal: 0.6487399193548381, samples 994 , interval: 0.48333333333333334, 0.7999999999999999
RELEVANCE metrics_results/webnlg2020/infolm
mean pearson: 0.5633716706639882, samples 148 , interval: 0.5042449480690349, 0.6791321039591223
mean spearman: 0.5662683823529412, samples 32 , interval: 0.5029411764705883, 0.6588235294117648
mean kendal: 0.3960000000000001, samples 32 , interval: 0.38333333333333336, 0.5
RELEVANCE metrics_results/webnlg2020/bleurt
mean pearson: 0.9107051914683328, samples 1000 , interval: 0.8798067477181134, 0.9376980565975804
mean spearman: 0.6995719701602057, samples 962 , interval: 0.5441176470588236, 0.8441176470588234
mean kendal: 0.5580000000000007, samples 962 , interval: 0.41666666666666663, 0.7
TEXTSTRUCTURE
TEXTSTRUCTURE metrics_results/webnlg2020/parent_f1
mean pearson: 0.6493065122610158, samples 975 , interval: 0.5380495847871998, 0.7552547049448282
mean spearman: 0.6599269721531181, samples 733 , interval: 0.5147058823529412, 0.8058823529411765
mean kendal: 0.4944837340876946, samples 733 , interval: 0.38333333333333336, 0.6333333333333333
TEXTSTRUCTURE metrics_results/webnlg2020/meteor
mean pearson: 0.8645921852630771, samples 1000 , interval: 0.811345012752251, 0.9125916101475978
mean spearman: 0.8813823529411735, samples 1000 , interval: 0.8176470588235294, 0.9323529411764706
mean kendal: 0.7243999999999986, samples 1000 , interval: 0.6333333333333333, 0.7999999999999999
TEXTSTRUCTURE metrics_results/webnlg2020/bert-f1
mean pearson: 0.8898288252674279, samples 1000 , interval: 0.8410835049538257, 0.9320734937544987
mean spearman: 0.9236176470588219, samples 1000 , interval: 0.8735294117647058, 0.961764705882353
mean kendal: 0.7895500000000025, samples 1000 , interval: 0.7, 0.8666666666666667
TEXTSTRUCTURE metrics_results/webnlg2020/bart-faith
mean pearson: 0.5212487882843125, samples 3 , interval: 0.5018803733390934, 0.5571313629052229
TEXTSTRUCTURE metrics_results/webnlg2020/bleu
mean pearson: 0.8691277877220931, samples 1000 , interval: 0.817042150640281, 0.9133417498074292
mean spearman: 0.8473205882352948, samples 1000 , interval: 0.7676470588235293, 0.9176470588235294
mean kendal: 0.6834999999999994, samples 1000 , interval: 0.5666666666666667, 0.7833333333333333
TEXTSTRUCTURE metrics_results/webnlg2020/bart
mean pearson: 0.7543063108953303, samples 1000 , interval: 0.6832134942223601, 0.8222943274797634
mean spearman: 0.8044205882352943, samples 1000 , interval: 0.7235294117647059, 0.8735294117647058
mean kendal: 0.6253666666666667, samples 1000 , interval: 0.5333333333333333, 0.7166666666666667
TEXTSTRUCTURE metrics_results/webnlg2020/fact-spotter
mean pearson: 0.7138155314376153, samples 1000 , interval: 0.6310142094260949, 0.791765998668294
mean spearman: 0.6084705882352933, samples 875 , interval: 0.5176470588235293, 0.7264705882352941
mean kendal: 0.46856240126382176, samples 875 , interval: 0.38333333333333336, 0.5666666666666667
TEXTSTRUCTURE metrics_results/webnlg2020/infolm
mean pearson: 0.5277153148900126, samples 7 , interval: 0.4988721993394503, 0.5548912655531574
mean spearman: 0.5441176470588236, samples 5 , interval: 0.5, 0.6147058823529412
mean kendal: 0.39999999999999997, samples 5 , interval: 0.38333333333333336, 0.41666666666666663
TEXTSTRUCTURE metrics_results/webnlg2020/bleurt
mean pearson: 0.8904888215639178, samples 1000 , interval: 0.8466642692690262, 0.9316400080266055
mean spearman: 0.9123970588235242, samples 1000 , interval: 0.8617647058823529, 0.9529411764705882
mean kendal: 0.767466666666668, samples 1000 , interval: 0.6833333333333333, 0.8499999999999999
Sentence 1 level human - human
CORRECTNESS - CORRECTNESS
mean pearson: 1.0, samples 1000 , interval: 1.0, 1.0
mean spearman: 1.0, samples 1000 , interval: 0.9999999999999999, 1.0
mean kendal: 1.0, samples 1000 , interval: 0.9999999999999999, 1.0
CORRECTNESS - DATACOVERAGE
mean pearson: 0.6131490363867007, samples 1000 , interval: 0.5645518636189132, 0.6600052473145446
mean spearman: 0.5813746080651802, samples 1000 , interval: 0.5569006166536729, 0.6073122294752322
mean kendal: 0.4382540247892229, samples 1000 , interval: 0.41768625444027013, 0.45935494532880056
CORRECTNESS - FLUENCY
mean pearson: 0.5325563179442462, samples 1000 , interval: 0.49647329861223793, 0.5682530210834384
mean spearman: 0.5367115507375123, samples 1000 , interval: 0.5071386690187922, 0.5660452422630868
mean kendal: 0.3892967013754931, samples 1000 , interval: 0.36623704435383225, 0.4131496618770113
CORRECTNESS - RELEVANCE
mean pearson: 0.6335940467607751, samples 1000 , interval: 0.5923677486466828, 0.6706122906789812
mean spearman: 0.5599601295474008, samples 1000 , interval: 0.5315924297342832, 0.5922426143056062
mean kendal: 0.42253146759268917, samples 1000 , interval: 0.40066417240997587, 0.44700481141085907
CORRECTNESS - TEXTSTRUCTURE
mean pearson: 0.5049694928634092, samples 1000 , interval: 0.4651429060195608, 0.5461331178790537
mean spearman: 0.48983152965472593, samples 1000 , interval: 0.45907458049944394, 0.5191426027317634
mean kendal: 0.35102904357061016, samples 1000 , interval: 0.3274146656356333, 0.3744077279637022
DATACOVERAGE - CORRECTNESS
mean pearson: 0.6131490363867007, samples 1000 , interval: 0.5645518636189132, 0.6600052473145446
mean spearman: 0.58137460806518, samples 1000 , interval: 0.5569006166536729, 0.6073122294752322
mean kendal: 0.4382540247892229, samples 1000 , interval: 0.41768625444027013, 0.45935494532880056
DATACOVERAGE - DATACOVERAGE
mean pearson: 1.0, samples 1000 , interval: 1.0, 1.0
mean spearman: 1.0, samples 1000 , interval: 0.9999999999999999, 1.0
mean kendal: 1.0, samples 1000 , interval: 0.9999999999999999, 1.0
DATACOVERAGE - FLUENCY
mean pearson: 0.4175729205705419, samples 1000 , interval: 0.3830259326925886, 0.45633486766141046
mean spearman: 0.40266781636338994, samples 1000 , interval: 0.37116499701058275, 0.4339232468002535
mean kendal: 0.2832994264057998, samples 1000 , interval: 0.2601159935333286, 0.3063168628733389
DATACOVERAGE - RELEVANCE
mean pearson: 0.6222067222511326, samples 1000 , interval: 0.5738589151390614, 0.6675197484827795
mean spearman: 0.5371336824954291, samples 1000 , interval: 0.5081073935419919, 0.5665961577179491
mean kendal: 0.40674342327258944, samples 1000 , interval: 0.38410166849662564, 0.43144556169859805
DATACOVERAGE - TEXTSTRUCTURE
mean pearson: 0.39749284929006706, samples 1000 , interval: 0.36100600566948, 0.43743956769806064
mean spearman: 0.3701725566616404, samples 1000 , interval: 0.33757105427224604, 0.40367966188418586
mean kendal: 0.25976090390900053, samples 1000 , interval: 0.23606736948214926, 0.28250181148511366
FLUENCY - CORRECTNESS
mean pearson: 0.5325563179442462, samples 1000 , interval: 0.49647329861223793, 0.5682530210834384
mean spearman: 0.5367115507375123, samples 1000 , interval: 0.5071386690187922, 0.5660452422630868
mean kendal: 0.3892967013754931, samples 1000 , interval: 0.36623704435383225, 0.4131496618770113
FLUENCY - DATACOVERAGE
mean pearson: 0.4175729205705419, samples 1000 , interval: 0.3830259326925886, 0.45633486766141046
mean spearman: 0.40266781636338994, samples 1000 , interval: 0.37116499701058275, 0.4339232468002535
mean kendal: 0.2832994264057998, samples 1000 , interval: 0.2601159935333286, 0.3063168628733389
FLUENCY - FLUENCY
mean pearson: 1.0, samples 1000 , interval: 1.0, 1.0
mean spearman: 1.0, samples 1000 , interval: 0.9999999999999999, 1.0
mean kendal: 1.0, samples 1000 , interval: 0.9999999999999999, 1.0
FLUENCY - RELEVANCE
mean pearson: 0.4284014894641716, samples 1000 , interval: 0.39102530188108015, 0.4662706323570676
mean spearman: 0.41072812616299703, samples 1000 , interval: 0.3784626062766062, 0.44313645320875755
mean kendal: 0.2905107570508727, samples 1000 , interval: 0.2664659819121561, 0.31449279128053664
FLUENCY - TEXTSTRUCTURE
mean pearson: 0.7730273967276464, samples 1000 , interval: 0.745039597097198, 0.7989407815132517
mean spearman: 0.7423432320327333, samples 1000 , interval: 0.7200863951530522, 0.7633259113905709
mean kendal: 0.574928027965571, samples 1000 , interval: 0.5551565640649881, 0.5939760084432966
RELEVANCE - CORRECTNESS
mean pearson: 0.6335940467607751, samples 1000 , interval: 0.5923677486466828, 0.6706122906789812
mean spearman: 0.5599601295474008, samples 1000 , interval: 0.5315924297342832, 0.5922426143056062
mean kendal: 0.42253146759268917, samples 1000 , interval: 0.40066417240997587, 0.44700481141085907
RELEVANCE - DATACOVERAGE
mean pearson: 0.6222067222511326, samples 1000 , interval: 0.5738589151390614, 0.6675197484827795
mean spearman: 0.5371336824954291, samples 1000 , interval: 0.5081073935419919, 0.566596157717949
mean kendal: 0.40674342327258944, samples 1000 , interval: 0.38410166849662564, 0.43144556169859805
RELEVANCE - FLUENCY
mean pearson: 0.4284014894641716, samples 1000 , interval: 0.39102530188108015, 0.4662706323570676
mean spearman: 0.41072812616299703, samples 1000 , interval: 0.3784626062766062, 0.44313645320875755
mean kendal: 0.2905107570508727, samples 1000 , interval: 0.2664659819121561, 0.31449279128053664
RELEVANCE - RELEVANCE
mean pearson: 1.0, samples 1000 , interval: 1.0, 1.0
mean spearman: 1.0, samples 1000 , interval: 0.9999999999999999, 1.0
mean kendal: 1.0, samples 1000 , interval: 0.9999999999999999, 1.0
RELEVANCE - TEXTSTRUCTURE
mean pearson: 0.43439574848788093, samples 1000 , interval: 0.3915615492083606, 0.4755909173426539
mean spearman: 0.4095608973971776, samples 1000 , interval: 0.3777870096648927, 0.4432244542635155
mean kendal: 0.29146045030144907, samples 1000 , interval: 0.2675027507640153, 0.31717619947971254
TEXTSTRUCTURE - CORRECTNESS
mean pearson: 0.5049694928634092, samples 1000 , interval: 0.4651429060195608, 0.5461331178790537
mean spearman: 0.48983152965472593, samples 1000 , interval: 0.45907458049944394, 0.5191426027317634
mean kendal: 0.35102904357061016, samples 1000 , interval: 0.3274146656356333, 0.3744077279637022
TEXTSTRUCTURE - DATACOVERAGE
mean pearson: 0.39749284929006706, samples 1000 , interval: 0.36100600566948, 0.43743956769806064
mean spearman: 0.3701725566616404, samples 1000 , interval: 0.33757105427224604, 0.40367966188418586
mean kendal: 0.25976090390900053, samples 1000 , interval: 0.23606736948214926, 0.28250181148511366
TEXTSTRUCTURE - FLUENCY
mean pearson: 0.7730273967276464, samples 1000 , interval: 0.745039597097198, 0.7989407815132517
mean spearman: 0.7423432320327333, samples 1000 , interval: 0.7200863951530522, 0.7633259113905709
mean kendal: 0.574928027965571, samples 1000 , interval: 0.5551565640649881, 0.5939760084432966
TEXTSTRUCTURE - RELEVANCE
mean pearson: 0.43439574848788093, samples 1000 , interval: 0.3915615492083606, 0.4755909173426539
mean spearman: 0.4095608973971776, samples 1000 , interval: 0.3777870096648927, 0.4432244542635155
mean kendal: 0.29146045030144907, samples 1000 , interval: 0.2675027507640153, 0.31717619947971254
TEXTSTRUCTURE - TEXTSTRUCTURE
mean pearson: 1.0, samples 1000 , interval: 1.0, 1.0
mean spearman: 1.0, samples 1000 , interval: 0.9999999999999999, 1.0
mean kendal: 1.0, samples 1000 , interval: 0.9999999999999999, 1.0

 Sentence 1 level human - metrics
CORRECTNESS
CORRECTNESS metrics_results/webnlg2020/parent_f1
mean pearson: 0.31503636518607897, samples 1000 , interval: 0.2752169290362146, 0.3546439990498253
mean spearman: 0.32542427167647087, samples 1000 , interval: 0.2849437840182167, 0.36992976837441754
mean kendal: 0.22527376764575585, samples 1000 , interval: 0.19690865597736923, 0.2573945860690688
CORRECTNESS metrics_results/webnlg2020/meteor
mean pearson: 0.3600388135230372, samples 1000 , interval: 0.3247579331375275, 0.39396640959564405
mean spearman: 0.3527857803212027, samples 1000 , interval: 0.3195368579411015, 0.38634657704303876
mean kendal: 0.24386798361888593, samples 1000 , interval: 0.2200489303497505, 0.2679778075274848
CORRECTNESS metrics_results/webnlg2020/bert-f1
mean pearson: 0.42047388441209116, samples 1000 , interval: 0.3818785626498629, 0.4568107375858555
mean spearman: 0.40895717507028734, samples 1000 , interval: 0.37759343327402234, 0.44081599786302317
mean kendal: 0.2846274828576678, samples 1000 , interval: 0.26297271901547037, 0.30771278404011243
CORRECTNESS metrics_results/webnlg2020/bart-faith
mean pearson: 0.2680771451653409, samples 1000 , interval: 0.11771943003505567, 0.4066294394804715
mean spearman: 0.1284100603296692, samples 1000 , interval: -0.010518883687349512, 0.3194319708636069
mean kendal: 0.09558462788311105, samples 1000 , interval: -0.0012512768130745588, 0.22562104859825022
CORRECTNESS metrics_results/webnlg2020/bleu
mean pearson: 0.3390437750618184, samples 1000 , interval: 0.30838412165317397, 0.37093256042206757
mean spearman: 0.349429311853584, samples 1000 , interval: 0.3144375447578788, 0.3883540430067356
mean kendal: 0.24236464890252074, samples 1000 , interval: 0.21771820837325187, 0.27052629006908707
CORRECTNESS metrics_results/webnlg2020/bart
mean pearson: 0.3925016186455229, samples 1000 , interval: 0.34916151114979577, 0.43961257816343746
mean spearman: 0.36298793026051923, samples 1000 , interval: 0.3159069151197372, 0.4127194109997773
mean kendal: 0.253413820084758, samples 1000 , interval: 0.22073146491751144, 0.2875521389539134
CORRECTNESS metrics_results/webnlg2020/fact-spotter
mean pearson: 0.37490182878167305, samples 1000 , interval: 0.3218296466900883, 0.42996452894965537
mean spearman: 0.36960706896081424, samples 1000 , interval: 0.3284658433188817, 0.41584612736252036
mean kendal: 0.25807434131101503, samples 1000 , interval: 0.22825240489338708, 0.2921728943914871
CORRECTNESS metrics_results/webnlg2020/infolm
mean pearson: -0.033375965686893716, samples 967 , interval: -0.23676265444868502, 0.18714253477565246
mean spearman: -0.053175123337662444, samples 929 , interval: -0.22841471966357868, 0.19022222829294996
mean kendal: -0.04406320102111104, samples 929 , interval: -0.17617360267733068, 0.1401217742121595
CORRECTNESS metrics_results/webnlg2020/bleurt
mean pearson: 0.4512579068822525, samples 1000 , interval: 0.42037975100164565, 0.48101718110960395
mean spearman: 0.4586196830986061, samples 1000 , interval: 0.4270690427504356, 0.48946749651464166
mean kendal: 0.3199373854738547, samples 1000 , interval: 0.2967738974898003, 0.3433389993283393
DATACOVERAGE
DATACOVERAGE metrics_results/webnlg2020/parent_f1
mean pearson: 0.293199457629292, samples 1000 , interval: 0.2559638470499081, 0.33282558715683197
mean spearman: 0.305191431678552, samples 1000 , interval: 0.25455760891923807, 0.3551943939049992
mean kendal: 0.20954090111164178, samples 1000 , interval: 0.17459855501420626, 0.24312824708762662
DATACOVERAGE metrics_results/webnlg2020/meteor
mean pearson: 0.356104574382034, samples 1000 , interval: 0.32133703787352796, 0.3912047960172744
mean spearman: 0.3477775141147189, samples 1000 , interval: 0.31063711157406576, 0.3875222919696978
mean kendal: 0.2399700634024865, samples 1000 , interval: 0.21400100916030754, 0.2683419582955259
DATACOVERAGE metrics_results/webnlg2020/bert-f1
mean pearson: 0.38218987585727193, samples 1000 , interval: 0.3368444818860847, 0.42581538552247217
mean spearman: 0.37570776335527367, samples 1000 , interval: 0.33788505857261686, 0.4179839933374324
mean kendal: 0.25954899375279833, samples 1000 , interval: 0.23259186653318478, 0.2895596399206173
DATACOVERAGE metrics_results/webnlg2020/bart-faith
mean pearson: 0.21157967701129712, samples 1000 , interval: 0.10913296658244669, 0.32317223460103506
mean spearman: 0.20113005547404014, samples 1000 , interval: 0.0406133056686085, 0.3521408665617488
mean kendal: 0.13879394438012377, samples 1000 , interval: 0.031681144609095546, 0.2441635276341272
DATACOVERAGE metrics_results/webnlg2020/bleu
mean pearson: 0.30167228106169364, samples 1000 , interval: 0.2695265397387795, 0.337272977428909
mean spearman: 0.3234296477098981, samples 1000 , interval: 0.28334916845511304, 0.36768946209434206
mean kendal: 0.22439358293269293, samples 1000 , interval: 0.1969579349065669, 0.25702853220676036
DATACOVERAGE metrics_results/webnlg2020/bart
mean pearson: 0.3804330659344786, samples 1000 , interval: 0.33598027628977506, 0.4268513211397171
mean spearman: 0.3501363038620978, samples 1000 , interval: 0.2792402640626651, 0.4145970126160408
mean kendal: 0.24423571888734866, samples 1000 , interval: 0.1945961097991701, 0.28825293517100564
DATACOVERAGE metrics_results/webnlg2020/fact-spotter
mean pearson: 0.4078841465556106, samples 1000 , interval: 0.3549455535151202, 0.4629277418149986
mean spearman: 0.3924407257563207, samples 1000 , interval: 0.35139686538131215, 0.4356984879894196
mean kendal: 0.2741148485747394, samples 1000 , interval: 0.24465315791248196, 0.3062494982095849
DATACOVERAGE metrics_results/webnlg2020/infolm
mean pearson: -0.06896084242305524, samples 905 , interval: -0.23182714157341133, 0.188115158254405
mean spearman: -0.09572022154994915, samples 927 , interval: -0.22872196559532312, 0.18856096370706
mean kendal: -0.07358300158697055, samples 927 , interval: -0.17244896235206517, 0.1415473162710107
DATACOVERAGE metrics_results/webnlg2020/bleurt
mean pearson: 0.4317355725212194, samples 1000 , interval: 0.39524256139679476, 0.47227278005331325
mean spearman: 0.4230271627077617, samples 1000 , interval: 0.3866348384083969, 0.46140076582279416
mean kendal: 0.2948177342247941, samples 1000 , interval: 0.26783732213394, 0.32309936778067655
FLUENCY
FLUENCY metrics_results/webnlg2020/parent_f1
mean pearson: 0.30222504480462953, samples 1000 , interval: 0.261535082114558, 0.34419509664521747
mean spearman: 0.3102966439730639, samples 1000 , interval: 0.2569897922941856, 0.3569831854834873
mean kendal: 0.21517920043508904, samples 1000 , interval: 0.17669876963846146, 0.24858121347050546
FLUENCY metrics_results/webnlg2020/meteor
mean pearson: 0.3499205355836264, samples 1000 , interval: 0.31507215698685304, 0.38595008358859123
mean spearman: 0.35880026972481455, samples 1000 , interval: 0.32319866355225607, 0.3977198885266589
mean kendal: 0.24844275756041234, samples 1000 , interval: 0.22250089247094643, 0.27677598762390154
FLUENCY metrics_results/webnlg2020/bert-f1
mean pearson: 0.4267302046084394, samples 1000 , interval: 0.3843959523474933, 0.4694444901360518
mean spearman: 0.41901237268842473, samples 1000 , interval: 0.3785976571038685, 0.4605248813970511
mean kendal: 0.2939882420083729, samples 1000 , interval: 0.2642933359335527, 0.32497285891360456
FLUENCY metrics_results/webnlg2020/bart-faith
mean pearson: 0.026319593918825785, samples 1000 , interval: -0.09159136195068564, 0.1745421320929901
mean spearman: -0.05033257003037939, samples 1000 , interval: -0.14802606703199273, 0.08710998269782055
mean kendal: -0.03776316729748526, samples 1000 , interval: -0.10513262852033417, 0.050888895475992915
FLUENCY metrics_results/webnlg2020/bleu
mean pearson: 0.34335294714650283, samples 1000 , interval: 0.30847471982694946, 0.3786130546918933
mean spearman: 0.355025169840115, samples 1000 , interval: 0.3184479220895393, 0.3934182281074291
mean kendal: 0.24772542446855472, samples 1000 , interval: 0.22200174284976668, 0.27461252526072705
FLUENCY metrics_results/webnlg2020/bart
mean pearson: 0.3243095720603413, samples 1000 , interval: 0.28147102446070826, 0.3714489384835476
mean spearman: 0.32769108203686986, samples 1000 , interval: 0.24735617360993625, 0.39389196916106656
mean kendal: 0.22780178279433116, samples 1000 , interval: 0.17213569582673546, 0.2757543454493743
FLUENCY metrics_results/webnlg2020/fact-spotter
mean pearson: 0.2871068797791858, samples 1000 , interval: 0.20794944283398212, 0.3583683202753014
mean spearman: 0.2901257002860955, samples 1000 , interval: 0.2378823170914119, 0.336993789904426
mean kendal: 0.19932099704276868, samples 1000 , interval: 0.1628635580387447, 0.23164625419836857
FLUENCY metrics_results/webnlg2020/infolm
mean pearson: -0.05352107434477655, samples 839 , interval: -0.22301754742257382, 0.19523986316473846
mean spearman: -0.0393327031253361, samples 901 , interval: -0.22059266911759345, 0.20944959519959058
mean kendal: -0.028844758479338258, samples 901 , interval: -0.16739113154354238, 0.1599197262811516
FLUENCY metrics_results/webnlg2020/bleurt
mean pearson: 0.4783178118802014, samples 1000 , interval: 0.4404303154765091, 0.5107614186896792
mean spearman: 0.4874363794359398, samples 1000 , interval: 0.4497714929275782, 0.5239450459683479
mean kendal: 0.34215181774011477, samples 1000 , interval: 0.31448692890502195, 0.36857812053492045
RELEVANCE
RELEVANCE metrics_results/webnlg2020/parent_f1
mean pearson: 0.3009765054884012, samples 1000 , interval: 0.261556949967366, 0.3429278300270621
mean spearman: 0.3170969076597879, samples 1000 , interval: 0.26937819284317865, 0.37055501426483795
mean kendal: 0.21737605907160953, samples 1000 , interval: 0.18477114004150685, 0.2548249246266249
RELEVANCE metrics_results/webnlg2020/meteor
mean pearson: 0.30297147619370485, samples 1000 , interval: 0.27210579543056623, 0.33395054091050913
mean spearman: 0.3186778988126089, samples 1000 , interval: 0.2809594200286272, 0.3556929841958871
mean kendal: 0.21856878690960246, samples 1000 , interval: 0.19297221830357583, 0.2437764787859555
RELEVANCE metrics_results/webnlg2020/bert-f1
mean pearson: 0.37474717626238685, samples 1000 , interval: 0.3266615041249865, 0.4190212720153834
mean spearman: 0.376046683471701, samples 1000 , interval: 0.32459034473391013, 0.4253348392201242
mean kendal: 0.26025574374260296, samples 1000 , interval: 0.22364981378887094, 0.29609041990711366
RELEVANCE metrics_results/webnlg2020/bart-faith
mean pearson: 0.2789540265708303, samples 1000 , interval: 0.19816924205892186, 0.3523548947445427
mean spearman: 0.17257257325844552, samples 1000 , interval: 0.042670170786451474, 0.3233566847723485
mean kendal: 0.11750167227272255, samples 1000 , interval: 0.03194435581647629, 0.22148688050649357
RELEVANCE metrics_results/webnlg2020/bleu
mean pearson: 0.3019370564519551, samples 1000 , interval: 0.2638659124607984, 0.33415424197998533
mean spearman: 0.3387959463565003, samples 1000 , interval: 0.2910328576784201, 0.3863859030520418
mean kendal: 0.23391691588785612, samples 1000 , interval: 0.20144194458090664, 0.2660327060540751
RELEVANCE metrics_results/webnlg2020/bart
mean pearson: 0.3523387988457526, samples 1000 , interval: 0.29244395798724676, 0.4036279697215624
mean spearman: 0.3195264961338664, samples 1000 , interval: 0.25460585398657587, 0.40846826237078576
mean kendal: 0.22063508316747943, samples 1000 , interval: 0.1755902043518532, 0.28307080872165097
RELEVANCE metrics_results/webnlg2020/fact-spotter
mean pearson: 0.3709327324438595, samples 1000 , interval: 0.32032954487122556, 0.42434385256472523
mean spearman: 0.34056572367292876, samples 1000 , interval: 0.3002264697316427, 0.387484712185042
mean kendal: 0.2345322251147885, samples 1000 , interval: 0.20521272518206207, 0.2689992282029041
RELEVANCE metrics_results/webnlg2020/infolm
mean pearson: 0.013198710515782384, samples 976 , interval: -0.20045414351254504, 0.20742097278793542
mean spearman: 0.022898718582830317, samples 982 , interval: -0.18958897334598876, 0.20758451311544157
mean kendal: 0.016839208879228903, samples 982 , interval: -0.14500678467802353, 0.1581333303666715
RELEVANCE metrics_results/webnlg2020/bleurt
mean pearson: 0.38900517558719105, samples 1000 , interval: 0.34950213908774685, 0.4303531381098779
mean spearman: 0.38810753564827305, samples 1000 , interval: 0.35472087312875733, 0.4255345416047436
mean kendal: 0.2710884754935197, samples 1000 , interval: 0.24717582351239875, 0.2984774546325706
TEXTSTRUCTURE
TEXTSTRUCTURE metrics_results/webnlg2020/parent_f1
mean pearson: 0.29582539831367194, samples 1000 , interval: 0.25816723698303007, 0.3344171200805723
mean spearman: 0.3058185543431998, samples 1000 , interval: 0.26303562964081834, 0.346697411223788
mean kendal: 0.2089880511206615, samples 1000 , interval: 0.17992069779784156, 0.23783573526001484
TEXTSTRUCTURE metrics_results/webnlg2020/meteor
mean pearson: 0.3306244635072842, samples 1000 , interval: 0.2967383312647808, 0.36684312764279803
mean spearman: 0.32832007639643995, samples 1000 , interval: 0.2963382529950435, 0.3640644235417202
mean kendal: 0.2270561146097747, samples 1000 , interval: 0.20533196882797852, 0.2523167580800758
TEXTSTRUCTURE metrics_results/webnlg2020/bert-f1
mean pearson: 0.4097624744881448, samples 1000 , interval: 0.36526770259695795, 0.4549579474568018
mean spearman: 0.3942417458909065, samples 1000 , interval: 0.36005047714787, 0.43412286876142975
mean kendal: 0.27490585871813433, samples 1000 , interval: 0.2504035021746596, 0.30376121644837806
TEXTSTRUCTURE metrics_results/webnlg2020/bart-faith
mean pearson: 0.09024923967955956, samples 1000 , interval: -0.05150382810201767, 0.29242356323728125
mean spearman: -0.021253441886298092, samples 1000 , interval: -0.13711695674333824, 0.14274313683762502
mean kendal: -0.014025661927949094, samples 1000 , interval: -0.09375483101456741, 0.09467543803623514
TEXTSTRUCTURE metrics_results/webnlg2020/bleu
mean pearson: 0.31449045972163314, samples 1000 , interval: 0.28451106046564173, 0.3469966721792553
mean spearman: 0.32987914407985536, samples 1000 , interval: 0.29472006737383316, 0.3662879540692552
mean kendal: 0.22950596650673025, samples 1000 , interval: 0.20449553469046683, 0.2558285999426864
TEXTSTRUCTURE metrics_results/webnlg2020/bart
mean pearson: 0.3164551721249637, samples 1000 , interval: 0.2707110112805337, 0.3642943611412148
mean spearman: 0.3288287967905588, samples 1000 , interval: 0.2599910681794621, 0.39101949590045704
mean kendal: 0.22726079081375195, samples 1000 , interval: 0.18135234691272478, 0.2707427403959014
TEXTSTRUCTURE metrics_results/webnlg2020/fact-spotter
mean pearson: 0.27801458742865615, samples 1000 , interval: 0.20958526988704623, 0.3496837362267428
mean spearman: 0.2856586525551776, samples 1000 , interval: 0.245823064525874, 0.3299084504377606
mean kendal: 0.19396317037192065, samples 1000 , interval: 0.16534736104299133, 0.22359238862932643
TEXTSTRUCTURE metrics_results/webnlg2020/infolm
mean pearson: -0.10772927044956414, samples 831 , interval: -0.23133785239537735, 0.1768384289149581
mean spearman: -0.10255781759297929, samples 920 , interval: -0.23018045541838675, 0.17783015912292383
mean kendal: -0.07975855513919361, samples 920 , interval: -0.1730207283857823, 0.1337609569943478
TEXTSTRUCTURE metrics_results/webnlg2020/bleurt
mean pearson: 0.438629483824132, samples 1000 , interval: 0.4034005571669802, 0.4714865074801544
mean spearman: 0.44119308200193186, samples 1000 , interval: 0.40665227082303446, 0.47487854514874417
mean kendal: 0.30784192875989025, samples 1000 , interval: 0.28268293839142544, 0.33337614431131374
Sentence 2 level human - human
CORRECTNESS - CORRECTNESS
mean pearson: 1.0, samples 1000 , interval: 1.0, 1.0
mean spearman: 1.0, samples 1000 , interval: 1.0, 1.0
mean kendal: 1.0, samples 1000 , interval: 1.0, 1.0
CORRECTNESS - DATACOVERAGE
mean pearson: 0.7629200612564713, samples 1000 , interval: 0.7415812960434729, 0.7834185729843479
mean spearman: 0.7084624018290487, samples 1000 , interval: 0.6909577053962078, 0.7256991321118611
mean kendal: 0.5580516380753845, samples 1000 , interval: 0.5409669211195928, 0.5745454545454547
CORRECTNESS - FLUENCY
mean pearson: 0.7214225875879224, samples 1000 , interval: 0.7021752066469082, 0.7411130035398407
mean spearman: 0.6695573589908297, samples 1000 , interval: 0.6522875816993463, 0.6871657754010697
mean kendal: 0.5255030466117151, samples 1000 , interval: 0.5095486111111108, 0.5424908424908425
CORRECTNESS - RELEVANCE
mean pearson: 0.7777199948685849, samples 1000 , interval: 0.7611761467154238, 0.79625978702024
mean spearman: 0.7064329783818725, samples 1000 , interval: 0.6881487889273356, 0.7237616099071214
mean kendal: 0.5480847408717975, samples 1000 , interval: 0.5312684365781709, 0.5654205607476633
CORRECTNESS - TEXTSTRUCTURE
mean pearson: 0.7054504766247447, samples 1000 , interval: 0.683739326636613, 0.7272292905290911
mean spearman: 0.6608868885321805, samples 1000 , interval: 0.6436406995230525, 0.6791003460207613
mean kendal: 0.5110068511846568, samples 1000 , interval: 0.4946666666666666, 0.528861788617886
DATACOVERAGE - CORRECTNESS
mean pearson: 0.7629200612564713, samples 1000 , interval: 0.7415812960434729, 0.7834185729843479
mean spearman: 0.7084624018290487, samples 1000 , interval: 0.6909577053962078, 0.7256991321118611
mean kendal: 0.5580516380753845, samples 1000 , interval: 0.5409669211195928, 0.5745454545454547
DATACOVERAGE - DATACOVERAGE
mean pearson: 1.0, samples 1000 , interval: 1.0, 1.0
mean spearman: 1.0, samples 1000 , interval: 1.0, 1.0
mean kendal: 1.0, samples 1000 , interval: 1.0, 1.0
DATACOVERAGE - FLUENCY
mean pearson: 0.6858336436222492, samples 1000 , interval: 0.6644511345393673, 0.7088023010700515
mean spearman: 0.6318138159686738, samples 1000 , interval: 0.6127743634767341, 0.6517447657028913
mean kendal: 0.4882530814898779, samples 1000 , interval: 0.47189542483660124, 0.5059748427672958
DATACOVERAGE - RELEVANCE
mean pearson: 0.8020480072944463, samples 1000 , interval: 0.7805310169765323, 0.8227604453524214
mean spearman: 0.7057448865075858, samples 1000 , interval: 0.6862640801001251, 0.7247647058823528
mean kendal: 0.5601504448482486, samples 1000 , interval: 0.5405940594059406, 0.5789473684210527
DATACOVERAGE - TEXTSTRUCTURE
mean pearson: 0.6843261100154966, samples 1000 , interval: 0.6594683028897191, 0.7085501547265695
mean spearman: 0.6295362350343736, samples 1000 , interval: 0.6092592592592593, 0.6493808049535602
mean kendal: 0.48035865238432346, samples 1000 , interval: 0.462962962962963, 0.4987373737373737
FLUENCY - CORRECTNESS
mean pearson: 0.7214225875879224, samples 1000 , interval: 0.7021752066469082, 0.7411130035398407
mean spearman: 0.6695573589908297, samples 1000 , interval: 0.6522875816993463, 0.6871657754010697
mean kendal: 0.5255030466117151, samples 1000 , interval: 0.5095486111111108, 0.5424908424908425
FLUENCY - DATACOVERAGE
mean pearson: 0.6858336436222492, samples 1000 , interval: 0.6644511345393673, 0.7088023010700515
mean spearman: 0.6318138159686738, samples 1000 , interval: 0.6127743634767341, 0.6517447657028913
mean kendal: 0.4882530814898779, samples 1000 , interval: 0.47189542483660124, 0.5059748427672958
FLUENCY - FLUENCY
mean pearson: 1.0, samples 1000 , interval: 1.0, 1.0
mean spearman: 1.0, samples 1000 , interval: 1.0, 1.0
mean kendal: 1.0, samples 1000 , interval: 1.0, 1.0
FLUENCY - RELEVANCE
mean pearson: 0.6963605637908621, samples 1000 , interval: 0.6742408162550588, 0.7191129793062448
mean spearman: 0.6158275199269109, samples 1000 , interval: 0.598154555940023, 0.6339154411764706
mean kendal: 0.477806391796561, samples 1000 , interval: 0.46069182389937124, 0.4951612903225804
FLUENCY - TEXTSTRUCTURE
mean pearson: 0.8239156949177681, samples 1000 , interval: 0.8086558625077761, 0.839954406496991
mean spearman: 0.7611976745012734, samples 1000 , interval: 0.7453996983408746, 0.7770825108566916
mean kendal: 0.6157919002916477, samples 1000 , interval: 0.5993506493506494, 0.6320945945945942
RELEVANCE - CORRECTNESS
mean pearson: 0.7777199948685849, samples 1000 , interval: 0.7611761467154238, 0.79625978702024
mean spearman: 0.7064329783818725, samples 1000 , interval: 0.6881487889273356, 0.7237616099071214
mean kendal: 0.5480847408717975, samples 1000 , interval: 0.5312684365781709, 0.5654205607476633
RELEVANCE - DATACOVERAGE
mean pearson: 0.8020480072944463, samples 1000 , interval: 0.7805310169765323, 0.8227604453524214
mean spearman: 0.7057448865075858, samples 1000 , interval: 0.6862640801001251, 0.7247647058823528
mean kendal: 0.5601504448482486, samples 1000 , interval: 0.5405940594059406, 0.5789473684210527
RELEVANCE - FLUENCY
mean pearson: 0.6963605637908621, samples 1000 , interval: 0.6742408162550588, 0.7191129793062448
mean spearman: 0.6158275199269109, samples 1000 , interval: 0.598154555940023, 0.6339154411764706
mean kendal: 0.477806391796561, samples 1000 , interval: 0.46069182389937124, 0.4951612903225804
RELEVANCE - RELEVANCE
mean pearson: 1.0, samples 1000 , interval: 1.0, 1.0
mean spearman: 1.0, samples 1000 , interval: 1.0, 1.0
mean kendal: 1.0, samples 1000 , interval: 1.0, 1.0
RELEVANCE - TEXTSTRUCTURE
mean pearson: 0.7010739407771066, samples 1000 , interval: 0.6802237525915171, 0.7218689935945384
mean spearman: 0.6221703373670558, samples 1000 , interval: 0.602777777777778, 0.6410886742756804
mean kendal: 0.4654439486759565, samples 1000 , interval: 0.4327044025157234, 0.4941025641025641
TEXTSTRUCTURE - CORRECTNESS
mean pearson: 0.7054504766247447, samples 1000 , interval: 0.683739326636613, 0.7272292905290911
mean spearman: 0.6608868885321805, samples 1000 , interval: 0.6436406995230525, 0.6791003460207613
mean kendal: 0.5110068511846568, samples 1000 , interval: 0.4946666666666666, 0.528861788617886
TEXTSTRUCTURE - DATACOVERAGE
mean pearson: 0.6843261100154966, samples 1000 , interval: 0.6594683028897191, 0.7085501547265695
mean spearman: 0.6295362350343736, samples 1000 , interval: 0.6092592592592593, 0.6493808049535602
mean kendal: 0.48035865238432346, samples 1000 , interval: 0.462962962962963, 0.4987373737373737
TEXTSTRUCTURE - FLUENCY
mean pearson: 0.8239156949177681, samples 1000 , interval: 0.8086558625077761, 0.839954406496991
mean spearman: 0.7611976745012734, samples 1000 , interval: 0.7453996983408746, 0.7770825108566916
mean kendal: 0.6157919002916477, samples 1000 , interval: 0.5993506493506494, 0.6320945945945942
TEXTSTRUCTURE - RELEVANCE
mean pearson: 0.7010739407771066, samples 1000 , interval: 0.6802237525915171, 0.7218689935945384
mean spearman: 0.6221703373670558, samples 1000 , interval: 0.602777777777778, 0.6410886742756804
mean kendal: 0.4654439486759565, samples 1000 , interval: 0.4327044025157234, 0.4941025641025641
TEXTSTRUCTURE - TEXTSTRUCTURE
mean pearson: 1.0, samples 1000 , interval: 1.0, 1.0
mean spearman: 1.0, samples 1000 , interval: 1.0, 1.0
mean kendal: 1.0, samples 1000 , interval: 1.0, 1.0

 Sentence 2 level human - metrics
CORRECTNESS
CORRECTNESS metrics_results/webnlg2020/parent_f1
mean pearson: 0.6246651196739824, samples 1000 , interval: 0.5861983834095859, 0.658687086561149
mean spearman: 0.584199610153382, samples 1000 , interval: 0.5270687326898286, 0.6314690582375945
mean kendal: 0.45240562406150003, samples 1000 , interval: 0.39664364207312414, 0.4944769349186421
CORRECTNESS metrics_results/webnlg2020/meteor
mean pearson: 0.6516501240868607, samples 1000 , interval: 0.6288636914791373, 0.6760442793318906
mean spearman: 0.5954033399027289, samples 1000 , interval: 0.5750719244040785, 0.6171283422833441
mean kendal: 0.42871486533470626, samples 1000 , interval: 0.38262605913050274, 0.46279644397594777
CORRECTNESS metrics_results/webnlg2020/bert-f1
mean pearson: 0.6528057442439997, samples 1000 , interval: 0.6350618302403065, 0.6713789086145389
mean spearman: 0.6081575325062436, samples 1000 , interval: 0.5905932041649096, 0.6260487259001002
mean kendal: 0.46623643080594523, samples 1000 , interval: 0.4504872327790135, 0.4832346916513927
CORRECTNESS metrics_results/webnlg2020/bart-faith
mean pearson: 0.6129746877802091, samples 1000 , interval: 0.5503795487839123, 0.6657386459111436
mean spearman: 0.5189308857070815, samples 1000 , interval: 0.41904641087972716, 0.6117587246537363
mean kendal: 0.38331505139678324, samples 1000 , interval: 0.2963717700817921, 0.46413703114028587
CORRECTNESS metrics_results/webnlg2020/bleu
mean pearson: 0.6083975676815384, samples 1000 , interval: 0.5512106281519996, 0.6510706717206296
mean spearman: 0.5711902183965766, samples 1000 , interval: 0.5131385918353202, 0.6170496065693801
mean kendal: 0.42486546678366266, samples 1000 , interval: 0.3708283132976771, 0.465375488626688
CORRECTNESS metrics_results/webnlg2020/bart
mean pearson: 0.7145886551882588, samples 1000 , interval: 0.6962540677370394, 0.7335640357989052
mean spearman: 0.5957978763025583, samples 1000 , interval: 0.5555908624700412, 0.6282226525719443
mean kendal: 0.4538142731394006, samples 1000 , interval: 0.4184013375938437, 0.4808087808061318
CORRECTNESS metrics_results/webnlg2020/fact-spotter
mean pearson: 0.6877291186035537, samples 1000 , interval: 0.6413123568260424, 0.7276358517218879
mean spearman: 0.5904388363658908, samples 1000 , interval: 0.5380308696811927, 0.6353270778069124
mean kendal: 0.44989973825908186, samples 1000 , interval: 0.40741770353634704, 0.4862803874027494
CORRECTNESS metrics_results/webnlg2020/infolm
mean pearson: 0.5494316608622352, samples 663 , interval: 0.5494316608622279, 0.5494316608622279
mean spearman: -0.05355335421205511, samples 864 , interval: -0.6147058823529412, 0.5176470588235293
mean kendal: 0.11994850717869975, samples 864 , interval: -0.43333333333333335, 0.39999999999999997
CORRECTNESS metrics_results/webnlg2020/bleurt
mean pearson: 0.7200726620809311, samples 1000 , interval: 0.7038583942066574, 0.7370256090391054
mean spearman: 0.6330138107344014, samples 1000 , interval: 0.6160753754573224, 0.6503150413014511
mean kendal: 0.4798249389185751, samples 1000 , interval: 0.46526044962058033, 0.495351481994523
DATACOVERAGE
DATACOVERAGE metrics_results/webnlg2020/parent_f1
mean pearson: 0.6388628910025564, samples 1000 , interval: 0.5917631833816153, 0.6765668703233487
mean spearman: 0.6337198776749665, samples 1000 , interval: 0.6043197911132483, 0.6649864045136512
mean kendal: 0.4956402313896106, samples 1000 , interval: 0.46785240197590944, 0.523352566057411
DATACOVERAGE metrics_results/webnlg2020/meteor
mean pearson: 0.6619141849045016, samples 1000 , interval: 0.6390270014826805, 0.6863535009426712
mean spearman: 0.5704762580440951, samples 1000 , interval: 0.5143724463914652, 0.6157309553732669
mean kendal: 0.43267586279529, samples 1000 , interval: 0.3865082265318089, 0.46921036561629276
DATACOVERAGE metrics_results/webnlg2020/bert-f1
mean pearson: 0.6707716298407096, samples 1000 , interval: 0.6489576562191816, 0.6932522058728452
mean spearman: 0.6141303298140894, samples 1000 , interval: 0.5919140090279612, 0.6399987338442934
mean kendal: 0.46496674945779226, samples 1000 , interval: 0.4422543094972515, 0.48945329389882486
DATACOVERAGE metrics_results/webnlg2020/bart-faith
mean pearson: 0.6526155138968123, samples 1000 , interval: 0.607017547410836, 0.6912528652831372
mean spearman: 0.6148915668308568, samples 1000 , interval: 0.5662398791925325, 0.656399636955584
mean kendal: 0.4749844351978464, samples 1000 , interval: 0.4377607552728178, 0.5103023051186993
DATACOVERAGE metrics_results/webnlg2020/bleu
mean pearson: 0.5687707993298295, samples 1000 , interval: 0.48082001314975253, 0.6376132432192584
mean spearman: 0.5995189089003418, samples 1000 , interval: 0.5763061883131367, 0.6246870448839524
mean kendal: 0.4444963971875646, samples 1000 , interval: 0.4233554354704567, 0.46621058195573895
DATACOVERAGE metrics_results/webnlg2020/bart
mean pearson: 0.695585871389901, samples 1000 , interval: 0.6608112147575752, 0.725573213870528
mean spearman: 0.6189870188289261, samples 1000 , interval: 0.6020249323214496, 0.6357332335026454
mean kendal: 0.4693198730401956, samples 1000 , interval: 0.4559699277966606, 0.4828010219391833
DATACOVERAGE metrics_results/webnlg2020/fact-spotter
mean pearson: 0.7115419726181624, samples 1000 , interval: 0.6644167554253906, 0.7517861660745687
mean spearman: 0.6404086697879559, samples 1000 , interval: 0.6208845128484216, 0.6607216747652981
mean kendal: 0.48813834091731584, samples 1000 , interval: 0.47162229327294675, 0.5059657338557193
DATACOVERAGE metrics_results/webnlg2020/infolm
mean pearson: -0.019385763543330208, samples 866 , interval: -0.6197378154603965, 0.5461424587812976
mean spearman: -0.18371853787225187, samples 948 , interval: -0.5705882352941177, 0.538235294117647
mean kendal: -0.015220473970473877, samples 948 , interval: -0.41666666666666663, 0.39999999999999997
DATACOVERAGE metrics_results/webnlg2020/bleurt
mean pearson: 0.6882241391034767, samples 1000 , interval: 0.6586288381009974, 0.7150140892321306
mean spearman: 0.6046323020743345, samples 1000 , interval: 0.556992690921669, 0.642561698790709
mean kendal: 0.46006126874274716, samples 1000 , interval: 0.41819237881478283, 0.4933298293283885
FLUENCY
FLUENCY metrics_results/webnlg2020/parent_f1
mean pearson: 0.5479840507215754, samples 1000 , interval: 0.46282139246398735, 0.6170048459240949
mean spearman: 0.5326534308771362, samples 1000 , interval: 0.4164880530853333, 0.624547789360731
mean kendal: 0.4121435953781279, samples 1000 , interval: 0.3340619035466379, 0.47272933309700854
FLUENCY metrics_results/webnlg2020/meteor
mean pearson: 0.5991162224635748, samples 1000 , interval: 0.5433594964051894, 0.646373105644744
mean spearman: 0.6104995703171076, samples 1000 , interval: 0.5907379341226863, 0.6315994138464908
mean kendal: 0.4745511848331371, samples 1000 , interval: 0.4564588606228298, 0.4939980796814931
FLUENCY metrics_results/webnlg2020/bert-f1
mean pearson: 0.6415082104633034, samples 1000 , interval: 0.6137752601342534, 0.6664330202578819
mean spearman: 0.6360341669295759, samples 1000 , interval: 0.6183513790611267, 0.6550429891856082
mean kendal: 0.4846420554054096, samples 1000 , interval: 0.46843590247349187, 0.5020308937023205
FLUENCY metrics_results/webnlg2020/bart-faith
mean pearson: 0.23143887772901162, samples 1000 , interval: 0.06305030857909183, 0.40047258136988034
mean spearman: 0.009588049864527813, samples 1000 , interval: -0.2686653262543198, 0.2803867318518328
mean kendal: -0.0025398402475279446, samples 1000 , interval: -0.2239886323135711, 0.20645223742672247
FLUENCY metrics_results/webnlg2020/bleu
mean pearson: 0.5732656264184184, samples 1000 , interval: 0.5083222512956511, 0.6310247267785687
mean spearman: 0.5893078092945688, samples 1000 , interval: 0.5482041636245338, 0.6235021643909081
mean kendal: 0.45207691726602983, samples 1000 , interval: 0.41454247923954124, 0.48374252025341896
FLUENCY metrics_results/webnlg2020/bart
mean pearson: 0.6663505557942716, samples 1000 , interval: 0.6455238511011165, 0.6875941351946455
mean spearman: 0.6080586657875476, samples 1000 , interval: 0.5529263377755794, 0.6522167657633751
mean kendal: 0.4590709597076405, samples 1000 , interval: 0.4153375810636781, 0.4964866312614328
FLUENCY metrics_results/webnlg2020/fact-spotter
mean pearson: 0.6067322625712506, samples 1000 , interval: 0.5343297371649659, 0.6683618232880718
mean spearman: 0.5638882674157425, samples 1000 , interval: 0.47763390899660624, 0.6237964262140587
mean kendal: 0.39495742985227456, samples 1000 , interval: 0.31324644109039834, 0.4621930615677438
FLUENCY metrics_results/webnlg2020/infolm
mean pearson: -0.5477079003005035, samples 628 , interval: -0.5477079003004963, -0.5477079003004963
mean spearman: -0.5500000000000064, samples 628 , interval: -0.55, -0.55
mean kendal: -0.41666666666666335, samples 628 , interval: -0.4166666666666667, -0.41666666666666663
FLUENCY metrics_results/webnlg2020/bleurt
mean pearson: 0.6815551878041092, samples 1000 , interval: 0.6543869086730086, 0.7058875528679737
mean spearman: 0.627724447808993, samples 1000 , interval: 0.6082736818465614, 0.6492360139548473
mean kendal: 0.4839799954582159, samples 1000 , interval: 0.4671785517941612, 0.5028056724731301
RELEVANCE
RELEVANCE metrics_results/webnlg2020/parent_f1
mean pearson: 0.6002685113052855, samples 1000 , interval: 0.5180546125834197, 0.6701756422997166
mean spearman: 0.4867838987793157, samples 1000 , interval: 0.369586018362469, 0.5849469058273978
mean kendal: 0.39725608862520423, samples 1000 , interval: 0.31707273083521487, 0.46429952372013883
RELEVANCE metrics_results/webnlg2020/meteor
mean pearson: 0.681286454547504, samples 1000 , interval: 0.6541598017993678, 0.7079886640429504
mean spearman: 0.5523199278878241, samples 1000 , interval: 0.45581519000363385, 0.6214148794249398
mean kendal: 0.4176602611990509, samples 1000 , interval: 0.33807347218290196, 0.4777065673986337
RELEVANCE metrics_results/webnlg2020/bert-f1
mean pearson: 0.6608282671991252, samples 1000 , interval: 0.6383456269841041, 0.6834986085652166
mean spearman: 0.5795771415129821, samples 1000 , interval: 0.5079096320557962, 0.6346337677011714
mean kendal: 0.43694250377816596, samples 1000 , interval: 0.3855915573516566, 0.47771933421297086
RELEVANCE metrics_results/webnlg2020/bart-faith
mean pearson: 0.6448363361595314, samples 1000 , interval: 0.5899627316518631, 0.6928721472956191
mean spearman: 0.5650332521500271, samples 1000 , interval: 0.5122828104461835, 0.6086367143811638
mean kendal: 0.4305306522189334, samples 1000 , interval: 0.3888461102609105, 0.46467145794840276
RELEVANCE metrics_results/webnlg2020/bleu
mean pearson: 0.5812733371462788, samples 1000 , interval: 0.5161670753962426, 0.6288917982330319
mean spearman: 0.48203884644998685, samples 1000 , interval: 0.36393097830496435, 0.5839464525429627
mean kendal: 0.35441021769714637, samples 1000 , interval: 0.26385247662464095, 0.4337854109319082
RELEVANCE metrics_results/webnlg2020/bart
mean pearson: 0.7044479186148332, samples 1000 , interval: 0.6814396107356956, 0.7283030207890974
mean spearman: 0.6177262590839463, samples 1000 , interval: 0.5961812878577054, 0.6395022531097317
mean kendal: 0.4706905350016363, samples 1000 , interval: 0.45044483905316823, 0.4915275046951378
RELEVANCE metrics_results/webnlg2020/fact-spotter
mean pearson: 0.6983893147465997, samples 1000 , interval: 0.641960857905699, 0.7451809127953205
mean spearman: 0.5938627856251636, samples 1000 , interval: 0.5389841600078136, 0.6346937472883062
mean kendal: 0.45773135175165275, samples 1000 , interval: 0.40819262691485386, 0.49497249692185413
RELEVANCE metrics_results/webnlg2020/infolm
mean pearson: 0.1661251285036501, samples 948 , interval: -0.6003035784810338, 0.5970264411425809
mean spearman: -0.323752907559519, samples 991 , interval: -0.5485294117647059, -0.0029411764705881693
mean kendal: -0.4166958923208915, samples 991 , interval: -0.43333333333333335, -0.39999999999999997
RELEVANCE metrics_results/webnlg2020/bleurt
mean pearson: 0.717357281860107, samples 1000 , interval: 0.6970889391873984, 0.7379738721131235
mean spearman: 0.633247556757292, samples 1000 , interval: 0.6142444174956032, 0.6536136515523062
mean kendal: 0.4755420957109827, samples 1000 , interval: 0.45781592728520354, 0.4944350764663532
TEXTSTRUCTURE
TEXTSTRUCTURE metrics_results/webnlg2020/parent_f1
mean pearson: 0.625218117144382, samples 1000 , interval: 0.5642632653964215, 0.6751998037885312
mean spearman: 0.5913675336174951, samples 1000 , interval: 0.512262013182631, 0.6485326467060359
mean kendal: 0.48204650178154124, samples 1000 , interval: 0.4621594364618239, 0.5030397863752182
TEXTSTRUCTURE metrics_results/webnlg2020/meteor
mean pearson: 0.6263668488944233, samples 1000 , interval: 0.5761174126464516, 0.6671118051506489
mean spearman: 0.5185152138516957, samples 1000 , interval: 0.4159254278037281, 0.5982136571694382
mean kendal: 0.393063819771087, samples 1000 , interval: 0.3073737563626272, 0.4647201610994559
TEXTSTRUCTURE metrics_results/webnlg2020/bert-f1
mean pearson: 0.6666224222451416, samples 1000 , interval: 0.648325491640575, 0.6864351021849747
mean spearman: 0.6254792288332426, samples 1000 , interval: 0.606995607645742, 0.6448854172078808
mean kendal: 0.4745564872501115, samples 1000 , interval: 0.4568473035320589, 0.49218568732891915
TEXTSTRUCTURE metrics_results/webnlg2020/bart-faith
mean pearson: 0.37926039573772713, samples 1000 , interval: 0.22705326835528267, 0.5223585818608601
mean spearman: 0.2213976249481381, samples 1000 , interval: -0.016504453204747648, 0.43325510968502207
mean kendal: 0.19451525564929742, samples 1000 , interval: 0.03955774080472756, 0.3416460245974769
TEXTSTRUCTURE metrics_results/webnlg2020/bleu
mean pearson: 0.5868263096202468, samples 1000 , interval: 0.5366477808741621, 0.6278757081090122
mean spearman: 0.5858821460934671, samples 1000 , interval: 0.5203308978226189, 0.6332830480804414
mean kendal: 0.4476602082515089, samples 1000 , interval: 0.3915107204983478, 0.48958952674507433
TEXTSTRUCTURE metrics_results/webnlg2020/bart
mean pearson: 0.6849716327867417, samples 1000 , interval: 0.6609758054921154, 0.7109697711207423
mean spearman: 0.5540695393201633, samples 1000 , interval: 0.4740373200594098, 0.620627481370155
mean kendal: 0.43859341929691187, samples 1000 , interval: 0.3876142708428562, 0.483428975061959
TEXTSTRUCTURE metrics_results/webnlg2020/fact-spotter
mean pearson: 0.6323985588569725, samples 1000 , interval: 0.5674836196099097, 0.685462369074406
mean spearman: 0.5306484026592981, samples 1000 , interval: 0.4068650984638087, 0.6137646332166586
mean kendal: 0.39866340108066134, samples 1000 , interval: 0.2965521441687425, 0.46865471093207967
TEXTSTRUCTURE metrics_results/webnlg2020/infolm
mean pearson: -0.28868859958418536, samples 980 , interval: -0.5777870725895085, 0.1818481371374225
mean spearman: 0.009436003656641915, samples 980 , interval: -0.5867647058823529, 0.6336689111137336
mean kendal: 0.01033828213497464, samples 980 , interval: -0.42916666666666664, 0.47364314622732734
TEXTSTRUCTURE metrics_results/webnlg2020/bleurt
mean pearson: 0.7022013685445009, samples 1000 , interval: 0.683883971750857, 0.719211523509242
mean spearman: 0.6310811581424947, samples 1000 , interval: 0.6126103147199763, 0.6513619942323864
mean kendal: 0.4854464753649146, samples 1000 , interval: 0.46869955982566053, 0.5036914199333138


2025-05-24 16:43:41.777614

 System level human - metrics
CORRECTNESS
CORRECTNESS metrics_results/webnlg2017/fact-overlap-large523


2025-05-24 17:39:03.813767

 System level human - metrics
CORRECTNESS
CORRECTNESS metrics_results/webnlg2017/fact-overlap-large523


2025-05-24 17:40:54.206604

 System level human - metrics
CORRECTNESS
CORRECTNESS metrics_results/webnlg2017/fact-overlap-large523


2025-05-24 17:41:17.438000

 System level human - metrics
CORRECTNESS
CORRECTNESS metrics_results/webnlg2020/fact-overlap-large523
mean pearson: 0.9693842813795017, samples 1000 , interval: 0.9541725377956787, 0.9811178222365573
mean spearman: 0.786464705882353, samples 1000 , interval: 0.6617647058823529, 0.8911764705882352
mean kendal: 0.6409986639946551, samples 1000 , interval: 0.5, 0.75
CORRECTNESS metrics_results/webnlg2020/fact-spotter
mean pearson: 0.9467484145585645, samples 1000 , interval: 0.9148490408733518, 0.9722034800333277
mean spearman: 0.8022117647058827, samples 1000 , interval: 0.6764705882352942, 0.9058823529411765
mean kendal: 0.6420587253920582, samples 1000 , interval: 0.5, 0.7666666666666667
DATACOVERAGE
DATACOVERAGE metrics_results/webnlg2020/fact-overlap-large523
mean pearson: 0.9723059643442379, samples 1000 , interval: 0.952427198834382, 0.9875062782188487
mean spearman: 0.9284647058823551, samples 1000 , interval: 0.8676470588235294, 0.9735294117647059
mean kendal: 0.8159833333333354, samples 1000 , interval: 0.7166666666666667, 0.9
DATACOVERAGE metrics_results/webnlg2020/fact-spotter
mean pearson: 0.9141457872058948, samples 1000 , interval: 0.8743228749333518, 0.9477014389535307
mean spearman: 0.8710117647058812, samples 1000 , interval: 0.7735294117647058, 0.9470588235294116
mean kendal: 0.7154833333333325, samples 1000 , interval: 0.6, 0.8333333333333333
FLUENCY
FLUENCY metrics_results/webnlg2020/fact-overlap-large523
mean pearson: 0.6866117458670665, samples 1000 , interval: 0.6133792530312886, 0.7557856015158013
mean spearman: 0.5481272748620405, samples 501 , interval: 0.5029411764705883, 0.6205882352941177
mean kendal: 0.4230318257956456, samples 501 , interval: 0.38333333333333336, 0.5
FLUENCY metrics_results/webnlg2020/fact-spotter
mean pearson: 0.7286637998646609, samples 1000 , interval: 0.655325003839379, 0.796780689337924
mean spearman: 0.6222187044893306, samples 929 , interval: 0.5205882352941177, 0.75
mean kendal: 0.4756336405529941, samples 929 , interval: 0.38333333333333336, 0.5833333333333334
RELEVANCE
RELEVANCE metrics_results/webnlg2020/fact-overlap-large523
mean pearson: 0.9538085708698407, samples 1000 , interval: 0.9297632196506043, 0.9732244549102655
mean spearman: 0.7425486218828303, samples 986 , interval: 0.5764705882352941, 0.8735294117647058
mean kendal: 0.592380952380952, samples 986 , interval: 0.45, 0.7333333333333334
RELEVANCE metrics_results/webnlg2020/fact-spotter
mean pearson: 0.9624119456688393, samples 1000 , interval: 0.9380986712012518, 0.9810381723984125
mean spearman: 0.7999970410699482, samples 994 , interval: 0.6470588235294118, 0.9235294117647058
mean kendal: 0.6487399193548381, samples 994 , interval: 0.48333333333333334, 0.7999999999999999
TEXTSTRUCTURE
TEXTSTRUCTURE metrics_results/webnlg2020/fact-overlap-large523
mean pearson: 0.6696323080452786, samples 1000 , interval: 0.5869508665626533, 0.7494892762976633
mean spearman: 0.5396258008153753, samples 404 , interval: 0.5029411764705883, 0.6058823529411764
mean kendal: 0.415552325581397, samples 404 , interval: 0.38333333333333336, 0.4666666666666666
TEXTSTRUCTURE metrics_results/webnlg2020/fact-spotter
mean pearson: 0.7138155314376153, samples 1000 , interval: 0.6310142094260949, 0.791765998668294
mean spearman: 0.6084705882352933, samples 875 , interval: 0.5176470588235293, 0.7264705882352941
mean kendal: 0.46856240126382176, samples 875 , interval: 0.38333333333333336, 0.5666666666666667
Sentence 1 level human - human
CORRECTNESS - CORRECTNESS
mean pearson: 1.0, samples 1000 , interval: 1.0, 1.0
mean spearman: 1.0, samples 1000 , interval: 0.9999999999999999, 1.0
mean kendal: 1.0, samples 1000 , interval: 0.9999999999999999, 1.0
CORRECTNESS - DATACOVERAGE
mean pearson: 0.6131490363867007, samples 1000 , interval: 0.5645518636189132, 0.6600052473145446
mean spearman: 0.5813746080651802, samples 1000 , interval: 0.5569006166536729, 0.6073122294752322
mean kendal: 0.4382540247892229, samples 1000 , interval: 0.41768625444027013, 0.45935494532880056
CORRECTNESS - FLUENCY
mean pearson: 0.5325563179442462, samples 1000 , interval: 0.49647329861223793, 0.5682530210834384
mean spearman: 0.5367115507375123, samples 1000 , interval: 0.5071386690187922, 0.5660452422630868
mean kendal: 0.3892967013754931, samples 1000 , interval: 0.36623704435383225, 0.4131496618770113
CORRECTNESS - RELEVANCE
mean pearson: 0.6335940467607751, samples 1000 , interval: 0.5923677486466828, 0.6706122906789812
mean spearman: 0.5599601295474008, samples 1000 , interval: 0.5315924297342832, 0.5922426143056062
mean kendal: 0.42253146759268917, samples 1000 , interval: 0.40066417240997587, 0.44700481141085907
CORRECTNESS - TEXTSTRUCTURE
mean pearson: 0.5049694928634092, samples 1000 , interval: 0.4651429060195608, 0.5461331178790537
mean spearman: 0.48983152965472593, samples 1000 , interval: 0.45907458049944394, 0.5191426027317634
mean kendal: 0.35102904357061016, samples 1000 , interval: 0.3274146656356333, 0.3744077279637022
DATACOVERAGE - CORRECTNESS
mean pearson: 0.6131490363867007, samples 1000 , interval: 0.5645518636189132, 0.6600052473145446
mean spearman: 0.58137460806518, samples 1000 , interval: 0.5569006166536729, 0.6073122294752322
mean kendal: 0.4382540247892229, samples 1000 , interval: 0.41768625444027013, 0.45935494532880056
DATACOVERAGE - DATACOVERAGE
mean pearson: 1.0, samples 1000 , interval: 1.0, 1.0
mean spearman: 1.0, samples 1000 , interval: 0.9999999999999999, 1.0
mean kendal: 1.0, samples 1000 , interval: 0.9999999999999999, 1.0
DATACOVERAGE - FLUENCY
mean pearson: 0.4175729205705419, samples 1000 , interval: 0.3830259326925886, 0.45633486766141046
mean spearman: 0.40266781636338994, samples 1000 , interval: 0.37116499701058275, 0.4339232468002535
mean kendal: 0.2832994264057998, samples 1000 , interval: 0.2601159935333286, 0.3063168628733389
DATACOVERAGE - RELEVANCE
mean pearson: 0.6222067222511326, samples 1000 , interval: 0.5738589151390614, 0.6675197484827795
mean spearman: 0.5371336824954291, samples 1000 , interval: 0.5081073935419919, 0.5665961577179491
mean kendal: 0.40674342327258944, samples 1000 , interval: 0.38410166849662564, 0.43144556169859805
DATACOVERAGE - TEXTSTRUCTURE
mean pearson: 0.39749284929006706, samples 1000 , interval: 0.36100600566948, 0.43743956769806064
mean spearman: 0.3701725566616404, samples 1000 , interval: 0.33757105427224604, 0.40367966188418586
mean kendal: 0.25976090390900053, samples 1000 , interval: 0.23606736948214926, 0.28250181148511366
FLUENCY - CORRECTNESS
mean pearson: 0.5325563179442462, samples 1000 , interval: 0.49647329861223793, 0.5682530210834384
mean spearman: 0.5367115507375123, samples 1000 , interval: 0.5071386690187922, 0.5660452422630868
mean kendal: 0.3892967013754931, samples 1000 , interval: 0.36623704435383225, 0.4131496618770113
FLUENCY - DATACOVERAGE
mean pearson: 0.4175729205705419, samples 1000 , interval: 0.3830259326925886, 0.45633486766141046
mean spearman: 0.40266781636338994, samples 1000 , interval: 0.37116499701058275, 0.4339232468002535
mean kendal: 0.2832994264057998, samples 1000 , interval: 0.2601159935333286, 0.3063168628733389
FLUENCY - FLUENCY
mean pearson: 1.0, samples 1000 , interval: 1.0, 1.0
mean spearman: 1.0, samples 1000 , interval: 0.9999999999999999, 1.0
mean kendal: 1.0, samples 1000 , interval: 0.9999999999999999, 1.0
FLUENCY - RELEVANCE
mean pearson: 0.4284014894641716, samples 1000 , interval: 0.39102530188108015, 0.4662706323570676
mean spearman: 0.41072812616299703, samples 1000 , interval: 0.3784626062766062, 0.44313645320875755
mean kendal: 0.2905107570508727, samples 1000 , interval: 0.2664659819121561, 0.31449279128053664
FLUENCY - TEXTSTRUCTURE
mean pearson: 0.7730273967276464, samples 1000 , interval: 0.745039597097198, 0.7989407815132517
mean spearman: 0.7423432320327333, samples 1000 , interval: 0.7200863951530522, 0.7633259113905709
mean kendal: 0.574928027965571, samples 1000 , interval: 0.5551565640649881, 0.5939760084432966
RELEVANCE - CORRECTNESS
mean pearson: 0.6335940467607751, samples 1000 , interval: 0.5923677486466828, 0.6706122906789812
mean spearman: 0.5599601295474008, samples 1000 , interval: 0.5315924297342832, 0.5922426143056062
mean kendal: 0.42253146759268917, samples 1000 , interval: 0.40066417240997587, 0.44700481141085907
RELEVANCE - DATACOVERAGE
mean pearson: 0.6222067222511326, samples 1000 , interval: 0.5738589151390614, 0.6675197484827795
mean spearman: 0.5371336824954291, samples 1000 , interval: 0.5081073935419919, 0.566596157717949
mean kendal: 0.40674342327258944, samples 1000 , interval: 0.38410166849662564, 0.43144556169859805
RELEVANCE - FLUENCY
mean pearson: 0.4284014894641716, samples 1000 , interval: 0.39102530188108015, 0.4662706323570676
mean spearman: 0.41072812616299703, samples 1000 , interval: 0.3784626062766062, 0.44313645320875755
mean kendal: 0.2905107570508727, samples 1000 , interval: 0.2664659819121561, 0.31449279128053664
RELEVANCE - RELEVANCE
mean pearson: 1.0, samples 1000 , interval: 1.0, 1.0
mean spearman: 1.0, samples 1000 , interval: 0.9999999999999999, 1.0
mean kendal: 1.0, samples 1000 , interval: 0.9999999999999999, 1.0
RELEVANCE - TEXTSTRUCTURE
mean pearson: 0.43439574848788093, samples 1000 , interval: 0.3915615492083606, 0.4755909173426539
mean spearman: 0.4095608973971776, samples 1000 , interval: 0.3777870096648927, 0.4432244542635155
mean kendal: 0.29146045030144907, samples 1000 , interval: 0.2675027507640153, 0.31717619947971254
TEXTSTRUCTURE - CORRECTNESS
mean pearson: 0.5049694928634092, samples 1000 , interval: 0.4651429060195608, 0.5461331178790537
mean spearman: 0.48983152965472593, samples 1000 , interval: 0.45907458049944394, 0.5191426027317634
mean kendal: 0.35102904357061016, samples 1000 , interval: 0.3274146656356333, 0.3744077279637022
TEXTSTRUCTURE - DATACOVERAGE
mean pearson: 0.39749284929006706, samples 1000 , interval: 0.36100600566948, 0.43743956769806064
mean spearman: 0.3701725566616404, samples 1000 , interval: 0.33757105427224604, 0.40367966188418586
mean kendal: 0.25976090390900053, samples 1000 , interval: 0.23606736948214926, 0.28250181148511366
TEXTSTRUCTURE - FLUENCY
mean pearson: 0.7730273967276464, samples 1000 , interval: 0.745039597097198, 0.7989407815132517
mean spearman: 0.7423432320327333, samples 1000 , interval: 0.7200863951530522, 0.7633259113905709
mean kendal: 0.574928027965571, samples 1000 , interval: 0.5551565640649881, 0.5939760084432966
TEXTSTRUCTURE - RELEVANCE
mean pearson: 0.43439574848788093, samples 1000 , interval: 0.3915615492083606, 0.4755909173426539
mean spearman: 0.4095608973971776, samples 1000 , interval: 0.3777870096648927, 0.4432244542635155
mean kendal: 0.29146045030144907, samples 1000 , interval: 0.2675027507640153, 0.31717619947971254
TEXTSTRUCTURE - TEXTSTRUCTURE
mean pearson: 1.0, samples 1000 , interval: 1.0, 1.0
mean spearman: 1.0, samples 1000 , interval: 0.9999999999999999, 1.0
mean kendal: 1.0, samples 1000 , interval: 0.9999999999999999, 1.0

 Sentence 1 level human - metrics
CORRECTNESS
CORRECTNESS metrics_results/webnlg2020/fact-overlap-large523
mean pearson: 0.4761211286452873, samples 1000 , interval: 0.42864713833741874, 0.5260429569283878
mean spearman: 0.423961489332856, samples 1000 , interval: 0.3853825458710422, 0.4683575708413681
mean kendal: 0.2998946005754792, samples 1000 , interval: 0.27135586471772166, 0.33272220293962285
CORRECTNESS metrics_results/webnlg2020/fact-spotter
mean pearson: 0.37490182878167305, samples 1000 , interval: 0.3218296466900883, 0.42996452894965537
mean spearman: 0.36960706896081424, samples 1000 , interval: 0.3284658433188817, 0.41584612736252036
mean kendal: 0.25807434131101503, samples 1000 , interval: 0.22825240489338708, 0.2921728943914871
DATACOVERAGE
DATACOVERAGE metrics_results/webnlg2020/fact-overlap-large523
mean pearson: 0.45757806332078743, samples 1000 , interval: 0.4092363648379401, 0.5075619524467405
mean spearman: 0.407393804688157, samples 1000 , interval: 0.3660910260465774, 0.4509513804773909
mean kendal: 0.2863993842912297, samples 1000 , interval: 0.25545767361627825, 0.3199437279923582
DATACOVERAGE metrics_results/webnlg2020/fact-spotter
mean pearson: 0.4078841465556106, samples 1000 , interval: 0.3549455535151202, 0.4629277418149986
mean spearman: 0.3924407257563207, samples 1000 , interval: 0.35139686538131215, 0.4356984879894196
mean kendal: 0.2741148485747394, samples 1000 , interval: 0.24465315791248196, 0.3062494982095849
FLUENCY
FLUENCY metrics_results/webnlg2020/fact-overlap-large523
mean pearson: 0.37530653161664745, samples 1000 , interval: 0.32586210584624653, 0.42823569236823866
mean spearman: 0.36789595016742616, samples 1000 , interval: 0.3275002766498974, 0.41059536264425517
mean kendal: 0.25517370022118646, samples 1000 , interval: 0.22570783884028703, 0.28587659610746086
FLUENCY metrics_results/webnlg2020/fact-spotter
mean pearson: 0.2871068797791858, samples 1000 , interval: 0.20794944283398212, 0.3583683202753014
mean spearman: 0.2901257002860955, samples 1000 , interval: 0.2378823170914119, 0.336993789904426
mean kendal: 0.19932099704276868, samples 1000 , interval: 0.1628635580387447, 0.23164625419836857
RELEVANCE
RELEVANCE metrics_results/webnlg2020/fact-overlap-large523
mean pearson: 0.4417501404329963, samples 1000 , interval: 0.3963794985561873, 0.49129491473029224
mean spearman: 0.38467027212786886, samples 1000 , interval: 0.32220991488786666, 0.4699352804380081
mean kendal: 0.27190134487355344, samples 1000 , interval: 0.22881126039897412, 0.3312866876973641
RELEVANCE metrics_results/webnlg2020/fact-spotter
mean pearson: 0.3709327324438595, samples 1000 , interval: 0.32032954487122556, 0.42434385256472523
mean spearman: 0.34056572367292876, samples 1000 , interval: 0.3002264697316427, 0.387484712185042
mean kendal: 0.2345322251147885, samples 1000 , interval: 0.20521272518206207, 0.2689992282029041
TEXTSTRUCTURE
TEXTSTRUCTURE metrics_results/webnlg2020/fact-overlap-large523
mean pearson: 0.34693277947705764, samples 1000 , interval: 0.29106438497743164, 0.39752284543088945
mean spearman: 0.3571429413498086, samples 1000 , interval: 0.31159359723905394, 0.4078360848061759
mean kendal: 0.24684409472866914, samples 1000 , interval: 0.21586905686128968, 0.2843803286153653
TEXTSTRUCTURE metrics_results/webnlg2020/fact-spotter
mean pearson: 0.27801458742865615, samples 1000 , interval: 0.20958526988704623, 0.3496837362267428
mean spearman: 0.2856586525551776, samples 1000 , interval: 0.245823064525874, 0.3299084504377606
mean kendal: 0.19396317037192065, samples 1000 , interval: 0.16534736104299133, 0.22359238862932643

 Sentence 2 level human - metrics
CORRECTNESS
CORRECTNESS metrics_results/webnlg2020/fact-overlap-large523
mean pearson: 0.741916813340775, samples 1000 , interval: 0.7240637431597904, 0.7606184540963224
mean spearman: 0.6513546671297913, samples 1000 , interval: 0.6339510754722308, 0.6689832526096661
mean kendal: 0.5032510455654052, samples 1000 , interval: 0.48713491889868255, 0.5187827413317307
CORRECTNESS metrics_results/webnlg2020/fact-spotter
mean pearson: 0.6877291186035537, samples 1000 , interval: 0.6413123568260424, 0.7276358517218879
mean spearman: 0.5904388363658908, samples 1000 , interval: 0.5380308696811927, 0.6353270778069124
mean kendal: 0.44989973825908186, samples 1000 , interval: 0.40741770353634704, 0.4862803874027494
DATACOVERAGE
DATACOVERAGE metrics_results/webnlg2020/fact-overlap-large523
mean pearson: 0.7286712246376768, samples 1000 , interval: 0.6995649378519047, 0.7532490405286765
mean spearman: 0.6268694204016299, samples 1000 , interval: 0.5916881119719318, 0.6578564216892335
mean kendal: 0.48478136752782097, samples 1000 , interval: 0.4525865078470408, 0.5128331829681153
DATACOVERAGE metrics_results/webnlg2020/fact-spotter
mean pearson: 0.7115419726181624, samples 1000 , interval: 0.6644167554253906, 0.7517861660745687
mean spearman: 0.6404086697879559, samples 1000 , interval: 0.6208845128484216, 0.6607216747652981
mean kendal: 0.48813834091731584, samples 1000 , interval: 0.47162229327294675, 0.5059657338557193
FLUENCY
FLUENCY metrics_results/webnlg2020/fact-overlap-large523
mean pearson: 0.6496999007634935, samples 1000 , interval: 0.6112763575637737, 0.6822873280672338
mean spearman: 0.5665979578823296, samples 1000 , interval: 0.48920805208077817, 0.6214505285025249
mean kendal: 0.435884122401062, samples 1000 , interval: 0.3731339556354882, 0.48257528802720756
FLUENCY metrics_results/webnlg2020/fact-spotter
mean pearson: 0.6067322625712506, samples 1000 , interval: 0.5343297371649659, 0.6683618232880718
mean spearman: 0.5638882674157425, samples 1000 , interval: 0.47763390899660624, 0.6237964262140587
mean kendal: 0.39495742985227456, samples 1000 , interval: 0.31324644109039834, 0.4621930615677438
RELEVANCE
RELEVANCE metrics_results/webnlg2020/fact-overlap-large523
mean pearson: 0.7390056702347647, samples 1000 , interval: 0.7192706294157567, 0.7605820023307692
mean spearman: 0.6010276491104825, samples 1000 , interval: 0.5833238652794787, 0.6197459201210342
mean kendal: 0.46231620911749394, samples 1000 , interval: 0.4453660246479797, 0.4804029079504909
RELEVANCE metrics_results/webnlg2020/fact-spotter
mean pearson: 0.6983893147465997, samples 1000 , interval: 0.641960857905699, 0.7451809127953205
mean spearman: 0.5938627856251636, samples 1000 , interval: 0.5389841600078136, 0.6346937472883062
mean kendal: 0.45773135175165275, samples 1000 , interval: 0.40819262691485386, 0.49497249692185413
TEXTSTRUCTURE
TEXTSTRUCTURE metrics_results/webnlg2020/fact-overlap-large523
mean pearson: 0.6055818927335895, samples 1000 , interval: 0.5487575283675583, 0.658560418821742
mean spearman: 0.5788282309887609, samples 1000 , interval: 0.48957523770589745, 0.6429753735623064
mean kendal: 0.43663508067026396, samples 1000 , interval: 0.36978697401398675, 0.48671093881505095
TEXTSTRUCTURE metrics_results/webnlg2020/fact-spotter
mean pearson: 0.6323985588569725, samples 1000 , interval: 0.5674836196099097, 0.685462369074406
mean spearman: 0.5306484026592981, samples 1000 , interval: 0.4068650984638087, 0.6137646332166586
mean kendal: 0.39866340108066134, samples 1000 , interval: 0.2965521441687425, 0.46865471093207967
