origin,id,txt,Ext1,Ext2,Ext3
reference1,1,the operating organisation of antwerp international airport is the flemish government .,"| id | sbj | pred | obj_d | obj_i | sig | adv/cl/comp/sent |
|----|-----|------|-------|-------|-----|-----------------|
| #0 | the operating organisation of Antwerp International Airport | is | the Flemish government | - | - | - |","| id | sbj | pred | obj_d | obj_i | sig | adv/cl/comp/sent |
|----|-----|------|-------|-------|-----|-----------------|
| #0 | the operating organisation of Antwerp International Airport | is | the Flemish Government | - | - | - |","| id | sbj | pred | obj_d | obj_i | sig | adv/cl/comp/sent |
|----|-----|------|-------|-------|-----|-----------------|
| #0 | the operating organisation of Antwerp International Airport | is | the Flemish Government | - | - | - |"
reference1,2,the inhabitants of denmark have the demonym of danes .,"| id | sbj                | pred        | obj_d  | obj_i | sig | adv/cl/comp/sent |
|----|--------------------|-------------|--------|-------|-----|------------------|
| #0 | the inhabitants of denmark | have | the demonym | of Danes | -   | -                |","| id | sbj                | pred        | obj_d  | obj_i | sig | adv/cl/comp/sent |
|----|--------------------|-------------|--------|-------|-----|------------------|
| #0 | the inhabitants of Denmark | have | the demonym | -     | of  | Danes            |","| id | sbj | pred | obj_d | obj_i | sig | adv/cl/comp/sent |
| - | - | - | - | - | - | - |
| #0 | the inhabitants of Denmark | have | the demonym | - | of | Danes |"
reference1,3,the united states air force was fighting in the united states bombing of libya in 1986 .,"| id | sbj                    | pred    | obj_d | obj_i | sig | adv/cl/comp/sent         |
|----|------------------------|---------|-------|-------|-----|--------------------------|
| #0 | the united states air force | was fighting | -     | in the united states bombing of libya | -   | in 1986 |","| id | sbj                      | pred    | obj_d | obj_i | sig | adv/cl/comp/sent |
|----|--------------------------|---------|-------|-------|-----|------------------|
| #0 | the united states air force | was fighting | -     | in the united states bombing of libya | -   | in 1986           |","| id | sbj                     | pred    | obj_d | obj_i | sig | adv/cl/comp/sent |
|----|-------------------------|---------|-------|-------|-----|------------------|
| #0 | the united states air force | was fighting | -     | in the united states bombing of libya | -   | in 1986 |"
reference1,4,"adams county , pennsylvania has carroll county , maryland to its southeast .","| id | sbj               | pred | obj_d                | obj_i | sig | adv/cl/comp/sent    |
|----|-------------------|------|----------------------|-------|-----|---------------------|
| #0 | Adams County      | has  | Carroll County       | -     | to  | its southeast       |
| #1 | Adams County      | is   | in Pennsylvania      | -     | -   | -                   |
| #2 | Carroll County    | is   | in Maryland          | -     | -   | -                   |","| id | sbj                | pred | obj_d               | obj_i | sig | adv/cl/comp/sent |
|----|--------------------|------|---------------------|-------|-----|-----------------|
| #0 | Adams County      | has  | Carroll County      | -     | to  | its southeast   |
| #1 | Adams County      | is in| Pennsylvania        | -     | -   | -               |
| #2 | Carroll County    | is in| Maryland            | -     | -   | -               |","| id | sbj                | pred | obj_d            | obj_i | sig | adv/cl/comp/sent |
|----|--------------------|------|------------------|-------|-----|------------------|
| #0 | Adams County      | has  | Carroll County   | -     | to  | its southeast    |
| #1 | Adams County      | is   | in Pennsylvania  | -     | -   | -                |
| #2 | Carroll County    | is   | in Maryland      | -     | -   | -                |"
reference1,5,artur rasizade is an azerbaijan leader .,"| id | sbj          | pred | obj_d    | obj_i | sig | adv/cl/comp/sent |
|----|--------------|------|----------|-------|-----|-----------------|
| #0 | Artur Rasizade | is   | a leader | in Azerbaijan |     |                 |","| id | sbj           | pred | obj_d | obj_i | sig | adv/cl/comp/sent |
|----|---------------|------|-------|-------|-----|------------------|
| #0 | artur rasizade | is   | -     | -     | -   | an azerbaijan leader |","| id | sbj          | pred | obj_d      | obj_i | sig | adv/cl/comp/sent |
|----|--------------|------|------------|-------|-----|------------------|
| #0 | artur rasizade | is   | a leader | in azerbaijan | -   | -                |"
reference1,6,the title of the leader of azerbaijan is prime minister of azerbaijan .,"| id | sbj                     | pred | obj_d                  | obj_i | sig | adv/cl/comp/sent |
|----|-------------------------|------|------------------------|-------|-----|------------------|
| #0 | the leader of Azerbaijan | has title | prime minister of Azerbaijan | -     | -   | -                |","# Output
| id | sbj | pred | obj_d | obj_i | sig | adv/cl/comp/sent |
| - | - | - | - | - | - | - |
| #0 | the leader of Azerbaijan | has title | prime minister of Azerbaijan | - | - | - |","# Output
| id | sbj | pred | obj_d | obj_i | sig | adv/cl/comp/sent |
| - | - | - | - | - | - | - |
| #0 | the leader of Azerbaijan | has title | prime minister of Azerbaijan | - | - | - |"
reference1,7,the asher and mary isabelle richardson house has a reference number of 88002539 in the national register of historic places .,"| id | sbj                                      | pred                | obj_d            | obj_i | sig | adv/cl/comp/sent |
|----|------------------------------------------|---------------------|------------------|-------|-----|------------------|
| #0 | the Asher and Mary Isabelle Richardson House | has a reference number | 88002539         | in the National Register of Historic Places | -   | -                |
| #1 | the National Register of Historic Places | includes            | the Asher and Mary Isabelle Richardson House | -     | with | a reference number of 88002539 |","| id | sbj                                      | pred        | obj_d    | obj_i | sig | adv/cl/comp/sent |
|----|------------------------------------------|-------------|----------|-------|-----|------------------|
| #0 | the Asher and Mary Isabelle Richardson House | has         | a reference number | -     | of  | 88002539        |
| #1 | the Asher and Mary Isabelle Richardson House | is listed in | the National Register of Historic Places | -     | -   | -                |","| id | sbj                                  | pred      | obj_d            | obj_i | sig | adv/cl/comp/sent |
|----|--------------------------------------|-----------|------------------|-------|-----|-----------------|
| #0 | the Asher and Mary Isabelle Richardson House | has       | a reference number | -     | of  | 88002539        |
| #1 | the Asher and Mary Isabelle Richardson House | is listed | -                | in    | the National Register of Historic Places | - |"
reference1,9,new york city is part of new netherland .,"| id | sbj          | pred | obj_d | obj_i | sig | adv/cl/comp/sent |
|----|--------------|------|-------|-------|-----|------------------|
| #0 | new york city | is part of | new netherland | -   | -   | -                |","| id | sbj          | pred       | obj_d | obj_i | sig | adv/cl/comp/sent |
|----|--------------|------------|-------|-------|-----|------------------|
| #0 | new york city | is part of | -     | -     | -   | new netherland   |","| id | sbj         | pred     | obj_d | obj_i | sig | adv/cl/comp/sent |
|----|-------------|----------|-------|-------|-----|------------------|
| #0 | new york city | is part of | new netherland | -   | -   | -                |"
reference1,11,the american journal of mathematics discipline is math .,"| id | sbj                             | pred | obj_d | obj_i | sig | adv/cl/comp/sent |
|----|---------------------------------|------|-------|-------|-----|------------------|
| #0 | the american journal of mathematics | is   | -     | -     | in  | the discipline of math |","| id | sbj                              | pred | obj_d | obj_i | sig | adv/cl/comp/sent |
|----|----------------------------------|------|-------|-------|-----|------------------|
| #0 | the american journal of mathematics | is   | -     | -     | in  | the discipline of math |","| id | sbj                              | pred | obj_d | obj_i | sig | adv/cl/comp/sent |
|----|----------------------------------|------|-------|-------|-----|------------------|
| #0 | the american journal of mathematics | is   | -     | -     | in  | the discipline of math |"
reference1,12,asian americans is one of the ethnic groups in the united states .,"| id | sbj           | pred        | obj_d | obj_i | sig | adv/cl/comp/sent |
|----|---------------|-------------|-------|-------|-----|------------------|
| #0 | Asian Americans | is one of   | the ethnic groups | in the United States | -   | -                |","| id | sbj             | pred      | obj_d            | obj_i | sig | adv/cl/comp/sent |
|----|-----------------|-----------|------------------|-------|-----|------------------|
| #0 | asian americans | is        | one of the ethnic groups | in the united states | -   | -                |","| id | sbj | pred | obj_d | obj_i | sig | adv/cl/comp/sent |
| - | - | - | - | - | - | - |
| #0 | asian americans | is | one of the ethnic groups | in the united states | - | - |"
reference1,13,a . d . isidro metapan is in the salvadoran primera division league .,"| id | sbj                | pred | obj_d | obj_i | sig | adv/cl/comp/sent       |
|----|--------------------|------|-------|-------|-----|------------------------|
| #0 | a . d . isidro metapan | is   | -     | in   | -   | the salvadoran primera division league |","| id | sbj                | pred | obj_d | obj_i | sig | adv/cl/comp/sent |
|----|--------------------|------|-------|-------|-----|------------------|
| #0 | A.D. Isidro Metapan | is   | -     | in the Salvadoran Primera Division league | -   | -                |","| id | sbj                | pred | obj_d                             | obj_i | sig | adv/cl/comp/sent |
|----|--------------------|------|-----------------------------------|-------|-----|-----------------|
| #0 | a . d . isidro metapan | is   | in the Salvadoran Primera Division league | -     | -   | -               |"
reference1,14,gubbio is a region of umbria .,"| id | sbj   | pred | obj_d | obj_i | sig | adv/cl/comp/sent |
|----|-------|------|-------|-------|-----|------------------|
| #0 | gubbio | is a region | - | of umbria | - | - |","| id | sbj   | pred | obj_d      | obj_i | sig | adv/cl/comp/sent |
|----|-------|------|------------|-------|-----|------------------|
| #0 | gubbio | is   | a region   | of umbria | -   | -                |","| id | sbj   | pred | obj_d | obj_i | sig | adv/cl/comp/sent |
|----|-------|------|-------|-------|-----|------------------|
| #0 | gubbio | is a region | - | of umbria | - | - |"
reference1,15,st . vincent st . mary high school is located in united states .,"| id | sbj                             | pred     | obj_d | obj_i | sig | adv/cl/comp/sent      |
|----|---------------------------------|----------|-------|-------|-----|-----------------------|
| #0 | St. Vincent St. Mary High School | is located | -     | in   | -   | United States         |","| id | sbj                           | pred    | obj_d | obj_i | sig | adv/cl/comp/sent       |
|----|-------------------------------|---------|-------|-------|-----|------------------------|
| #0 | St. Vincent St. Mary High School | is located | -     | in   | -   | United States          |","| id | sbj                           | pred    | obj_d | obj_i | sig | adv/cl/comp/sent          |
|----|-------------------------------|---------|-------|-------|-----|---------------------------|
| #0 | st . vincent st . mary high school | is located | -     | in   | united states             |"
reference1,17,kerala has to its northwest mahe in india .,"| id | sbj   | pred | obj_d | obj_i | sig | adv/cl/comp/sent |
|----|-------|------|-------|-------|-----|------------------|
| #0 | kerala | has | mahe | to its northwest | in | india |","| id | sbj   | pred | obj_d | obj_i | sig | adv/cl/comp/sent |
|----|-------|------|-------|-------|-----|------------------|
| #0 | kerala | has | mahe | to its northwest | in | india |","| id | sbj   | pred | obj_d | obj_i | sig | adv/cl/comp/sent |
|----|-------|------|-------|-------|-----|------------------|
| #0 | kerala | has  | mahe  | to its northwest | in | india |"
reference1,18,bucharest is the capital of romania .,"| id | sbj       | pred  | obj_d   | obj_i | sig | adv/cl/comp/sent |
|----|-----------|-------|---------|-------|-----|------------------|
| #0 | Bucharest | is    | capital | of Romania | -   | -                |","| id | sbj       | pred | obj_d    | obj_i | sig | adv/cl/comp/sent |
|----|-----------|------|----------|-------|-----|------------------|
| #0 | Bucharest | is   | the capital | of Romania | -   | -                |","| id | sbj       | pred | obj_d    | obj_i | sig | adv/cl/comp/sent |
|----|-----------|------|----------|-------|-----|------------------|
| #0 | Bucharest | is   | the capital | of Romania | -   | -                |"
reference1,19,buzz aldrin was selected by nasa in 1963 .,"| id | sbj        | pred        | obj_d | obj_i | sig | adv/cl/comp/sent |
|----|------------|-------------|-------|-------|-----|------------------|
| #0 | buzz aldrin | was selected | -     | by nasa | in  | 1963            |","| id | sbj       | pred      | obj_d | obj_i | sig | adv/cl/comp/sent |
|----|-----------|-----------|-------|-------|-----|-----------------|
| #0 | buzz aldrin | was selected | -     | by nasa | in  | 1963            |","| id | sbj       | pred       | obj_d | obj_i | sig | adv/cl/comp/sent |
|----|-----------|------------|-------|-------|-----|------------------|
| #0 | buzz aldrin | was selected | -     | by nasa | in  | 1963            |"
reference1,20,california has a gemstone called benitoite .,"| id | sbj        | pred    | obj_d    | obj_i | sig | adv/cl/comp/sent |
|----|------------|---------|----------|-------|-----|------------------|
| #0 | California | has     | benitoite| -     | -   | -                |
| #1 | benitoite  | is      | a gemstone| -    | called | California      |","| id | sbj        | pred      | obj_d    | obj_i | sig | adv/cl/comp/sent |
|----|------------|-----------|----------|-------|-----|-----------------|
| #0 | California | has       | benitoite | -     | -   | -               |
| #1 | benitoite  | is called | -         | -     | -   | -               |","| id | sbj       | pred | obj_d    | obj_i | sig | adv/cl/comp/sent |
|----|-----------|------|----------|-------|-----|------------------|
| #0 | california| has  | benitoite| -     | -   | -                |
| #1 | benitoite | is   | called   | -     | -   | california       |"
reference1,21,elliot see died on the 28th of february 1966 .,"| id | sbj    | pred | obj_d | obj_i | sig | adv/cl/comp/sent      |
|----|--------|------|-------|-------|-----|-----------------------|
| #0 | elliot | died | -     | -     | on  | the 28th of february 1966 |","| id | sbj   | pred | obj_d | obj_i | sig | adv/cl/comp/sent |
|----|-------|------|-------|-------|-----|------------------|
| #0 | elliot see | died | -     | -    | on  | the 28th of february 1966 |","| id | sbj    | pred | obj_d | obj_i | sig | adv/cl/comp/sent     |
|----|--------|------|-------|-------|-----|----------------------|
| #0 | elliot | died | -     | -     | on  | the 28th of february 1966 |"
reference1,22,ben urich ' s full name is benjamin urich .,"| id | sbj       | pred  | obj_d           | obj_i | sig | adv/cl/comp/sent |
|----|-----------|-------|-----------------|-------|-----|------------------|
| #0 | ben urich | has   | full name       | -     | -   | -                |
| #1 | ben urich | is    | benjamin urich  | -     | -   | -                |","| id | sbj       | pred      | obj_d          | obj_i | sig | adv/cl/comp/sent |
|----|-----------|-----------|----------------|-------|-----|------------------|
| #0 | ben urich | has full name | benjamin urich | -     | -   | -                |","| id | sbj       | pred      | obj_d          | obj_i | sig | adv/cl/comp/sent |
|----|-----------|-----------|----------------|-------|-----|------------------|
| #0 | ben urich | has full name | benjamin urich | -     | -   | -                |"
reference1,23,the creator of bibbo bibbowski is jerry ordway .,"| id | sbj | pred | obj_d | obj_i | sig | adv/cl/comp/sent |
| - | - | - | - | - | - | - |
| #0 | the creator of bibbo bibbowski | is | jerry ordway | - | - | - |
| #1 | bibbo bibbowski | has creator | jerry ordway | - | - | - |","| id | sbj | pred | obj_d | obj_i | sig | adv/cl/comp/sent |
| - | - | - | - | - | - | - |
| #0 | the creator of bibbo bibbowski | is | jerry ordway | - | - | - |
| #1 | bibbo bibbowski | has creator | jerry ordway | - | - | - |","| id | sbj | pred | obj_d | obj_i | sig | adv/cl/comp/sent |
| - | - | - | - | - | - | - |
| #0 | the creator of bibbo bibbowski | is | jerry ordway | - | - | - |
| #1 | bibbo bibbowski | has creator | jerry ordway | - | - | - |"
reference1,24,karl kesel is an american .,"| id | sbj      | pred | obj_d    | obj_i | sig | adv/cl/comp/sent |
|----|----------|------|----------|-------|-----|------------------|
| #0 | karl kesel | is   | an american | -     | -   | -                |","| id | sbj       | pred | obj_d    | obj_i | sig | adv/cl/comp/sent |
|----|-----------|------|----------|-------|-----|------------------|
| #0 | Karl Kesel | is   | an American | -     | -   | -                |","| id | sbj       | pred | obj_d    | obj_i | sig | adv/cl/comp/sent |
|----|-----------|------|----------|-------|-----|------------------|
| #0 | Karl Kesel | is   | an American | -     | -   | -                |"
reference1,25,"antioch , california is a part of contra costa county california .","# Output
| id | sbj             | pred | obj_d | obj_i | sig | adv/cl/comp/sent |
|----|-----------------|------|-------|-------|-----|------------------|
| #0 | Antioch, California | is a part of | Contra Costa County, California | - | - | - |","# Output
| id | sbj                | pred | obj_d | obj_i | sig | adv/cl/comp/sent |
|----|--------------------|------|-------|-------|-----|------------------|
| #0 | Antioch, California | is a part of | -     | Contra Costa County, California | -   | -                |","# Output
| id | sbj                | pred | obj_d | obj_i | sig | adv/cl/comp/sent |
|----|--------------------|------|-------|-------|-----|------------------|
| #0 | Antioch, California | is a part of | -     | Contra Costa County, California | -   | -                |"
reference1,26,"orange county , california is located in the united states .","| id | sbj               | pred     | obj_d | obj_i | sig | adv/cl/comp/sent |
|----|-------------------|----------|-------|-------|-----|------------------|
| #0 | Orange County, California | is located | -     | in the United States | -   | -                |","| id | sbj             | pred    | obj_d | obj_i | sig | adv/cl/comp/sent |
|----|-----------------|---------|-------|-------|-----|------------------|
| #0 | Orange County   | is located | -     | in   | the United States |","# Output
| id | sbj             | pred     | obj_d | obj_i | sig | adv/cl/comp/sent |
|----|-----------------|----------|-------|-------|-----|------------------|
| #0 | orange county   | is located | -     | in the united states | -   | -                |"
reference1,27,the u . s . house of representatives is in the u . s . capitol .,"| id | sbj                         | pred | obj_d | obj_i | sig | adv/cl/comp/sent |
|----|-----------------------------|------|-------|-------|-----|------------------|
| #0 | the U.S. House of Representatives | is   | -     | in   | the U.S. Capitol  |                  |","| id | sbj | pred | obj_d | obj_i | sig | adv/cl/comp/sent |
| - | - | - | - | - | - | - |
| #0 | the U.S. House of Representatives | is in | - | the U.S. Capitol | - | - |","| id | sbj                          | pred | obj_d | obj_i | sig | adv/cl/comp/sent |
|----|------------------------------|------|-------|-------|-----|------------------|
| #0 | the U.S. House of Representatives | is   | -     | in   | the U.S. Capitol   |                  |"
reference1,28,shumai is a variation of batagor .,"| id | sbj    | pred | obj_d    | obj_i | sig | adv/cl/comp/sent |
|----|--------|------|----------|-------|-----|------------------|
| #0 | shumai | is   | variation | of batagor | -   | -                |","| id | sbj   | pred  | obj_d    | obj_i | sig | adv/cl/comp/sent |
|----|-------|-------|----------|-------|-----|-----------------|
| #0 | shumai| is    | a variation | of batagor | -   | -               |","| id | sbj    | pred | obj_d    | obj_i | sig | adv/cl/comp/sent |
|----|--------|------|----------|-------|-----|------------------|
| #0 | shumai | is   | variation| of batagor | -   | -                |"
reference1,29,bionico comes from the region jalisco .,"| id | sbj    | pred    | obj_d   | obj_i | sig | adv/cl/comp/sent |
|----|--------|---------|---------|-------|-----|------------------|
| #0 | bionico | comes from | the region Jalisco | -     | -   | -                |","| id | sbj     | pred   | obj_d  | obj_i | sig   | adv/cl/comp/sent |
|----|---------|--------|--------|-------|-------|------------------|
| #0 | bionico | comes  | -      | from  | the region jalisco |","| id | sbj     | pred      | obj_d  | obj_i | sig | adv/cl/comp/sent |
|----|---------|-----------|--------|-------|-----|------------------|
| #0 | bionico | comes from| jalisco| -     | -   | -                |"
reference1,30,indonesian is the language of indonesia .,"| id | sbj         | pred | obj_d     | obj_i | sig | adv/cl/comp/sent |
|----|-------------|------|-----------|-------|-----|------------------|
| #0 | indonesian  | is   | the language | of Indonesia | -   | -                |","| id | sbj         | pred | obj_d      | obj_i | sig | adv/cl/comp/sent |
|----|-------------|------|------------|-------|-----|------------------|
| #0 | indonesian  | is   | the language | of Indonesia | -   | -                |","| id | sbj       | pred     | obj_d   | obj_i | sig | adv/cl/comp/sent |
|----|-----------|----------|---------|-------|-----|------------------|
| #0 | indonesian| is       | the language | of Indonesia | -   | -                |"
reference1,31,the 11th mississippi infantry monument was established in the year 2000 and is categorised as a contributing property .,"| id | sbj                                      | pred        | obj_d                          | obj_i | sig | adv/cl/comp/sent       |
|----|------------------------------------------|-------------|--------------------------------|-------|-----|------------------------|
| #0 | the 11th mississippi infantry monument   | was established | -                            | -     | in  | the year 2000          |
| #1 | the 11th mississippi infantry monument   | is categorised  | as a contributing property    | -     | -   | -                      |","| id | sbj                                  | pred          | obj_d                        | obj_i | sig | adv/cl/comp/sent          |
|----|--------------------------------------|---------------|------------------------------|-------|-----|--------------------------|
| #0 | the 11th mississippi infantry monument | was established | -                            | -     | in  | the year 2000            |
| #1 | the 11th mississippi infantry monument | is categorised  | as a contributing property   | -     | -   | -                        |","| id | sbj                                   | pred          | obj_d                      | obj_i | sig | adv/cl/comp/sent         |
|----|---------------------------------------|---------------|----------------------------|-------|-----|--------------------------|
| #0 | the 11th mississippi infantry monument | was established | -                          | -     | in  | the year 2000            |
| #1 | the 11th mississippi infantry monument | is categorised | as a contributing property | -     | -   | -                        |"
reference1,32,"the 14th new jersey volunteer infantry monument is located in the monocacy national battlefield which nearest city is frederick , maryland .","| id | sbj | pred | is located in | obj_d | obj_i | sig | adv/cl/comp/sent |
| - | - | - | - | - | - | - | - |
| #0 | the 14th New Jersey Volunteer Infantry Monument | is located in | - | the Monocacy National Battlefield | - | - |
| #1 | the Monocacy National Battlefield | has nearest city | Frederick, Maryland | - | - | - | - |","| id | sbj | pred | is located in | obj_d | obj_i | sig | adv/cl/comp/sent |
| - | - | - | - | - | - | - | - |
| #0 | the 14th New Jersey Volunteer Infantry Monument | is located in | - | the Monocacy National Battlefield | - | - |
| #1 | the Monocacy National Battlefield | has nearest city | Frederick, Maryland | - | - | - | - |","| id | sbj | pred | is located in | obj_d | obj_i | sig | adv/cl/comp/sent |
| - | - | - | - | - | - | - | - |
| #0 | the 14th New Jersey Volunteer Infantry Monument | is located in | - | the Monocacy National Battlefield | - | - |
| #1 | the Monocacy National Battlefield | has nearest city | Frederick, Maryland | - | - | - | - |"
reference1,33,the baku turkish martyrs ' memorial is dedicated to the ottoman army soldiers killed in the battle of baku and located in azerbaijan .,"# Output
| id | sbj | pred | obj_d | obj_i | sig | adv/cl/comp/sent |
| - | - | - | - | - | - | - |
| #0 | the baku turkish martyrs' memorial | is dedicated | - | to the ottoman army soldiers killed in the battle of baku | - | - |
| #1 | the baku turkish martyrs' memorial | is located | - | in Azerbaijan | - | - |
| #2 | the ottoman army soldiers | were killed | - | in the battle of baku | - | - |","| id | sbj | pred | obj_d | obj_i | sig | adv/cl/comp/sent |
|----|-----|------|-------|-------|-----|-----------------|
| #0 | the Baku Turkish Martyrs' Memorial | is dedicated to | the Ottoman army soldiers | - | in | the Battle of Baku |
| #1 | the Baku Turkish Martyrs' Memorial | is located in | Azerbaijan | - | - | - |
| #2 | the Ottoman army soldiers | were killed | - | in the Battle of Baku | - | - |","| id | sbj | pred | obj_d | obj_i | sig | adv/cl/comp/sent |
|----|-----|------|-------|-------|-----|-----------------|
| #0 | the Baku Turkish Martyrs' Memorial | is dedicated | - | to the Ottoman army soldiers killed in the Battle of Baku | - | - |
| #1 | the Baku Turkish Martyrs' Memorial | is located | - | in Azerbaijan | - | - |
| #2 | the Ottoman army soldiers | were killed | - | in the Battle of Baku | - | - |"
reference1,34,"arlington , texas , located 184 . 0 above sea level , covers an area of 258 . 2 square kilometres .","| id | sbj | pred | obj_d | obj_i | sig | adv/cl/comp/sent |
| - | - | - | - | - | - | - |
| #0 | Arlington, Texas | is located | - | - | - | - |
| #1 | Arlington, Texas | covers | an area | - | of | 258.2 square kilometres |
| #2 | Arlington, Texas | is located | - | above | sea level | at 184.0 |","| id | sbj | pred | obj_d | obj_i | sig | adv/cl/comp/sent |
| - | - | - | - | - | - | - |
| #0 | Arlington, Texas | is located | - | - | - | - |
| #1 | Arlington, Texas | is | 184.0 above sea level | - | - | - |
| #2 | Arlington, Texas | covers | an area | - | of | 258.2 square kilometres |","| id | sbj | pred | obj_d | obj_i | sig | adv/cl/comp/sent |
| - | - | - | - | - | - | - |
| #0 | Arlington, Texas | is located | - | - | - | - |
| #1 | Arlington, Texas | is located | - | - | at | 184.0 above sea level |
| #2 | Arlington, Texas | covers | an area | - | of | 258.2 square kilometres |"
reference1,35,"the united states has the capital city of washington dc and is the location of atlantic city , new jersey .","| id | sbj             | pred        | obj_d          | obj_i | sig | adv/cl/comp/sent |
|----|-----------------|-------------|----------------|-------|-----|------------------|
| #0 | the united states | has         | the capital city | -     | of  | washington dc    |
| #1 | the united states | is          | the location    | -     | of  | atlantic city, new jersey |","| id | sbj             | pred      | obj_d             | obj_i | sig | adv/cl/comp/sent |
|----|-----------------|-----------|-------------------|-------|-----|------------------|
| #0 | the united states | has       | the capital city  | -     | of  | washington dc    |
| #1 | the united states | is        | the location      | -     | of  | atlantic city, new jersey |","| id | sbj             | pred      | obj_d            | obj_i | sig | adv/cl/comp/sent |
|----|-----------------|-----------|------------------|-------|-----|------------------|
| #0 | the united states | has       | the capital city | -     | of  | washington dc    |
| #1 | the united states | is        | the location     | -     | of  | atlantic city, new jersey |"
reference1,36,"washington dc is the capital of the united states , where albany , oregon is located .","| id | sbj             | pred  | obj_d | obj_i | sig  | adv/cl/comp/sent |
|----|-----------------|-------|-------|-------|------|------------------|
| #0 | washington dc   | is    | the capital | of the united states | -    | -                |
| #1 | albany, oregon  | is located | -       | in  | where | washington dc is the capital of the united states |","| id | sbj             | pred | obj_d | obj_i | sig  | adv/cl/comp/sent |
|----|-----------------|------|-------|-------|------|------------------|
| #0 | Washington DC   | is   | the capital | of the United States | -    | -                |
| #1 | Albany, Oregon  | is located | -     | in   | where | Washington DC is the capital of the United States |","| id | sbj           | pred  | obj_d | obj_i | sig  | adv/cl/comp/sent |
|----|---------------|-------|-------|-------|------|------------------|
| #0 | Washington DC | is    | the capital | of the United States | -    | -                |
| #1 | Albany, Oregon| is located | -       | in   | where | Washington DC is the capital of the United States |"
reference1,37,ayam penyet comes from both malaysia and indonesia .,"| id | sbj         | pred      | obj_d  | obj_i | sig  | adv/cl/comp/sent |
|----|-------------|-----------|--------|-------|------|------------------|
| #0 | ayam penyet | comes from | -      | -     | both | malaysia and indonesia |","| id | sbj | pred | obj_d | obj_i | sig | adv/cl/comp/sent |
| - | - | - | - | - | - | - |
| #0 | ayam penyet | comes from | - | both Malaysia and Indonesia | - | - |","| id | sbj         | pred     | obj_d | obj_i | sig | adv/cl/comp/sent |
|----|-------------|----------|-------|-------|-----|------------------|
| #0 | ayam penyet | comes from | -     | both Malaysia and Indonesia | -   | -                |"
reference1,38,baked alaska ( france ) uses sponge cake as an ingredient .,"| id | sbj            | pred  | obj_d        | obj_i | sig | adv/cl/comp/sent |
|----|----------------|-------|--------------|-------|-----|------------------|
| #0 | baked alaska   | uses  | sponge cake  | -     | as  | an ingredient    |
| #1 | baked alaska   | is from | france     | -     | -   | -                |","| id | sbj             | pred | obj_d       | obj_i | sig | adv/cl/comp/sent |
|----|-----------------|------|-------------|-------|-----|------------------|
| #0 | baked alaska    | uses | sponge cake | as an ingredient | -   | -                |
| #1 | baked alaska    | is from | -          | -     | -   | France           |","| id | sbj             | pred | obj_d        | obj_i | sig | adv/cl/comp/sent |
|----|-----------------|------|--------------|-------|-----|------------------|
| #0 | baked alaska    | uses | sponge cake  | -     | as  | an ingredient    |
| #1 | baked alaska    | is from | -          | -     | -   | France           |"
reference1,39,"kway teow , beef tender loin , gula melaka , sliced dried black beans , garlic , soy sauce , lengkuas , oyster sauce , soya sauce , chilli and sesame oil are the main ingredients of beef kway teow which is a dish found in indonesia and singapore .","# Output
| id | sbj | pred | obj_d | obj_i | sig | adv/cl/comp/sent |
| - | - | - | - | - | - | - |
| #0 | beef kway teow | is found | - | in Indonesia and Singapore | - | - |
| #1 | beef kway teow | has main ingredients | kway teow, beef tender loin, gula melaka, sliced dried black beans, garlic, soy sauce, lengkuas, oyster sauce, soya sauce, chilli, sesame oil | - | - | - |","| id | sbj | pred | obj_d | obj_i | sig | adv/cl/comp/sent |
| - | - | - | - | - | - | - |
| #0 | beef kway teow | is a dish | - | - | found in | Indonesia and Singapore |
| #1 | beef kway teow | has main ingredients | kway teow, beef tender loin, gula melaka, sliced dried black beans, garlic, soy sauce, lengkuas, oyster sauce, soya sauce, chilli, sesame oil | - | - | - |","# Output
| id | sbj | pred | obj_d | obj_i | sig | adv/cl/comp/sent |
| - | - | - | - | - | - | - |
| #0 | beef kway teow | is found | - | in Indonesia and Singapore | - | - |
| #1 | beef kway teow | has main ingredients | kway teow, beef tender loin, gula melaka, sliced dried black beans, garlic, soy sauce, lengkuas, oyster sauce, soya sauce, chilli, sesame oil | - | - | - |"
reference1,40,allama iqbal international airport is located in pakistan who ' s leader is anwar zaheer jamali .,"| id | sbj | pred | obj_d | obj_i | sig | adv/cl/comp/sent |
|----|-----|------|-------|-------|-----|------------------|
| #0 | allama iqbal international airport | is located | - | in pakistan | - | - |
| #1 | pakistan | has leader | anwar zaheer jamali | - | - | - |","| id | sbj | pred | obj_d | obj_i | sig | adv/cl/comp/sent |
| - | - | - | - | - | - | - |
| #0 | Allama Iqbal International Airport | is located | - | in Pakistan | - | - |
| #1 | Pakistan | has leader | Anwar Zaheer Jamali | - | - | - |","| id | sbj | pred | obj_d | obj_i | sig | adv/cl/comp/sent |
| - | - | - | - | - | - | - |
| #0 | Allama Iqbal International Airport | is located | - | in Pakistan | - | - |
| #1 | Pakistan | has leader | Anwar Zaheer Jamali | - | - | - |"
reference1,41,"the runway length of angola international airport , which serves the city of luanda , is 3800 . 0 .","| id | sbj | pred | obj_d | obj_i | sig | adv/cl/comp/sent |
| - | - | - | - | - | - | - |
| #0 | Angola International Airport | serves | - | the city of Luanda | - | - |
| #1 | the runway | has length | 3800.0 meters | - | of | Angola International Airport |","| id | sbj | pred | obj_d | obj_i | sig | adv/cl/comp/sent |
|----|-----|------|-------|-------|-----|-----------------|
| #0 | Angola International Airport | serves | - | the city of Luanda | - | - |
| #1 | the runway length of Angola International Airport | is | 3800.0 meters | - | - | - |","| id | sbj | pred | obj_d | obj_i | sig | adv/cl/comp/sent |
| - | - | - | - | - | - | - |
| #0 | Angola International Airport | serves | - | the city of Luanda | - | - |
| #1 | the runway | has length | 3800.0 meters | - | of | Angola International Airport |"
reference1,42,"atlantic city international airport is located in egg harbor township , new jersey , united states .","# Output
| id | sbj                                  | pred   | obj_d | obj_i | sig | adv/cl/comp/sent            |
|----|--------------------------------------|--------|-------|-------|-----|-----------------------------|
| #0 | Atlantic City International Airport  | is     | -     | -     | in  | Egg Harbor Township, New Jersey, United States |","# Output
| id | sbj                                  | pred    | obj_d | obj_i | sig | adv/cl/comp/sent                 |
|----|--------------------------------------|---------|-------|-------|-----|---------------------------------|
| #0 | atlantic city international airport  | is located | -     | in   | egg harbor township, new jersey, united states |","# Output
| id | sbj                                      | pred   | obj_d | obj_i | sig | adv/cl/comp/sent                    |
|----|------------------------------------------|--------|-------|-------|-----|-------------------------------------|
| #0 | atlantic city international airport      | is located | -     | in   | egg harbor township, new jersey, united states |"
reference1,43,"verona , italy is the home to a . c . chievo verona who have 39371 members .","| id | sbj | pred | obj_d | obj_i | sig | adv/cl/comp/sent |
|----|-----|------|-------|-------|-----|-----------------|
| #0 | Verona, Italy | is the home to | A.C. Chievo Verona | - | - | - |
| #1 | A.C. Chievo Verona | have | 39371 members | - | - | - |","| id | sbj | pred | obj_d | obj_i | sig | adv/cl/comp/sent |
|----|-----|------|-------|-------|-----|-----------------|
| #0 | A.C. Chievo Verona | is based in | Verona, Italy | - | - | - |
| #1 | A.C. Chievo Verona | has | 39371 members | - | - | - |","| id | sbj | pred | obj_d | obj_i | sig | adv/cl/comp/sent |
| - | - | - | - | - | - | - |
| #0 | Verona, Italy | is the home to | A.C. Chievo Verona | - | - | - |
| #1 | A.C. Chievo Verona | have | 39371 members | - | - | - |"
reference1,44,associazione calcio chievoverona is managed by italian born rolando maran .,"| id | sbj                        | pred     | obj_d | obj_i | sig | adv/cl/comp/sent |
|----|----------------------------|----------|-------|-------|-----|------------------|
| #0 | associazione calcio chievoverona | is managed by | -     | rolando maran | -   | -                |
| #1 | rolando maran              | is born  | -     | in Italy | -   | -                |","| id | sbj                         | pred     | obj_d | obj_i | sig | adv/cl/comp/sent |
|----|-----------------------------|----------|-------|-------|-----|------------------|
| #0 | associazione calcio chievoverona | is managed by | -     | rolando maran | -   | -                |
| #1 | rolando maran               | is born  | -     | in Italy | -   | -                |","| id | sbj                          | pred     | obj_d | obj_i | sig | adv/cl/comp/sent |
|----|------------------------------|----------|-------|-------|-----|------------------|
| #0 | associazione calcio chievoverona | is managed by | Rolando Maran | -   | -   | -                |
| #1 | Rolando Maran                | is born  | -     | in Italy | -   | -                |"
reference1,45,"azal arena , shuvalan , baku , azerbaijan , is the ground of azal pfk .","| id | sbj        | pred       | obj_d      | obj_i | sig | adv/cl/comp/sent |
|----|------------|------------|------------|-------|-----|------------------|
| #0 | azal arena | is located | in Shuvalan, Baku, Azerbaijan | -     | -   | -                |
| #1 | azal arena | is the ground | of azal pfk | -     | -   | -                |","| id | sbj       | pred      | obj_d    | obj_i | sig | adv/cl/comp/sent |
|----|-----------|-----------|----------|-------|-----|------------------|
| #0 | Azal Arena | is located in | Shuvalan, Baku, Azerbaijan | - | - | - |
| #1 | Azal Arena | is the ground of | Azal PFK | - | - | - |","| id | sbj         | pred        | obj_d       | obj_i | sig | adv/cl/comp/sent |
|----|-------------|-------------|-------------|-------|-----|------------------|
| #0 | Azal Arena  | is the ground | -           | of Azal PFK | -   | -                |
| #1 | Azal Arena  | is located in | Shuvalan, Baku, Azerbaijan | -   | -   | -                |
| #2 | Azal Arena  | is located in | Shuvalan    | -     | -   | -                |
| #3 | Azal Arena  | is located in | Baku        | -     | -   | -                |
| #4 | Azal Arena  | is located in | Azerbaijan  | -     | -   | -                |"
reference1,46,eric flint is the author of 1634 : the bavarian crisis which is preceded by the grantville gazettes .,"# Output
| id | sbj      | pred     | obj_d                     | obj_i | sig      | adv/cl/comp/sent |
|----|----------|----------|---------------------------|-------|----------|------------------|
| #0 | eric flint | is       | the author                | of 1634 : the bavarian crisis | -        | -                |
| #1 | 1634 : the bavarian crisis | is preceded | by the grantville gazettes | -     | -        | -                |","# Output
| id | sbj      | pred     | obj_d                        | obj_i | sig      | adv/cl/comp/sent |
|----|----------|----------|------------------------------|-------|----------|------------------|
| #0 | eric flint | is       | the author                   | of 1634 : the bavarian crisis | -        | -                |
| #1 | 1634 : the bavarian crisis | is preceded | by the grantville gazettes | -     | -        | -                |","# Output
| id | sbj      | pred      | obj_d                    | obj_i | sig      | adv/cl/comp/sent |
|----|----------|-----------|--------------------------|-------|----------|------------------|
| #0 | eric flint| is        | the author               | of 1634: the bavarian crisis | -        | -                |
| #1 | 1634: the bavarian crisis | is preceded | by the grantville gazettes | -     | -        | -                |"
reference1,47,a fortress of grey ice with isbm 0 - 7653 - 0633 - 6 has 672 pages .,"| id | sbj                | pred | obj_d    | obj_i | sig | adv/cl/comp/sent |
|----|--------------------|------|----------|-------|-----|------------------|
| #0 | a fortress of grey ice | has | isbm 0 - 7653 - 0633 - 6 | - | - | - |
| #1 | a fortress of grey ice | has | 672 pages | - | - | - |","| id | sbj                | pred     | obj_d     | obj_i | sig | adv/cl/comp/sent |
|----|--------------------|----------|-----------|-------|-----|------------------|
| #0 | a fortress of grey ice | has      | isbm      | -     | -   | 0 - 7653 - 0633 - 6 |
| #1 | a fortress of grey ice | has      | 672 pages | -     | -   | -                |","| id | sbj                    | pred | obj_d    | obj_i | sig | adv/cl/comp/sent |
|----|------------------------|------|----------|-------|-----|------------------|
| #0 | a fortress of grey ice | has  | isbm     | -     | -   | 0 - 7653 - 0633 - 6 |
| #1 | a fortress of grey ice | has  | 672 pages | -     | -   | -                |"
reference1,48,"a long long way is 292 pages long , and has the isbn number 0 - 670 - 03380 - 4 .","| id | sbj                 | pred      | obj_d     | obj_i | sig | adv/cl/comp/sent |
|----|---------------------|-----------|-----------|-------|-----|------------------|
| #0 | a long long way     | is        | 292 pages | long  | -   | -                |
| #1 | a long long way     | has       | isbn number | 0 - 670 - 03380 - 4 | -   | -                |","| id | sbj | pred | obj_d | obj_i | sig | adv/cl/comp/sent |
| - | - | - | - | - | - | - |
| #0 | a long long way | is | 292 pages long | - | - | - |
| #1 | a long long way | has | the isbn number 0-670-03380-4 | - | - | - |","| id | sbj | pred | obj_d | obj_i | sig | adv/cl/comp/sent |
| - | - | - | - | - | - | - |
| #0 | a long long way | is | 292 pages long | - | - | - |
| #1 | a long long way | has | the ISBN number 0-670-03380-4 | - | - | - |"
reference1,49,1 decembrie 1918 university ' s nickname is uab and is located in alba .,"| id | sbj | pred | obj_d | obj_i | sig | adv/cl/comp/sent |
|----|-----|------|-------|-------|-----|-----------------|
| #0 | 1 decembrie 1918 university | has nickname | uab | - | - | - |
| #1 | 1 decembrie 1918 university | is located | - | in Alba | - | - |","| id | sbj | pred | obj_d | obj_i | sig | adv/cl/comp/sent |
|----|-----|------|-------|-------|-----|-----------------|
| #0 | 1 decembrie 1918 university | has nickname | uab | - | - | - |
| #1 | 1 decembrie 1918 university | is located | - | in Alba | - | - |","| id | sbj                               | pred         | obj_d | obj_i | sig   | adv/cl/comp/sent       |
|----|-----------------------------------|--------------|-------|-------|-------|------------------------|
| #0 | 1 decembrie 1918 university       | has nickname | uab   | -     | -     | -                      |
| #1 | 1 decembrie 1918 university       | is located   | -     | in    | alba  | -                      |"
reference1,50,acharya institute of technology in belgaum is affiliated with visvesvaraya technological university .,"| id | sbj                           | pred         | obj_d | obj_i | sig | adv/cl/comp/sent |
|----|-------------------------------|--------------|-------|-------|-----|------------------|
| #0 | acharya institute of technology in belgaum | is affiliated | -     | with visvesvaraya technological university | -   | -                |","| id | sbj                           | pred       | obj_d | obj_i | sig | adv/cl/comp/sent |
|----|-------------------------------|------------|-------|-------|-----|------------------|
| #0 | acharya institute of technology in belgaum | is affiliated with | visvesvaraya technological university | -   | -   | -                |","| id | sbj                          | pred       | obj_d | obj_i | sig | adv/cl/comp/sent |
|----|------------------------------|------------|-------|-------|-----|------------------|
| #0 | acharya institute of technology in belgaum | is affiliated | -     | with visvesvaraya technological university | -   | -                |"
reference1,51,"awh engineering college is in the state of kerala , whose leader is kochi .","| id | sbj                | pred | obj_d                  | obj_i | sig   | adv/cl/comp/sent |
|----|--------------------|------|------------------------|-------|-------|------------------|
| #0 | awh engineering college | is   | -                      | in    | the state of kerala |
| #1 | kerala              | has leader | kochi                | -     | whose | -               |","| id | sbj                 | pred | obj_d                   | obj_i | sig   | adv/cl/comp/sent |
|----|---------------------|------|-------------------------|-------|-------|------------------|
| #0 | awh engineering college | is   | in the state of kerala |       |       |                  |
| #1 | the state of kerala | has leader | kochi                 |       | whose |                  |","| id | sbj                | pred | obj_d                | obj_i | sig   | adv/cl/comp/sent |
|----|--------------------|------|----------------------|-------|-------|------------------|
| #0 | awh engineering college | is   | -                    | in    | the state of kerala |
| #1 | the state of kerala | has leader | kochi               | -     | whose | -               |"
reference1,52,"bananaman stars graeme garden , and is broadcasted by stv .","| id | sbj       | pred         | obj_d      | obj_i | sig | adv/cl/comp/sent |
|----|-----------|--------------|------------|-------|-----|------------------|
| #0 | bananaman | stars        | graeme garden | -     | -   | -                |
| #1 | bananaman | is broadcasted | -          | by stv | -   | -                |","| id | sbj       | pred          | obj_d      | obj_i | sig | adv/cl/comp/sent |
|----|-----------|---------------|------------|-------|-----|------------------|
| #0 | bananaman | stars         | Graeme Garden | -     | -   | -                |
| #1 | bananaman | is broadcasted | -          | by STV | -   | -                |","| id | sbj       | pred        | obj_d   | obj_i | sig | adv/cl/comp/sent |
|----|-----------|-------------|---------|-------|-----|------------------|
| #0 | bananaman | stars       | Graeme Garden | -     | -   | -                |
| #1 | bananaman | is broadcasted | -       | by STV | -   | -                |"
reference1,53,baymax was created by steven t seagle and is a character in big hero 6 .,"| id | sbj    | pred       | obj_d   | obj_i | sig | adv/cl/comp/sent |
|----|--------|------------|---------|-------|-----|------------------|
| #0 | baymax | was created | -       | by    | -   | steven t seagle  |
| #1 | baymax | is          | a character | in  | -   | big hero 6       |
| #2 | steven t seagle | created | baymax | -   | -   | -                |","| id | sbj     | pred      | obj_d    | obj_i | sig | adv/cl/comp/sent |
|----|---------|-----------|----------|-------|-----|------------------|
| #0 | baymax  | was created | -       | by steven t seagle | -   | -                |
| #1 | baymax  | is         | a character | in big hero 6 | -   | -                |
| #2 | steven t seagle | created | baymax  | -     | -   | -                |","| id | sbj     | pred      | obj_d    | obj_i | sig | adv/cl/comp/sent |
|----|---------|-----------|----------|-------|-----|------------------|
| #0 | baymax  | was created | -       | by steven t seagle | -   | -                |
| #1 | baymax  | is         | a character | in big hero 6 | -   | -                |
| #2 | steven t seagle | created | baymax  | -     | -   | -                |"
reference1,54,"marv wolfman was creator of bibbo bibbowski , often called bo bibbowski .","# Output
| id | sbj         | pred  | obj_d            | obj_i | sig   | adv/cl/comp/sent |
|----|-------------|-------|------------------|-------|-------|------------------|
| #0 | marv wolfman | was   | creator          | of bibbo bibbowski | -     | -                |
| #1 | bibbo bibbowski | is often called | bo bibbowski | -     | -     | -                |","# Output
| id | sbj         | pred      | obj_d           | obj_i | sig  | adv/cl/comp/sent |
|----|-------------|-----------|-----------------|-------|------|------------------|
| #0 | Marv Wolfman | was creator of | Bibbo Bibbowski | -     | -    | -                |
| #1 | Bibbo Bibbowski | is often called | Bo Bibbowski    | -     | -    | -                |","# Output
| id | sbj         | pred        | obj_d          | obj_i | sig   | adv/cl/comp/sent |
|----|-------------|-------------|----------------|-------|-------|------------------|
| #0 | marv wolfman| was creator | bibbo bibbowski| -     | -     | -                |
| #1 | bibbo bibbowski | is often called | bo bibbowski | - | - | -                |"
reference1,55,"buzz aldrin was born in essex county , at glen ridge new jersey .","| id | sbj       | pred        | obj_d | obj_i | sig | adv/cl/comp/sent             |
|----|-----------|-------------|-------|-------|-----|------------------------------|
| #0 | buzz aldrin | was born    | -     | in essex county, at glen ridge new jersey | -   | -                            |","| id | sbj        | pred  | obj_d | obj_i | sig | adv/cl/comp/sent            |
|----|------------|-------|-------|-------|-----|-----------------------------|
| #0 | buzz aldrin | was born | -     | in essex county, at glen ridge new jersey | -   | -                           |","| id | sbj        | pred  | obj_d | obj_i | sig | adv/cl/comp/sent         |
|----|------------|-------|-------|-------|-----|--------------------------|
| #0 | buzz aldrin | was born | -     | in essex county, at glen ridge new jersey | -   | -                        |
| #1 | essex county | is in | glen ridge new jersey | - | at | -                        |"
reference1,56,william anders was a member of the apollo 8 crew and was born in british hong kong .,"# Output
| id | sbj           | pred       | obj_d               | obj_i | sig | adv/cl/comp/sent |
|----|---------------|------------|---------------------|-------|-----|------------------|
| #0 | william anders | was a member | of the apollo 8 crew | -     | -   | -                |
| #1 | william anders | was born    | -                   | in british hong kong | -   | -                |","# Output
| id | sbj           | pred        | obj_d       | obj_i | sig | adv/cl/comp/sent |
|----|---------------|-------------|-------------|-------|-----|------------------|
| #0 | william anders | was a member | -           | of the apollo 8 crew | -   | -                |
| #1 | william anders | was born     | -           | in british hong kong | -   | -                |","# Output
| id | sbj          | pred        | obj_d             | obj_i | sig | adv/cl/comp/sent |
|----|--------------|-------------|-------------------|-------|-----|------------------|
| #0 | william anders | was a member | of the apollo 8 crew | -     | -   | -                |
| #1 | william anders | was born     | -                 | in british hong kong | -   | -                |"
reference1,57,"william anders , who received a m . s from his alma mater , afit , in 1962 , is retired .","| id | sbj           | pred        | obj_d | obj_i | sig | adv/cl/comp/sent |
|----|---------------|-------------|-------|-------|-----|------------------|
| #0 | william anders | received    | a m.s | from his alma mater, afit | - | in 1962 |
| #1 | william anders | is          | retired | - | - | - |
| #2 | afit           | is          | his alma mater | - | - | - |","| id | sbj           | pred         | obj_d | obj_i | sig | adv/cl/comp/sent |
|----|---------------|--------------|-------|-------|-----|------------------|
| #0 | william anders | received     | a M.S. | from his alma mater, AFIT | - | in 1962 |
| #1 | william anders | is           | retired | - | - | - |
| #2 | william anders | has alma mater | AFIT | - | - | - |
| #3 | AFIT          | is           | alma mater | of william anders | - | - |","| id | sbj           | pred            | obj_d | obj_i | sig | adv/cl/comp/sent |
|----|---------------|-----------------|-------|-------|-----|------------------|
| #0 | william anders | received        | a M.S. | from his alma mater, AFIT | in | 1962 |
| #1 | william anders | is retired      | -     | -     | -   | -                |
| #2 | william anders | has alma mater  | AFIT  | -     | -   | -                |"
reference1,58,"108 st georges terrace , completed in 1988 , has 50 floors .","| id | sbj | pred | obj_d | obj_i | sig | adv/cl/comp/sent |
|----|-----|------|-------|-------|-----|-----------------|
| #0 | 108 St Georges Terrace | was completed | - | in | 1988 |
| #1 | 108 St Georges Terrace | has | 50 floors | - | - | - |","| id | sbj                  | pred       | obj_d     | obj_i | sig | adv/cl/comp/sent         |
|----|----------------------|------------|-----------|-------|-----|--------------------------|
| #0 | 108 St Georges Terrace | was completed | -         | -     | in  | 1988                    |
| #1 | 108 St Georges Terrace | has          | 50 floors | -     | -   | -                        |","| id | sbj                  | pred      | obj_d     | obj_i | sig | adv/cl/comp/sent   |
|----|----------------------|-----------|-----------|-------|-----|--------------------|
| #0 | 108 St Georges Terrace | was completed | -         | -     | in  | 1988               |
| #1 | 108 St Georges Terrace | has         | 50 floors | -     | -   | -                  |"
reference1,59,"the tenant of the ac hotel bella sky , located in copenhagen , is marriott international .","| id | sbj | pred | obj_d | obj_i | sig | adv/cl/comp/sent |
| - | - | - | - | - | - | - |
| #0 | the tenant of the AC Hotel Bella Sky | is | Marriott International | - | - | - |
| #1 | the AC Hotel Bella Sky | is located in | Copenhagen | - | - | - |","| id | sbj | pred | obj_d | obj_i | sig | adv/cl/comp/sent |
| - | - | - | - | - | - | - |
| #0 | the tenant of the AC Hotel Bella Sky | is | Marriott International | - | - | - |
| #1 | the AC Hotel Bella Sky | is located in | Copenhagen | - | - | - |
| #2 | the AC Hotel Bella Sky | has tenant | Marriott International | - | - | - |","| id | sbj | pred | obj_d | obj_i | sig | adv/cl/comp/sent |
| - | - | - | - | - | - | - |
| #0 | the tenant of the AC Hotel Bella Sky | is | Marriott International | - | - | - |
| #1 | the AC Hotel Bella Sky | is located in | Copenhagen | - | - | - |"
reference1,60,the 3arena is located in dublin in the republic of ireland .,"| id | sbj     | pred   | obj_d | obj_i | sig | adv/cl/comp/sent     |
|----|---------|--------|-------|-------|-----|----------------------|
| #0 | 3arena  | is located | -     | in   | -   | Dublin              |
| #1 | Dublin  | is in  | -     | -     | the | Republic of Ireland  |","| id | sbj      | pred    | obj_d | obj_i | sig | adv/cl/comp/sent        |
|----|----------|---------|-------|-------|-----|-------------------------|
| #0 | the 3arena | is located | -     | in Dublin | in | the Republic of Ireland |","| id | sbj     | pred   | obj_d | obj_i | sig | adv/cl/comp/sent |
|----|---------|--------|-------|-------|-----|------------------|
| #0 | 3arena  | is located | -     | in   | Dublin, in the Republic of Ireland |"
reference1,61,"elliot see , a us national born in dallas , was a student at university of texas at austin .","| id | sbj        | pred        | obj_d                           | obj_i | sig | adv/cl/comp/sent |
|----|------------|-------------|---------------------------------|-------|-----|-----------------|
| #0 | elliot see | was born     | -                               | in dallas | -   | -               |
| #1 | elliot see | was          | a us national                   | -     | -   | -               |
| #2 | elliot see | was          | a student                       | at university of texas at austin | -   | -               |","| id | sbj           | pred        | obj_d | obj_i | sig | adv/cl/comp/sent |
|----|---------------|-------------|-------|-------|-----|------------------|
| #0 | elliot see    | was born     | -     | in dallas | - | -                |
| #1 | elliot see    | is           | a US national | - | - | -                |
| #2 | elliot see    | was a student | -     | at university of texas at austin | - | -                |","| id | sbj        | pred       | obj_d    | obj_i | sig | adv/cl/comp/sent |
|----|------------|------------|----------|-------|-----|------------------|
| #0 | elliot see | was born   | -        | in dallas | - | - |
| #1 | elliot see | is         | a US national | - | - | - |
| #2 | elliot see | was        | a student | at University of Texas at Austin | - | - |"
reference1,62,"elliot see , who attended the university of texas at austin , died in st . louis , whose mayor is francis g . slay .","| id | sbj           | pred     | obj_d | obj_i | sig   | adv/cl/comp/sent       |
|----|---------------|----------|-------|-------|-------|------------------------|
| #0 | elliot see    | attended | -     | the university of texas at austin | -     | -                      |
| #1 | elliot see    | died     | -     | in st. louis | -     | -                      |
| #2 | st. louis     | has mayor| francis g. slay | -     | whose | -                      |","| id | sbj          | pred       | obj_d | obj_i | sig  | adv/cl/comp/sent                      |
|----|--------------|------------|-------|-------|------|---------------------------------------|
| #0 | elliot see   | attended   | the university of texas at austin | -    | -    | -                                     |
| #1 | elliot see   | died       | -     | in st. louis | whose | #2                                |
| #2 | st. louis    | has mayor  | francis g. slay | -    | -    | -                                  |
| #3 | francis g. slay | is       | mayor | of st. louis | -    | -                                  |","| id | sbj          | pred    | obj_d | obj_i | sig  | adv/cl/comp/sent        |
|----|--------------|---------|-------|-------|------|-------------------------|
| #0 | elliot see   | attended| -     | the university of texas at austin | -    | -                       |
| #1 | elliot see   | died    | -     | in st. louis | -    | -                       |
| #2 | st. louis    | has mayor | francis g. slay | - | whose | -                       |"
reference1,63,"elliot see died on 28 february , 1966 in st . louis a part of the kingdom of france .","| id | sbj    | pred | obj_d | obj_i | sig | adv/cl/comp/sent |
|----|--------|------|-------|-------|-----|------------------|
| #0 | elliot see | died | -     | -     | on  | 28 February, 1966 |
| #1 | elliot see | died | -     | in    | -   | St. Louis, a part of the Kingdom of France |","| id | sbj     | pred | obj_d | obj_i | sig | adv/cl/comp/sent                 |
|----|---------|------|-------|-------|-----|---------------------------------|
| #0 | Elliot See | died | -     | -     | on  | 28 February, 1966               |
| #1 | Elliot See | died | -     | in    | -   | St. Louis                       |
| #2 | St. Louis  | is   | a part of | the Kingdom of France | -   | -                               |","| id | sbj    | pred    | obj_d | obj_i | sig | adv/cl/comp/sent           |
|----|--------|---------|-------|-------|-----|----------------------------|
| #0 | elliot | died    | -     | -     | on  | 28 february, 1966          |
| #1 | elliot | died    | -     | in    | -   | st. louis                  |
| #2 | st. louis | is a part of | the kingdom of france | - | - | -          |"
reference1,65,above the veil has 248 pages and was written by garth nix . it is available in hardcover .,"| id | sbj | pred | obj_d | obj_i | sig | adv/cl/comp/sent |
| - | - | - | - | - | - | - |
| #0 | above the veil | has | 248 pages | - | - | - |
| #1 | above the veil | was written by | Garth Nix | - | - | - |
| #2 | above the veil | is available | - | in hardcover | - | - |","| id | sbj | pred | obj_d | obj_i | sig | adv/cl/comp/sent |
| - | - | - | - | - | - | - |
| #0 | above the veil | has | 248 pages | - | - | - |
| #1 | above the veil | was written by | garth nix | - | - | - |
| #2 | above the veil | is available | - | in hardcover | - | - |","| id | sbj | pred | obj_d | obj_i | sig | adv/cl/comp/sent |
| - | - | - | - | - | - | - |
| #0 | above the veil | has | 248 pages | - | - | - |
| #1 | above the veil | was written by | Garth Nix | - | - | - |
| #2 | above the veil | is available | - | in hardcover | - | - |"
reference1,66,garth nix is the author of aenir which is written in the english language . this novel was followed up with the book above the veil .,"| id | sbj     | pred       | obj_d             | obj_i | sig | adv/cl/comp/sent |
|----|---------|------------|-------------------|-------|-----|------------------|
| #0 | garth nix | is author of | aenir            | -     | -   | -                |
| #1 | aenir    | is written in | the english language | -     | -   | -                |
| #2 | this novel | was followed up with | the book above the veil | -     | -   | -                |","| id | sbj     | pred       | obj_d          | obj_i | sig | adv/cl/comp/sent |
|----|---------|------------|----------------|-------|-----|------------------|
| #0 | garth nix | is the author of | aenir        | -     | -   | -                |
| #1 | aenir    | is written in | the english language | -     | -   | -                |
| #2 | this novel | was followed up with | the book above the veil | -     | -   | -                |
| #3 | the book above the veil | - | - | - | - | - |","| id | sbj     | pred      | obj_d            | obj_i | sig | adv/cl/comp/sent |
|----|---------|-----------|------------------|-------|-----|------------------|
| #0 | garth nix | is author of | aenir           | -     | -   | -                |
| #1 | aenir    | is written | -                | in the english language | -   | -                |
| #2 | this novel | was followed up with | the book above the veil | - | -   | -                |
| #3 | the book above the veil | is | - | - | - | - |"
reference1,67,associazione calcio lumezzane spa ( abbreviated to a . c . lumezzane ) play in the lega pro / a and has 4150 members .,"# Output
| id | sbj | pred | obj_d | obj_i | sig | adv/cl/comp/sent |
| - | - | - | - | - | - | - |
| #0 | associazione calcio lumezzane spa | is abbreviated to | A.C. Lumezzane | - | - | - |
| #1 | A.C. Lumezzane | play in | the lega pro / a | - | - | - |
| #2 | A.C. Lumezzane | has | 4150 members | - | - | - |","# Output
| id | sbj | pred | obj_d | obj_i | sig | adv/cl/comp/sent |
| - | - | - | - | - | - | - |
| #0 | associazione calcio lumezzane spa | is abbreviated to | A.C. Lumezzane | - | - | - |
| #1 | A.C. Lumezzane | play in | the lega pro / a | - | - | - |
| #2 | A.C. Lumezzane | has | 4150 members | - | - | - |","# Output
| id | sbj | pred | obj_d | obj_i | sig | adv/cl/comp/sent |
| - | - | - | - | - | - | - |
| #0 | associazione calcio lumezzane spa | is abbreviated to | A.C. Lumezzane | - | - | - |
| #1 | A.C. Lumezzane | play in | the lega pro / a | - | - | - |
| #2 | A.C. Lumezzane | has | 4150 members | - | - | - |"
reference1,69,"john van den brom , who manages az alkmaar , plays for jong ajax and istanbulspor as .","| id | sbj                | pred      | obj_d       | obj_i | sig | adv/cl/comp/sent |
|----|--------------------|-----------|-------------|-------|-----|------------------|
| #0 | john van den brom  | manages   | az alkmaar  | -     | -   | -                |
| #1 | john van den brom  | plays for | jong ajax   | -     | and | #2               |
| #2 | john van den brom  | plays for | istanbulspor as | -  | -   | -                |","| id | sbj               | pred      | obj_d         | obj_i | sig | adv/cl/comp/sent        |
|----|-------------------|-----------|---------------|-------|-----|-------------------------|
| #0 | john van den brom | manages   | az alkmaar    | -     | -   | -                       |
| #1 | john van den brom | plays for | jong ajax     | -     | and | istanbulspor as         |
| #2 | john van den brom | plays for | istanbulspor as| -     | -   | -                       |","| id | sbj              | pred     | obj_d       | obj_i | sig | adv/cl/comp/sent      |
|----|------------------|----------|-------------|-------|-----|-----------------------|
| #0 | john van den brom | manages  | az alkmaar  | -     | -   | -                     |
| #1 | john van den brom | plays for | jong ajax   | -     | and | istanbulspor as       |
| #2 | john van den brom | plays for | istanbulspor as | -     | -   | -                     |"
reference1,70,alan b . miller hall ' s building opened in 30th march 2007 . the mason school of business in the united states are the current tenants of alan b miller hall .,"# Output
| id | sbj | pred | obj_d | obj_i | sig | adv/cl/comp/sent |
| - | - | - | - | - | - | - |
| #0 | Alan B. Miller Hall's building | opened | - | - | on | 30th March 2007 |
| #1 | The Mason School of Business | are | the current tenants | of Alan B. Miller Hall | in | the United States |","# Output
| id | sbj | pred | obj_d | obj_i | sig | adv/cl/comp/sent |
| - | - | - | - | - | - | - |
| #0 | Alan B. Miller Hall's building | opened | - | - | on | 30th March 2007 |
| #1 | the Mason School of Business | are | the current tenants | of Alan B. Miller Hall | - | - |
| #2 | the Mason School of Business | is located | in | the United States | - | - |","# Output
| id | sbj | pred | obj_d | obj_i | sig | adv/cl/comp/sent |
| - | - | - | - | - | - | - |
| #0 | Alan B. Miller Hall's building | opened | - | - | on | 30th March 2007 |
| #1 | the Mason School of Business | are | the current tenants | of Alan B. Miller Hall | in | the United States |"
reference1,71,san francisco born julia morgan was the architect of the asilomar conference grounds and she also designed other significant buildings including the riverside art museum .,"| id | sbj       | pred        | obj_d                    | obj_i | sig | adv/cl/comp/sent |
|----|-----------|-------------|--------------------------|-------|-----|------------------|
| #0 | Julia Morgan | was born in | San Francisco            |       |     |                  |
| #1 | Julia Morgan | was          | the architect            |       | of  | the Asilomar Conference Grounds |
| #2 | Julia Morgan | designed     | other significant buildings |       | including | the Riverside Art Museum |","| id | sbj          | pred        | obj_d                  | obj_i | sig       | adv/cl/comp/sent |
|----|--------------|-------------|------------------------|-------|-----------|------------------|
| #0 | Julia Morgan | was born     | -                      | in    | -         | San Francisco    |
| #1 | Julia Morgan | was          | the architect          | -     | of        | the Asilomar Conference Grounds |
| #2 | Julia Morgan | designed     | other significant buildings | -     | including | the Riverside Art Museum |","| id | sbj          | pred         | obj_d                    | obj_i | sig      | adv/cl/comp/sent |
|----|--------------|--------------|--------------------------|-------|----------|------------------|
| #0 | Julia Morgan | was born      | -                        | in    | San Francisco |
| #1 | Julia Morgan | was           | the architect            | of    | the Asilomar Conference Grounds |
| #2 | Julia Morgan | designed      | other significant buildings | -     | including | the Riverside Art Museum |"
reference1,72,"the asser levy public baths in new york city were built in 1904 and added to the national register of historic places on "" 1980 - 04 - 23 "" .","| id | sbj | pred | obj_d | obj_i | sig | adv/cl/comp/sent |
| - | - | - | - | - | - | - |
| #0 | the asser levy public baths in new york city | were built | - | - | in | 1904 |
| #1 | the asser levy public baths in new york city | were added to | the national register of historic places | on | ""1980-04-23"" |","| id | sbj | pred | obj_d | obj_i | sig | adv/cl/comp/sent |
| - | - | - | - | - | - | - |
| #0 | the asser levy public baths in new york city | were built | - | - | in | 1904 |
| #1 | the asser levy public baths in new york city | were added | - | to the national register of historic places | on | ""1980-04-23"" |","| id | sbj | pred | obj_d | obj_i | sig | adv/cl/comp/sent |
| - | - | - | - | - | - | - |
| #0 | the asser levy public baths in new york city | were built | - | - | in | 1904 |
| #1 | the asser levy public baths in new york city | were added | - | to the national register of historic places | on | ""1980-04-23"" |"
reference1,73,the new mexico senate leads albuquerque ( new mexico ) which has a total area of 490 . 9 square kilometres and the population density of 1142 . 3 people per square kilometers .,"| id | sbj                | pred        | obj_d                  | obj_i | sig | adv/cl/comp/sent                  |
|----|--------------------|-------------|------------------------|-------|-----|-----------------------------------|
| #0 | the new mexico senate | leads       | Albuquerque, New Mexico | -     | -   | -                                 |
| #1 | Albuquerque, New Mexico | has         | a total area           | -     | of  | 490.9 square kilometres           |
| #2 | Albuquerque, New Mexico | has         | a population density   | -     | of  | 1142.3 people per square kilometer|","| id | sbj                | pred         | obj_d        | obj_i | sig | adv/cl/comp/sent                    |
|----|--------------------|--------------|--------------|-------|-----|-------------------------------------|
| #0 | the new mexico senate | leads       | Albuquerque   | -     | -   | -                                   |
| #1 | Albuquerque        | is located in | New Mexico    | -     | -   | -                                   |
| #2 | Albuquerque        | has          | a total area  | -     | of  | 490.9 square kilometres             |
| #3 | Albuquerque        | has          | population density | - | of  | 1142.3 people per square kilometers |","| id | sbj                | pred      | obj_d                     | obj_i | sig | adv/cl/comp/sent          |
|----|--------------------|-----------|---------------------------|-------|-----|---------------------------|
| #0 | the new mexico senate | leads     | Albuquerque (New Mexico)  | -     | -   | -                         |
| #1 | Albuquerque (New Mexico) | has        | a total area             | -     | of  | 490.9 square kilometres  |
| #2 | Albuquerque (New Mexico) | has        | a population density     | -     | of  | 1142.3 people per square kilometers |"
reference1,74,the capital of the state of new jersey in the u . s . is trenton . atlantic city is also part of that state .,"| id | sbj | pred | obj_d | obj_i | sig | adv/cl/comp/sent |
| - | - | - | - | - | - | - |
| #0 | Trenton | is | the capital | of the state of New Jersey in the U.S. | - | - |
| #1 | Atlantic City | is | part | of that state | - | - |
| #2 | that state | is | New Jersey | - | - | - |","| id | sbj | pred | obj_d | obj_i | sig | adv/cl/comp/sent |
| - | - | - | - | - | - | - |
| #0 | the capital of the state of new jersey | is | Trenton | - | - | - |
| #1 | Atlantic City | is part of | that state | - | - | - |
| #2 | that state | is | the state of New Jersey | - | - | - |","| id | sbj | pred | obj_d | obj_i | sig | adv/cl/comp/sent |
| - | - | - | - | - | - | - |
| #0 | the capital of the state of New Jersey | is | Trenton | - | - | - |
| #1 | Atlantic City | is | part | of that state | - | - |"
reference1,75,"the united states , where the asian americans are an ethnic group , uses the english language and is the location of angola , indiana .","| id | sbj             | pred     | obj_d            | obj_i | sig   | adv/cl/comp/sent |
|----|-----------------|----------|------------------|-------|-------|------------------|
| #0 | the United States | uses     | the English language | -     | -     | -                |
| #1 | the United States | is       | the location of Angola, Indiana | -     | -     | -                |
| #2 | the United States | is       | -                | -     | where | #3               |
| #3 | Asian Americans  | are      | an ethnic group  | -     | -     | -                |","| id | sbj             | pred        | obj_d       | obj_i | sig   | adv/cl/comp/sent |
|----|-----------------|-------------|-------------|-------|-------|------------------|
| #0 | the united states | uses        | the english language | -     | -     | -                |
| #1 | the united states | is          | the location of Angola, Indiana | -     | -     | -                |
| #2 | the united states | is          | -           | -     | where | #3               |
| #3 | the asian americans | are        | an ethnic group | -     | -     | -                |","| id | sbj             | pred        | obj_d        | obj_i | sig   | adv/cl/comp/sent |
|----|-----------------|-------------|--------------|-------|-------|------------------|
| #0 | the united states | uses       | the english language | -     | -     | -                |
| #1 | the united states | is          | the location   | of angola, indiana | -     | -                |
| #2 | the united states | is          | -              | where | #3                |
| #3 | asian americans  | are         | an ethnic group | -     | -     | -                |"
reference1,76,"adirondack regional airport serves the city of lake placid , new york and saranac lake , new york . the runway is 2003 feet long .","| id | sbj                           | pred    | obj_d                | obj_i | sig | adv/cl/comp/sent            |
|----|-------------------------------|---------|----------------------|-------|-----|-----------------------------|
| #0 | adirondack regional airport   | serves  | -                    | the city of Lake Placid, New York | -   | -                           |
| #1 | adirondack regional airport   | serves  | -                    | the city of Saranac Lake, New York | -   | -                           |
| #2 | the runway                    | is      | 2003 feet long       | -     | -   | -                           |","| id | sbj                          | pred   | obj_d             | obj_i | sig | adv/cl/comp/sent         |
|----|------------------------------|--------|-------------------|-------|-----|--------------------------|
| #0 | adirondack regional airport  | serves | -                 | the city of lake placid, new york | -   | -                        |
| #1 | adirondack regional airport  | serves | -                 | the city of saranac lake, new york | -   | -                        |
| #2 | the runway                   | is     | 2003 feet long    | -     | -   | -                        |","| id | sbj                             | pred  | obj_d        | obj_i | sig | adv/cl/comp/sent                 |
|----|---------------------------------|-------|--------------|-------|-----|----------------------------------|
| #0 | adirondack regional airport     | serves| -            | the city of Lake Placid, New York | -   | -                                |
| #1 | adirondack regional airport     | serves| -            | the city of Saranac Lake, New York| -   | -                                |
| #2 | the runway of adirondack regional airport | is    | 2003 feet long | -     | -   | -                                |"
reference1,77,the operating organisation for al asad airbase is the united states air force . they were involved in battles at the invasion of grenada and deploy the aircraft fighter plane known as the mcdonnell douglas f15 eagle .,"| id | sbj | pred | obj_d | obj_i | sig | adv/cl/comp/sent |
| - | - | - | - | - | - | - |
| #0 | the operating organisation for al asad airbase | is | the United States Air Force | - | - | - |
| #1 | the United States Air Force | were involved in battles | - | at the invasion of Grenada | - | - |
| #2 | the United States Air Force | deploy | the aircraft fighter plane known as the McDonnell Douglas F15 Eagle | - | - | - |
| #3 | the aircraft fighter plane | is known as | the McDonnell Douglas F15 Eagle | - | - | - |","| id | sbj | pred | obj_d | obj_i | sig | adv/cl/comp/sent |
| - | - | - | - | - | - | - |
| #0 | the operating organisation for al asad airbase | is | the United States Air Force | - | - | - |
| #1 | the United States Air Force | were involved in battles | - | at the invasion of Grenada | - | - |
| #2 | the United States Air Force | deploy | the aircraft fighter plane known as the McDonnell Douglas F15 Eagle | - | - | - |
| #3 | the aircraft fighter plane | is known as | the McDonnell Douglas F15 Eagle | - | - | - |","| id | sbj | pred | obj_d | obj_i | sig | adv/cl/comp/sent |
| - | - | - | - | - | - | - |
| #0 | the operating organisation for al asad airbase | is | the United States Air Force | - | - | - |
| #1 | the United States Air Force | were involved | in battles | at the invasion of Grenada | - | - |
| #2 | the United States Air Force | deploy | the aircraft fighter plane | known as the McDonnell Douglas F15 Eagle | - | - |
| #3 | the aircraft fighter plane | is known as | the McDonnell Douglas F15 Eagle | - | - | - |"
reference1,78,"austin is the capital of texas , where they speak english , and andrews county airport is located .","| id | sbj | pred | obj_d | obj_i | sig | adv/cl/comp/sent |
| - | - | - | - | - | - | - |
| #0 | austin | is | the capital | of texas | - | - |
| #1 | they | speak | english | - | where | austin is the capital of texas |
| #2 | andrews county airport | is located | - | - | - | - |","| id | sbj | pred | obj_d | obj_i | sig | adv/cl/comp/sent |
| - | - | - | - | - | - | - |
| #0 | Austin | is | the capital | of Texas | - | - |
| #1 | they | speak | English | - | where | Austin is the capital of Texas |
| #2 | Andrews County Airport | is located | - | - | - | - |","| id | sbj | pred | obj_d | obj_i | sig | adv/cl/comp/sent |
| - | - | - | - | - | - | - |
| #0 | austin | is | the capital | of texas | - | - |
| #1 | they | speak | english | - | where | austin is the capital of texas |
| #2 | andrews county airport | is located | - | - | - | - |"
reference1,79,"the 11th mississippi infantry monument is placed in the municipality of gettysburg , adams county , pennsylvania , northwest of carroll county maryland .","| id | sbj                                        | pred   | obj_d                                  | obj_i | sig | adv/cl/comp/sent                                  |
|----|-------------------------------------------|--------|----------------------------------------|-------|-----|--------------------------------------------------|
| #0 | the 11th Mississippi Infantry Monument     | is placed | -                                      | in the municipality of Gettysburg, Adams County, Pennsylvania | -   | northwest of Carroll County Maryland            |
| #1 | the municipality of Gettysburg, Adams County, Pennsylvania | is located | northwest of Carroll County Maryland | -     | -   | -                                                |","| id | sbj | pred | obj_d | obj_i | sig | adv/cl/comp/sent |
|----|-----|------|-------|-------|-----|-----------------|
| #0 | the 11th mississippi infantry monument | is placed | - | in the municipality of Gettysburg, Adams County, Pennsylvania | - | - |
| #1 | the municipality of Gettysburg, Adams County, Pennsylvania | is located | northwest | of Carroll County Maryland | - | - |","| id | sbj | pred | obj_d | obj_i | sig | adv/cl/comp/sent |
|----|-----|------|-------|-------|-----|-----------------|
| #0 | the 11th mississippi infantry monument | is placed | - | in the municipality of Gettysburg, Adams County, Pennsylvania | - | - |
| #1 | the municipality of Gettysburg, Adams County, Pennsylvania | is located | northwest | of Carroll County Maryland | - | - |"
reference1,81,"the baku turkish martyrs ' memorial is in azerbaijan , where the leader is artur rasizade , and the legislature is dictated by the national assembly .","# Output
| id | sbj | pred | obj_d | obj_i | sig | adv/cl/comp/sent |
| - | - | - | - | - | - | - |
| #0 | the Baku Turkish Martyrs' Memorial | is in | Azerbaijan | - | - | - |
| #1 | Azerbaijan | has leader | Artur Rasizade | - | - | - |
| #2 | Azerbaijan | has legislature | dictated by | the National Assembly | - | - |","# Output
| id | sbj | pred | obj_d | obj_i | sig | adv/cl/comp/sent |
| - | - | - | - | - | - | - |
| #0 | the Baku Turkish Martyrs' Memorial | is in | Azerbaijan | - | - | - |
| #1 | the leader | is | Artur Rasizade | - | in | Azerbaijan |
| #2 | the legislature | is dictated by | the National Assembly | - | in | Azerbaijan |","# Output
| id | sbj | pred | obj_d | obj_i | sig | adv/cl/comp/sent |
| - | - | - | - | - | - | - |
| #0 | the Baku Turkish Martyrs' Memorial | is in | Azerbaijan | - | - | - |
| #1 | the leader | is | Artur Rasizade | - | in | Azerbaijan |
| #2 | the legislature | is dictated by | the National Assembly | - | in | Azerbaijan |"
reference1,82,barny cakes come from france . claude bartolone and manuel valls are leaders in france .,"| id | sbj | pred | obj_d | obj_i | sig | adv/cl/comp/sent |
| - | - | - | - | - | - | - |
| #0 | barny cakes | come from | France | - | - | - |
| #1 | Claude Bartolone | is leader | - | in France | - | - |
| #2 | Manuel Valls | is leader | - | in France | - | - |","| id | sbj | pred | obj_d | obj_i | sig | adv/cl/comp/sent |
| - | - | - | - | - | - | - |
| #0 | barny cakes | come from | France | - | - | - |
| #1 | Claude Bartolone | is leader | - | in France | - | - |
| #2 | Manuel Valls | is leader | - | in France | - | - |","| id | sbj | pred | obj_d | obj_i | sig | adv/cl/comp/sent |
| - | - | - | - | - | - | - |
| #0 | barny cakes | come from | France | - | - | - |
| #1 | Claude Bartolone | is leader | - | in France | - | - |
| #2 | Manuel Valls | is leader | - | in France | - | - |"
reference1,83,cookies and binignit are types of dessert . a key ingredient of binignit is sago .,"| id | sbj | pred | obj_d | obj_i | sig | adv/cl/comp/sent |
|----|-----|------|-------|-------|-----|-----------------|
| #0 | cookies | are types of | dessert | - | - | - |
| #1 | binignit | are types of | dessert | - | - | - |
| #2 | binignit | has key ingredient | sago | - | - | - |","| id | sbj | pred | obj_d | obj_i | sig | adv/cl/comp/sent |
|----|-----|------|-------|-------|-----|-----------------|
| #0 | cookies | are types of | dessert | - | - | - |
| #1 | binignit | are types of | dessert | - | - | - |
| #2 | binignit | has key ingredient | sago | - | - | - |","| id | sbj | pred | obj_d | obj_i | sig | adv/cl/comp/sent |
|----|-----|------|-------|-------|-----|-----------------|
| #0 | cookies | are | types of dessert | - | - | - |
| #1 | binignit | is | a type of dessert | - | - | - |
| #2 | binignit | has | sago | as a key ingredient | - | - |"
reference1,84,"the tomato , used in an amatriciana sauce , belongs to the family solanaceae and is of the order solanales .","| id | sbj      | pred    | obj_d             | obj_i | sig | adv/cl/comp/sent       |
|----|----------|---------|-------------------|-------|-----|------------------------|
| #0 | the tomato | is used | -                 | in an amatriciana sauce | -   | -                      |
| #1 | the tomato | belongs | to the family solanaceae | -   | -   | -                      |
| #2 | the tomato | is      | of the order solanales   | -   | -   | -                      |","| id | sbj     | pred    | obj_d        | obj_i | sig | adv/cl/comp/sent       |
|----|---------|---------|--------------|-------|-----|------------------------|
| #0 | the tomato | is used | -            | in an amatriciana sauce | -   | -                      |
| #1 | the tomato | belongs | to the family solanaceae | -   | -   | -                      |
| #2 | the tomato | is of   | the order solanales | -   | -   | -                      |","| id | sbj   | pred      | obj_d   | obj_i | sig | adv/cl/comp/sent |
|----|-------|-----------|---------|-------|-----|------------------|
| #0 | the tomato | is used | -       | in an amatriciana sauce | -   | -                |
| #1 | the tomato | belongs | -       | to the family solanaceae | -   | -                |
| #2 | the tomato | is of   | the order solanales | -   | -   | -                |"
reference1,85,"kochi is the leader of kerala which is southeast of mahe india , and the location of the awh engineering college .","| id | sbj | pred | obj_d | obj_i | sig | adv/cl/comp/sent |
| - | - | - | - | - | - | - |
| #0 | Kochi | is | the leader | of Kerala | - | - |
| #1 | Kerala | is located | southeast | of Mahe, India | - | - |
| #2 | Kochi | is | the location | of the AWH Engineering College | - | - |
| #3 | Mahe | is in | India | - | - | - |","| id | sbj | pred | obj_d | obj_i | sig | adv/cl/comp/sent |
| - | - | - | - | - | - | - |
| #0 | Kochi | is the leader of | Kerala | - | - | - |
| #1 | Kerala | is southeast of | Mahe, India | - | - | - |
| #2 | Kochi | is the location of | the AWH Engineering College | - | - | - |
| #3 | Mahe | is in | India | - | - | - |","| id | sbj | pred | obj_d | obj_i | sig | adv/cl/comp/sent |
| - | - | - | - | - | - | - |
| #0 | Kochi | is the leader of | Kerala | - | - | - |
| #1 | Kerala | is located | southeast of Mahe, India | - | - | - |
| #2 | Kochi | is the location of | the AWH Engineering College | - | - | - |
| #3 | Mahe | is in | India | - | - | - |"
reference1,86,the school of business and social sciences at the aarhus university was established 1928 and is affiliated with the european university association ( which has its headquarters in brussels ) .,"| id | sbj | pred | obj_d | obj_i | sig | adv/cl/comp/sent |
| - | - | - | - | - | - | - |
| #0 | the school of business and social sciences at the aarhus university | was established | - | - | in | 1928 |
| #1 | the school of business and social sciences at the aarhus university | is affiliated | - | with the european university association | - | - |
| #2 | the european university association | has | its headquarters | in Brussels | - | - |","| id | sbj | pred | obj_d | obj_i | sig | adv/cl/comp/sent |
| - | - | - | - | - | - | - |
| #0 | the school of business and social sciences at the aarhus university | was established | - | - | in | 1928 |
| #1 | the school of business and social sciences at the aarhus university | is affiliated | - | with the european university association | - | - |
| #2 | the european university association | has headquarters | - | in Brussels | - | - |","| id | sbj | pred | obj_d | obj_i | sig | adv/cl/comp/sent |
| - | - | - | - | - | - | - |
| #0 | the school of business and social sciences at the aarhus university | was established | - | - | in | 1928 |
| #1 | the school of business and social sciences at the aarhus university | is affiliated | - | with the european university association | - | - |
| #2 | the european university association | has its headquarters | in Brussels | - | - | - |"
reference1,87,"the school of business and social sciences at the aarhus university , denmark , was established in 1928 .","# Output
| id | sbj | pred | obj_d | obj_i | sig | adv/cl/comp/sent |
| - | - | - | - | - | - | - |
| #0 | the school of business and social sciences | was established | - | at the Aarhus University, Denmark | in | 1928 |","# Output
| id | sbj | pred | obj_d | obj_i | sig | adv/cl/comp/sent |
| - | - | - | - | - | - | - |
| #0 | the school of business and social sciences | was established | - | at the Aarhus University, Denmark | in | 1928 |","# Output
| id | sbj | pred | obj_d | obj_i | sig | adv/cl/comp/sent |
| - | - | - | - | - | - | - |
| #0 | the school of business and social sciences | was established | - | at the Aarhus University, Denmark | in | 1928 |"
reference1,88,"the comic character asterix , was created by albert uderzo and rene goscinny , who is french .","| id | sbj | pred | obj_d | obj_i | sig | adv/cl/comp/sent |
| - | - | - | - | - | - | - |
| #0 | the comic character asterix | was created by | albert uderzo and rene goscinny | - | - | - |
| #1 | rene goscinny | is | french | - | - | - |","| id | sbj | pred | obj_d | obj_i | sig | adv/cl/comp/sent |
| - | - | - | - | - | - | - |
| #0 | asterix | was created by | - | albert uderzo and rene goscinny | - | - |
| #1 | rene goscinny | is | french | - | - | - |
| #2 | albert uderzo | is | - | - | - | - |
| #3 | rene goscinny | is | - | - | - | - |","| id | sbj | pred | obj_d | obj_i | sig | adv/cl/comp/sent |
| - | - | - | - | - | - | - |
| #0 | asterix | was created by | - | albert uderzo and rene goscinny | - | - |
| #1 | rene goscinny | is | french | - | - | - |"
reference1,89,"the comics character blockbuster , aka mark desmond , was created by gardner fox and carmine infantino .","| id | sbj                | pred      | obj_d              | obj_i | sig | adv/cl/comp/sent |
|----|--------------------|-----------|--------------------|-------|-----|------------------|
| #0 | Blockbuster        | is also known as | Mark Desmond       |       |     |                  |
| #1 | Blockbuster        | was created by   | Gardner Fox        |       | and | #2               |
| #2 | Blockbuster        | was created by   | Carmine Infantino  |       |     |                  |","| id | sbj | pred | obj_d | obj_i | sig | adv/cl/comp/sent |
| - | - | - | - | - | - | - |
| #0 | blockbuster | is also known as | mark desmond | - | - | - |
| #1 | blockbuster | was created by | gardner fox and carmine infantino | - | - | - |
| #2 | gardner fox and carmine infantino | created | blockbuster | - | - | - |","| id | sbj | pred | obj_d | obj_i | sig | adv/cl/comp/sent |
| - | - | - | - | - | - | - |
| #0 | blockbuster | is also known as | mark desmond | - | - | - |
| #1 | blockbuster | was created by | gardner fox and carmine infantino | - | - | - |
| #2 | gardner fox and carmine infantino | created | blockbuster | - | - | - |
| #3 | mark desmond | is | blockbuster | - | - | - |"
reference1,90,"bolt , a comic character is also known as larry bolatinsky was created by ernie colon and gary cohn .","# Output
| id | sbj  | pred     | obj_d | obj_i | sig | adv/cl/comp/sent |
|----|------|----------|-------|-------|-----|------------------|
| #0 | Bolt | is known | -     | as    | -   | Larry Bolatinsky |
| #1 | Bolt | was created | by Ernie Colon and Gary Cohn | - | - | - |","# Output
| id | sbj  | pred     | obj_d | obj_i | sig | adv/cl/comp/sent |
|----|------|----------|-------|-------|-----|------------------|
| #0 | bolt | is known | -     | as    | -   | larry bolatinsky |
| #1 | bolt | was created | by  | -     | -   | ernie colon and gary cohn |
| #2 | bolt | is also known | as | larry bolatinsky | - | - |","# Output
| id | sbj | pred | obj_d | obj_i | sig | adv/cl/comp/sent |
| - | - | - | - | - | - | - |
| #0 | bolt | is known as | larry bolatinsky | - | - | - |
| #1 | bolt | was created by | ernie colon and gary cohn | - | - | - |
| #2 | bolt | is also known as | larry bolatinsky | - | - | - |
| #3 | bolt | is a | comic character | - | - | - |"
reference1,91,"adare manor is located in adare county limerick , munster which is governed by limerick city and county council .","| id | sbj           | pred     | obj_d | obj_i | sig    | adv/cl/comp/sent                |
|----|---------------|----------|-------|-------|--------|---------------------------------|
| #0 | adare manor   | is located | -     | in adare county limerick, Munster | -      | -                               |
| #1 | Munster       | is governed | -     | by limerick city and county council | -      | -                               |","| id | sbj           | pred     | obj_d | obj_i | sig   | adv/cl/comp/sent                |
|----|---------------|----------|-------|-------|-------|---------------------------------|
| #0 | adare manor   | is located | -     | in adare county limerick, munster | -     | -                               |
| #1 | munster       | is governed | -     | by limerick city and county council | -     | -                               |","| id | sbj            | pred     | obj_d | obj_i | sig   | adv/cl/comp/sent                          |
|----|----------------|----------|-------|-------|-------|-------------------------------------------|
| #0 | adare manor    | is located | -     | in adare county limerick, Munster | -     | -                                         |
| #1 | adare county limerick, Munster | is governed | -     | by limerick city and county council | -     | -                                         |"
reference1,92,"the akita museum of art is located in akita , akita , of the akita prefecture in japan . brazilians are one of the japanese ethnic groups .","| id | sbj | pred | obj_d | obj_i | sig | adv/cl/comp/sent |
|----|-----|------|-------|-------|-----|-----------------|
| #0 | the Akita Museum of Art | is located in | Akita, Akita | - | of | the Akita Prefecture in Japan |
| #1 | Brazilians | are one of | the Japanese ethnic groups | - | - | - |","| id | sbj | pred | obj_d | obj_i | sig | adv/cl/comp/sent |
|----|-----|------|-------|-------|-----|-----------------|
| #0 | the Akita Museum of Art | is located | - | in Akita, Akita, of the Akita Prefecture in Japan | - | - |
| #1 | Brazilians | are | one of the Japanese ethnic groups | - | - | - |","| id | sbj | pred | obj_d | obj_i | sig | adv/cl/comp/sent |
|----|-----|------|-------|-------|-----|-----------------|
| #0 | the Akita Museum of Art | is located | - | in Akita, Akita, of the Akita Prefecture in Japan | - | - |
| #1 | Brazilians | are | one of the Japanese ethnic groups | - | - | - |"
reference1,93,"250 delaware avenue is located in the united states where the leader is known as the president of the united states , they speak english and joe biden is also a leader .","| id | sbj | pred | obj_d | obj_i | sig | adv/cl/comp/sent |
| - | - | - | - | - | - | - |
| #0 | 250 Delaware Avenue | is located | - | in the United States | - | - |
| #1 | the leader | is known as | the president of the United States | - | where | 250 Delaware Avenue is located in the United States |
| #2 | they | speak | English | - | - | - |
| #3 | Joe Biden | is also | a leader | - | - | - |","| id | sbj | pred | obj_d | obj_i | sig | adv/cl/comp/sent |
| - | - | - | - | - | - | - |
| #0 | 250 Delaware Avenue | is located | - | in the United States | - | - |
| #1 | the leader of the United States | is known as | the president of the United States | - | where | 250 Delaware Avenue is located in the United States |
| #2 | they | speak | English | - | - | - |
| #3 | Joe Biden | is | a leader | - | - | - |
| #4 | Joe Biden | is | a leader | - | also | - |","| id | sbj | pred | obj_d | obj_i | sig | adv/cl/comp/sent |
| - | - | - | - | - | - | - |
| #0 | 250 delaware avenue | is located | - | in the United States | - | - |
| #1 | the leader | is known as | the president of the United States | - | where | 250 delaware avenue is located |
| #2 | they | speak | English | - | - | - |
| #3 | Joe Biden | is also | a leader | - | - | - |
| #4 | the United States | has leader | Joe Biden | - | - | - |"
reference1,94,"prime minister of azerbaijan is the official title of the leader of azerbaijan and his name is artur rasizade . the baku turkish martyrs ' memorial can be found in baku , the capital of azerbaijan .","# Output
| id | sbj | pred | obj_d | obj_i | sig | adv/cl/comp/sent |
| - | - | - | - | - | - | - |
| #0 | prime minister of azerbaijan | is | the official title of the leader of azerbaijan | - | - | - |
| #1 | prime minister of azerbaijan | has name | artur rasizade | - | - | - |
| #2 | the baku turkish martyrs' memorial | can be found | - | in baku, the capital of azerbaijan | - | - |","# Output
| id | sbj | pred | obj_d | obj_i | sig | adv/cl/comp/sent |
| - | - | - | - | - | - | - |
| #0 | prime minister of azerbaijan | is | the official title of the leader of azerbaijan | - | - | - |
| #1 | prime minister of azerbaijan | has name | artur rasizade | - | - | - |
| #2 | the baku turkish martyrs' memorial | can be found | - | in baku, the capital of azerbaijan | - | - |","# Output
| id | sbj | pred | obj_d | obj_i | sig | adv/cl/comp/sent |
| - | - | - | - | - | - | - |
| #0 | prime minister of azerbaijan | is | the official title of the leader of azerbaijan | - | - | - |
| #1 | prime minister of azerbaijan | is named | Artur Rasizade | - | - | - |
| #2 | the Baku Turkish Martyrs' Memorial | can be found | - | in Baku, the capital of Azerbaijan | - | - |"
reference1,95,"the 14th new jersey volunteer infantry monument was established on july 11th , 1907and located in the monocacy national battlefield in the county frederick , maryland . the city nearest to monocacy national battlefield is frederick , maryland .","| id | sbj | pred | obj_d | obj_i | sig | adv/cl/comp/sent |
| - | - | - | - | - | - | - |
| #0 | the 14th New Jersey Volunteer Infantry Monument | was established | - | - | on | July 11th, 1907 |
| #1 | the 14th New Jersey Volunteer Infantry Monument | is located | - | in the Monocacy National Battlefield | - | - |
| #2 | the Monocacy National Battlefield | is in | the county Frederick, Maryland | - | - | - |
| #3 | the city nearest to Monocacy National Battlefield | is | Frederick, Maryland | - | - | - |","| id | sbj                                              | pred          | obj_d                                         | obj_i | sig | adv/cl/comp/sent                     |
|----|--------------------------------------------------|---------------|----------------------------------------------|-------|-----|--------------------------------------|
| #0 | the 14th New Jersey Volunteer Infantry Monument | was established | -                                            | -     | on  | July 11th, 1907                      |
| #1 | the 14th New Jersey Volunteer Infantry Monument | is located     | in the Monocacy National Battlefield         | -     | in  | the county Frederick, Maryland       |
| #2 | the Monocacy National Battlefield              | is located     | in the county Frederick                      | -     | in  | Maryland                             |
| #3 | the city nearest to Monocacy National Battlefield | is            | Frederick                                    | -     | in  | Maryland                             |","| id | sbj                                             | pred        | obj_d                                         | obj_i | sig | adv/cl/comp/sent                           |
|----|------------------------------------------------|-------------|----------------------------------------------|-------|-----|--------------------------------------------|
| #0 | the 14th New Jersey Volunteer Infantry Monument | was established | -                                            | -     | on  | July 11th, 1907                            |
| #1 | the 14th New Jersey Volunteer Infantry Monument | is located  | in the Monocacy National Battlefield         | -     | in  | the county Frederick, Maryland             |
| #2 | the Monocacy National Battlefield              | is located  | in the county Frederick, Maryland            | -     | -   | -                                          |
| #3 | the city nearest to Monocacy National Battlefield | is         | Frederick, Maryland                          | -     | -   | -                                          |"
reference1,96,"the ataturk monument in izmir is made of bronze , is located in turkey , which is led by ahmet davutoglu and has ankara as its capital .","# Output
| id | sbj | pred | obj_d | obj_i | sig | adv/cl/comp/sent |
| - | - | - | - | - | - | - |
| #0 | the Ataturk monument | is made | - | of bronze | - | - |
| #1 | the Ataturk monument | is located | - | in Izmir, Turkey | - | - |
| #2 | Turkey | is led | - | by Ahmet Davutoglu | - | - |
| #3 | Turkey | has | Ankara | as its capital | - | - |
| #4 | Izmir | is located | - | in Turkey | - | - |","# Output
| id | sbj                | pred        | obj_d   | obj_i | sig  | adv/cl/comp/sent |
|----|--------------------|-------------|---------|-------|------|------------------|
| #0 | the ataturk monument in izmir | is made of | bronze | -     | -    | -                |
| #1 | the ataturk monument in izmir | is located | -      | in turkey | -    | -                |
| #2 | turkey             | is led by  | ahmet davutoglu | -     | -    | -                |
| #3 | turkey             | has        | ankara   | as its capital | -    | -                |","# Output
| id | sbj                | pred    | obj_d   | obj_i | sig   | adv/cl/comp/sent |
|----|--------------------|---------|---------|-------|-------|------------------|
| #0 | the Ataturk monument | is made | of bronze | -     | -     | -                |
| #1 | the Ataturk monument | is located | -       | in Izmir | -     | -                |
| #2 | the Ataturk monument | is located | -       | in Turkey | -     | -                |
| #3 | Turkey              | is led  | -       | by Ahmet Davutoglu | -     | -                |
| #4 | Turkey              | has     | Ankara  | as its capital | -     | -                |"
reference1,97,"anderson , indiana is part of adams fall creek , lafayette , richland , union and elevated 268 . 0 meters above sea level . the town has an area of 107 . 43 square kilometres and its population density is 523 . 9 inhabitants / sq km .","| id | sbj | pred | obj_d | obj_i | sig | adv/cl/comp/sent |
| - | - | - | - | - | - | - |
| #0 | Anderson, Indiana | is part of | Adams Fall Creek, Lafayette, Richland, Union | - | - | - |
| #1 | Anderson, Indiana | is elevated | - | - | at | 268.0 meters above sea level |
| #2 | Anderson, Indiana | has | an area | - | of | 107.43 square kilometres |
| #3 | Anderson, Indiana | has | a population density | - | of | 523.9 inhabitants/sq km |","| id | sbj               | pred          | obj_d                            | obj_i | sig | adv/cl/comp/sent                |
|----|-------------------|---------------|----------------------------------|-------|-----|--------------------------------|
| #0 | Anderson, Indiana | is part of    | Adams Fall Creek, Lafayette      | -     | -   | -                              |
| #1 | Anderson, Indiana | is part of    | Richland, Union                  | -     | -   | -                              |
| #2 | Anderson, Indiana | is elevated   | -                                | -     | at  | 268.0 meters above sea level   |
| #3 | Anderson, Indiana | has an area   | 107.43 square kilometres         | -     | -   | -                              |
| #4 | Anderson, Indiana | has           | a population density             | -     | of  | 523.9 inhabitants/sq km        |","| id | sbj | pred | obj_d | obj_i | sig | adv/cl/comp/sent |
| - | - | - | - | - | - | - |
| #0 | Anderson, Indiana | is part of | Adams Fall Creek, Lafayette, Richland, Union | - | - | - |
| #1 | Anderson, Indiana | is elevated | - | - | at | 268.0 meters above sea level |
| #2 | Anderson, Indiana | has | an area of 107.43 square kilometres | - | - | - |
| #3 | Anderson, Indiana | has | a population density of 523.9 inhabitants/sq km | - | - | - |"
reference1,98,"angola is part of pleasant township in steuben county and covers a total area of 16 . 55 square kilometres . the city is in indiana , united states .","| id | sbj   | pred       | obj_d | obj_i | sig | adv/cl/comp/sent |
|----|-------|------------|-------|-------|-----|------------------|
| #0 | Angola | is part of | -     | Pleasant Township | in | Steuben County |
| #1 | Angola | covers     | a total area of 16.55 square kilometres | - | - | - |
| #2 | Angola | is in      | -     | Indiana, United States | - | - |","| id | sbj    | pred        | obj_d                  | obj_i | sig | adv/cl/comp/sent          |
|----|--------|-------------|------------------------|-------|-----|---------------------------|
| #0 | Angola | is part of  | Pleasant Township      | in Steuben County | -   | -                         |
| #1 | Angola | covers      | a total area of 16.55 square kilometres | -     | -   | -                         |
| #2 | Angola | is in       | Indiana                | -     | -   | -                         |
| #3 | Indiana| is in       | United States          | -     | -   | -                         |","| id | sbj   | pred      | obj_d                         | obj_i | sig | adv/cl/comp/sent            |
|----|-------|-----------|-------------------------------|-------|-----|-----------------------------|
| #0 | angola| is part of| pleasant township             | in steuben county | -   | -                         |
| #1 | angola| covers    | a total area of 16.55 square kilometres | -     | -   | -                         |
| #2 | angola| is        | -                             | in indiana, united states | -   | -               |"
reference1,99,"albuquerque is in new mexico , in the united states , where one of the ethnic groups is asian americans . the new mexico senate leads albuquerque and john sanchez is one of the leaders .","| id | sbj             | pred     | obj_d              | obj_i | sig   | adv/cl/comp/sent  |
|----|-----------------|----------|--------------------|-------|-------|-------------------|
| #0 | Albuquerque     | is in    | New Mexico         | -     | -     | -                 |
| #1 | New Mexico      | is in    | the United States  | -     | -     | -                 |
| #2 | Albuquerque     | is in    | the United States  | -     | -     | -                 |
| #3 | Albuquerque     | has      | Asian Americans    | as one of the ethnic groups | where | - |
| #4 | the New Mexico Senate | leads | Albuquerque      | -     | -     | -                 |
| #5 | John Sanchez    | is one of | the leaders       | of the New Mexico Senate | - | -    |","| id | sbj             | pred    | obj_d            | obj_i | sig   | adv/cl/comp/sent        |
|----|-----------------|---------|------------------|-------|-------|-------------------------|
| #0 | albuquerque     | is in   | new mexico       | -     | -     | -                       |
| #1 | new mexico      | is in   | the united states| -     | -     | -                       |
| #2 | albuquerque     | is in   | the united states| -     | -     | -                       |
| #3 | one of the ethnic groups | is | asian americans | in albuquerque | where | -             |
| #4 | the new mexico senate | leads | albuquerque    | -     | -     | -                       |
| #5 | john sanchez    | is one of | the leaders     | of the new mexico senate | - | -         |","| id | sbj             | pred      | obj_d            | obj_i | sig   | adv/cl/comp/sent        |
|----|-----------------|-----------|------------------|-------|-------|-------------------------|
| #0 | albuquerque     | is in     | new mexico       | -     | -     | -                       |
| #1 | new mexico      | is in     | the united states| -     | -     | -                       |
| #2 | new mexico      | has       | asian americans  | -     | as    | one of the ethnic groups|
| #3 | the new mexico senate | leads | albuquerque     | -     | -     | -                       |
| #4 | john sanchez    | is one of | the leaders      | -     | -     | -                       |
| #5 | the leaders     | lead      | albuquerque      | -     | -     | -                       |
| #6 | john sanchez    | is one of | the leaders      | of the new mexico senate | - | -         |"
reference1,100,john van den brom has been manager of az alkmaar and played for the netherlands national football team . he is in vitesse arnhem and now plays for afc ajax .,"| id | sbj             | pred         | obj_d                 | obj_i | sig | adv/cl/comp/sent |
|----|-----------------|--------------|-----------------------|-------|-----|------------------|
| #0 | John van den Brom | has been manager | -                     | of AZ Alkmaar | -   | -                |
| #1 | John van den Brom | played       | -                     | for the Netherlands national football team | -   | -                |
| #2 | John van den Brom | is           | -                     | in Vitesse Arnhem | -   | -                |
| #3 | John van den Brom | now plays    | -                     | for AFC Ajax | -   | -                |","| id | sbj                | pred            | obj_d                  | obj_i | sig | adv/cl/comp/sent |
|----|--------------------|-----------------|------------------------|-------|-----|------------------|
| #0 | John van den Brom  | has been manager| of AZ Alkmaar          | -     | -   | -                |
| #1 | John van den Brom  | played          | -                      | for the Netherlands national football team | -   | -                |
| #2 | John van den Brom  | is              | in Vitesse Arnhem      | -     | -   | -                |
| #3 | John van den Brom  | now plays       | -                      | for AFC Ajax | -   | -                |","| id | sbj               | pred           | obj_d                | obj_i | sig | adv/cl/comp/sent |
|----|-------------------|----------------|----------------------|-------|-----|------------------|
| #0 | John van den Brom | has been       | manager              | of AZ Alkmaar | -   | -                |
| #1 | John van den Brom | played         | -                    | for the Netherlands national football team | -   | -                |
| #2 | John van den Brom | is             | -                    | in Vitesse Arnhem | -   | -                |
| #3 | John van den Brom | now plays      | -                    | for AFC Ajax | -   | -                |"
reference1,101,agremiacao sportiva arapiraquense ' s ground is the estadio municipal coaracy da mata fonseca in arapiraca . they play in the campeonato brasileiro serie c league which is based in brazil .,"# Output
| id | sbj | pred | obj_d | obj_i | sig | adv/cl/comp/sent |
| - | - | - | - | - | - | - |
| #0 | agremiacao sportiva arapiraquense | has ground | Estadio Municipal Coaracy da Mata Fonseca | in Arapiraca | - | - |
| #1 | agremiacao sportiva arapiraquense | play in | Campeonato Brasileiro Serie C league | - | which is based in | Brazil |","# Output
| id | sbj | pred | obj_d | obj_i | sig | adv/cl/comp/sent |
| - | - | - | - | - | - | - |
| #0 | agremiacao sportiva arapiraquense | has ground | the estadio municipal coaracy da mata fonseca | in arapiraca | - | - |
| #1 | agremiacao sportiva arapiraquense | play | - | in the campeonato brasileiro serie c league | which is | based in brazil |","# Output
| id | sbj | pred | obj_d | obj_i | sig | adv/cl/comp/sent |
| - | - | - | - | - | - | - |
| #0 | agremiacao sportiva arapiraquense | has ground | Estadio Municipal Coaracy da Mata Fonseca | in Arapiraca | - | - |
| #1 | agremiacao sportiva arapiraquense | play | - | in the Campeonato Brasileiro Serie C league | - | - |
| #2 | Campeonato Brasileiro Serie C league | is based | - | in Brazil | - | - |"
reference1,102,"peter stoger is at the fk austria wien club and is in the sk vorwarts steyr club , a player in fc admira wacker modling , and is the manager of fc kolin .","# Output
| id | sbj          | pred       | obj_d                        | obj_i | sig | adv/cl/comp/sent |
|----|--------------|------------|------------------------------|-------|-----|------------------|
| #0 | Peter Stoger | is at      | the FK Austria Wien club      | -     | -   | -                |
| #1 | Peter Stoger | is in      | the SK Vorwarts Steyr club    | -     | -   | -                |
| #2 | Peter Stoger | is a player| in FC Admira Wacker Modling   | -     | -   | -                |
| #3 | Peter Stoger | is the manager | of FC Kolin               | -     | -   | -                |","| id | sbj          | pred        | obj_d                     | obj_i | sig | adv/cl/comp/sent |
|----|--------------|-------------|---------------------------|-------|-----|------------------|
| #0 | Peter Stoger | is at       | FK Austria Wien club      |       |     |                  |
| #1 | Peter Stoger | is in       | SK Vorwarts Steyr club    |       |     |                  |
| #2 | Peter Stoger | is a player | in FC Admira Wacker Modling |     |     |                  |
| #3 | Peter Stoger | is the manager | of FC Kolin              |       |     |                  |","| id | sbj          | pred        | obj_d                        | obj_i | sig | adv/cl/comp/sent |
|----|--------------|-------------|------------------------------|-------|-----|------------------|
| #0 | Peter Stoger | is at       | FK Austria Wien club         | -     | -   | -                |
| #1 | Peter Stoger | is in       | SK Vorwarts Steyr club       | -     | -   | -                |
| #2 | Peter Stoger | is a player | -                            | in    | FC Admira Wacker Modling |
| #3 | Peter Stoger | is the manager | -                          | of    | FC Kolin          |"
reference1,103,"atlantic city international airport is located in egg harbor township , new jersey , u . s . the south jersey transportation authority is the owner of the airport and it is run by stephen dilts .","| id | sbj | pred | obj_d | obj_i | sig | adv/cl/comp/sent |
| - | - | - | - | - | - | - |
| #0 | atlantic city international airport | is located | - | in egg harbor township, new jersey, u.s. | - | - |
| #1 | south jersey transportation authority | is the owner of | atlantic city international airport | - | - | - |
| #2 | stephen dilts | runs | atlantic city international airport | - | - | - |","| id | sbj | pred | obj_d | obj_i | sig | adv/cl/comp/sent |
| - | - | - | - | - | - | - |
| #0 | Atlantic City International Airport | is located | - | in Egg Harbor Township, New Jersey, U.S. | - | - |
| #1 | South Jersey Transportation Authority | is the owner | of the airport | - | - | - |
| #2 | Stephen Dilts | runs | the airport | - | - | - |","| id | sbj | pred | obj_d | obj_i | sig | adv/cl/comp/sent |
| - | - | - | - | - | - | - |
| #0 | Atlantic City International Airport | is located in | - | Egg Harbor Township, New Jersey, U.S. | - | - |
| #1 | South Jersey Transportation Authority | is the owner of | Atlantic City International Airport | - | - | - |
| #2 | Stephen Dilts | runs | Atlantic City International Airport | - | - | - |"
reference1,104,"al - taqaddum air base serves the city of fallujah , which is in iraq , where fuad masum is the leader and the kurdish languages are spoken .","| id | sbj                | pred   | obj_d            | obj_i | sig    | adv/cl/comp/sent |
|----|--------------------|--------|------------------|-------|--------|------------------|
| #0 | al-taqaddum air base | serves | the city of Fallujah | -     | -      | -                |
| #1 | the city of Fallujah | is in  | Iraq              | -     | -      | -                |
| #2 | Iraq               | is where | Fuad Masum       | -     | -      | is the leader    |
| #3 | Iraq               | is where | the Kurdish languages | -     | -      | are spoken       |","| id | sbj                | pred   | obj_d              | obj_i | sig  | adv/cl/comp/sent |
|----|--------------------|--------|--------------------|-------|------|------------------|
| #0 | al-taqaddum air base | serves | the city of Fallujah | -     | -    | -                |
| #1 | the city of Fallujah  | is in  | Iraq               | -     | -    | -                |
| #2 | Iraq               | is where | Fuad Masum         | -     | -    | is the leader    |
| #3 | Iraq               | is where | the Kurdish languages | -     | -    | are spoken       |","| id | sbj                  | pred    | obj_d                | obj_i | sig  | adv/cl/comp/sent     |
|----|----------------------|---------|----------------------|-------|------|----------------------|
| #0 | al-taqaddum air base | serves  | the city of Fallujah | -     | -    | -                    |
| #1 | the city of Fallujah | is in   | Iraq                 | -     | -    | -                    |
| #2 | Iraq                 | is      | -                    | where | #3   |
| #3 | Fuad Masum           | is      | the leader           | of Iraq | -  | -                    |
| #4 | Iraq                 | is      | -                    | where | #5   |
| #5 | the Kurdish languages| are spoken | -                 | in Iraq | -  | -                    |"
reference1,105,al - taqaddum air base serves the city of fallujah in iraq . the leader of the country is haider al - abadi and the kurdish language is spoken .,"| id | sbj                    | pred   | obj_d                 | obj_i | sig | adv/cl/comp/sent      |
|----|------------------------|--------|-----------------------|-------|-----|-----------------------|
| #0 | al-taqaddum air base   | serves | the city of Fallujah  | in Iraq | -   | -                     |
| #1 | Iraq                   | has leader | Haider al-Abadi     | -     | -   | -                     |
| #2 | the Kurdish language   | is spoken | -                   | -     | -   | -                     |
| #3 | Iraq                   | is spoken in | the Kurdish language | -   | -   | -                     |","| id | sbj                   | pred    | obj_d                | obj_i | sig | adv/cl/comp/sent     |
|----|-----------------------|---------|----------------------|-------|-----|----------------------|
| #0 | al-taqaddum air base  | serves  | the city of Fallujah | in Iraq | -   | -                    |
| #1 | Iraq                  | has leader | Haider al-Abadi    | -     | -   | -                    |
| #2 | the Kurdish language  | is spoken | -                   | -     | -   | -                    |","| id | sbj                 | pred   | obj_d              | obj_i | sig | adv/cl/comp/sent        |
|----|---------------------|--------|--------------------|-------|-----|-------------------------|
| #0 | al-taqaddum air base| serves | the city of Fallujah | in Iraq | -   | -                       |
| #1 | Iraq                | has leader | Haider al-Abadi   | -     | -   | -                       |
| #2 | Kurdish language    | is spoken | -                | in Iraq | -   | -                       |"
reference1,106,"jill shilling was the star of the stv hit bananaman , created by steve bright and first aired on the 3rd of october 1983 .","# Output
| id | sbj            | pred      | obj_d     | obj_i | sig | adv/cl/comp/sent |
|----|----------------|-----------|-----------|-------|-----|------------------|
| #0 | Jill Shilling  | was       | the star  | of the STV hit Bananaman | - | - |
| #1 | Bananaman      | was created | by Steve Bright | - | - | - |
| #2 | Bananaman      | first aired | - | on | the 3rd of October 1983 |","| id | sbj              | pred     | obj_d       | obj_i | sig   | adv/cl/comp/sent                |
|----|------------------|----------|-------------|-------|-------|---------------------------------|
| #0 | Jill Shilling    | was      | the star    | of the STV hit Bananaman | -     | -                               |
| #1 | Bananaman        | was created | by Steve Bright | -     | -     | -                               |
| #2 | Bananaman        | first aired | -           | -     | on    | the 3rd of October 1983          |","| id | sbj             | pred        | obj_d      | obj_i | sig | adv/cl/comp/sent                 |
|----|-----------------|-------------|------------|-------|-----|----------------------------------|
| #0 | Jill Shilling   | was         | the star   | of the STV hit Bananaman | -   | -                                |
| #1 | Bananaman       | was created | by Steve Bright | -   | -   | -                                |
| #2 | Bananaman       | first aired | -          | -     | on  | the 3rd of October 1983          |"
reference1,107,"american , duncan rouleau created baymax , a character in the film big hero 6 , which starred ryan potter .","| id | sbj              | pred      | obj_d    | obj_i | sig   | adv/cl/comp/sent |
|----|------------------|-----------|----------|-------|-------|------------------|
| #0 | Duncan Rouleau   | created   | Baymax   | -     | -     | -                |
| #1 | Duncan Rouleau   | is        | American | -     | -     | -                |
| #2 | Baymax           | is        | a character | in the film Big Hero 6 | -     | -                |
| #3 | the film Big Hero 6 | starred | Ryan Potter | -     | -     | -                |","| id | sbj             | pred      | obj_d    | obj_i | sig   | adv/cl/comp/sent         |
|----|-----------------|-----------|----------|-------|-------|--------------------------|
| #0 | Duncan Rouleau  | created   | Baymax   | -     | -     | -                        |
| #1 | Baymax          | is        | a character | in the film Big Hero 6 | -     | -                        |
| #2 | the film Big Hero 6 | starred | Ryan Potter | -     | -     | -                        |
| #3 | Duncan Rouleau  | is        | American | -     | -     | -                        |","| id | sbj               | pred     | obj_d    | obj_i | sig   | adv/cl/comp/sent          |
|----|-------------------|----------|----------|-------|-------|---------------------------|
| #0 | Duncan Rouleau    | created  | Baymax   | -     | -     | -                         |
| #1 | Duncan Rouleau    | is       | American | -     | -     | -                         |
| #2 | Baymax            | is       | a character | -   | in    | the film Big Hero 6       |
| #3 | the film Big Hero 6 | starred | Ryan Potter | -  | -     | -                         |"
reference1,108,"the comic character bolt , with the alternative name larry bolatinsky , was created by gary cohn and ernie colon , who is a puerto rican national .","| id | sbj | pred | obj_d | obj_i | sig | adv/cl/comp/sent |
| - | - | - | - | - | - | - |
| #0 | bolt | has alternative name | larry bolatinsky | - | - | - |
| #1 | bolt | was created by | gary cohn and ernie colon | - | - | - |
| #2 | ernie colon | is | a puerto rican national | - | - | - |","| id | sbj | pred | obj_d | obj_i | sig | adv/cl/comp/sent |
|----|-----|------|-------|-------|-----|-----------------|
| #0 | bolt | has alternative name | larry bolatinsky | - | - | - |
| #1 | bolt | was created by | gary cohn and ernie colon | - | - | - |
| #2 | ernie colon | is | a puerto rican national | - | - | - |
| #3 | ernie colon | was | one of the creators of bolt | - | - | - |","| id | sbj | pred | obj_d | obj_i | sig | adv/cl/comp/sent |
|----|-----|------|-------|-------|-----|-----------------|
| #0 | bolt | is also known as | larry bolatinsky | - | - | - |
| #1 | bolt | was created by | gary cohn and ernie colon | - | - | - |
| #2 | ernie colon | is | a puerto rican national | - | - | - |
| #3 | bolt | has alternative name | larry bolatinsky | - | - | - |
| #4 | bolt | was created by | gary cohn | - | - | - |
| #5 | bolt | was created by | ernie colon | - | - | - |"
reference1,109,"a fortress of grey ice , written by j . v . jones and produced in hardcover , has the isbn number 0 - 7653 - 0633 - 6 and the oclc number 51969173 .","# Output
| id | sbj | pred | obj_d | obj_i | sig | adv/cl/comp/sent |
| - | - | - | - | - | - | - |
| #0 | a fortress of grey ice | is written by | J. V. Jones | - | - | - |
| #1 | a fortress of grey ice | is produced | in hardcover | - | - | - |
| #2 | a fortress of grey ice | has | the ISBN number 0-7653-0633-6 | - | - | - |
| #3 | a fortress of grey ice | has | the OCLC number 51969173 | - | - | - |","# Output
| id | sbj | pred | obj_d | obj_i | sig | adv/cl/comp/sent |
| - | - | - | - | - | - | - |
| #0 | A fortress of grey ice | is written by | J. V. Jones | - | - | - |
| #1 | A fortress of grey ice | is produced | in hardcover | - | - | - |
| #2 | A fortress of grey ice | has | the ISBN number 0-7653-0633-6 | - | - | - |
| #3 | A fortress of grey ice | has | the OCLC number 51969173 | - | - | - |","# Output
| id | sbj | pred | obj_d | obj_i | sig | adv/cl/comp/sent |
| - | - | - | - | - | - | - |
| #0 | a fortress of grey ice | was written by | J. V. Jones | - | - | - |
| #1 | a fortress of grey ice | was produced | - | in hardcover | - | - |
| #2 | a fortress of grey ice | has | the ISBN number 0-7653-0633-6 | - | - | - |
| #3 | a fortress of grey  ice | has | the OCLC number 51969173 | - | - | - |"
reference1,110,"the hardcover book a loyal character dancer was written by qiu xiaolong , has an oclc number of 49805501 and an isbn number of 1 - 56947 - 301 - 3 .","| id | sbj | pred | obj_d | obj_i | sig | adv/cl/comp/sent |
| - | - | - | - | - | - | - |
| #0 | A Loyal Character Dancer | was written by | Qiu Xiaolong | - | - | - |
| #1 | A Loyal Character Dancer | has | an OCLC number | - | of | 49805501 |
| #2 | A Loyal Character Dancer | has | an ISBN number | - | of | 1-56947-301-3 |","| id | sbj | pred | obj_d | obj_i | sig | adv/cl/comp/sent |
| - | - | - | - | - | - | - |
| #0 | A Loyal Character Dancer | was written by | Qiu Xiaolong | - | - | - |
| #1 | A Loyal Character Dancer | has | an OCLC number | - | of | 49805501 |
| #2 | A Loyal Character Dancer | has | an ISBN number | - | of | 1-56947-301-3 |","# Output
| id | sbj | pred | obj_d | obj_i | sig | adv/cl/comp/sent |
| - | - | - | - | - | - | - |
| #0 | A Loyal Character Dancer | was written by | Qiu Xiaolong | - | - | - |
| #1 | A Loyal Character Dancer | has | an OCLC number | - | of | 49805501 |
| #2 | A Loyal Character Dancer | has | an ISBN number | - | of | 1-56947-301-3 |"
reference1,111,african americans are an ethnic group in the united states . it is also where the book alcatraz versus the evil librarians comes from . this book was written in english which is the language of great britain .,"| id | sbj | pred | obj_d | obj_i | sig | adv/cl/comp/sent |
| - | - | - | - | - | - | - |
| #0 | African Americans | are | an ethnic group | in the United States | - | - |
| #1 | the book Alcatraz Versus the Evil Librarians | comes from | - | - | also where | the United States |
| #2 | the book Alcatraz Versus the Evil Librarians | was written | - | in English | - | - |
| #3 | English | is | the language | of Great Britain | - | - |","| id | sbj | pred | obj_d | obj_i | sig | adv/cl/comp/sent |
| - | - | - | - | - | - | - |
| #0 | African Americans | are | an ethnic group | in the United States | - | - |
| #1 | the book Alcatraz Versus the Evil Librarians | comes from | - | - | where | the United States |
| #2 | the book Alcatraz Versus the Evil Librarians | was written | - | in English | - | - |
| #3 | English | is | the language | of Great Britain | - | - |","| id | sbj | pred | obj_d | obj_i | sig | adv/cl/comp/sent |
|----|-----|------|-------|-------|-----|-----------------|
| #0 | African Americans | are | an ethnic group | in the United States | - | - |
| #1 | the book Alcatraz versus the Evil Librarians | comes from | - | - | where | the United States |
| #2 | the book Alcatraz versus the Evil Librarians | was written | - | in English | - | - |
| #3 | English | is | the language | of Great Britain | - | - |"
reference1,115,"awh engineering college was established in 2001 , and is located in the city of kuttikkattoor , india , where the ganges river is also located .","# Output
| id | sbj                | pred          | obj_d | obj_i | sig  | adv/cl/comp/sent               |
|----|--------------------|---------------|-------|-------|------|--------------------------------|
| #0 | awh engineering college | was established | -     | -     | in   | 2001                         |
| #1 | awh engineering college | is located      | -     | -     | in   | the city of kuttikkattoor, India |
| #2 | the Ganges river      | is located      | -     | -     | in   | the city of kuttikkattoor, India |","# Output
| id | sbj                 | pred          | obj_d | obj_i | sig   | adv/cl/comp/sent                    |
|----|---------------------|---------------|-------|-------|-------|-------------------------------------|
| #0 | awh engineering college | was established | -     | -     | in    | 2001                              |
| #1 | awh engineering college | is located      | -     | in the city of kuttikkattoor, India | -     | -                                   |
| #2 | the city of kuttikkattoor, India | is located      | -     | where | the Ganges River is also located |","# Output
| id | sbj                | pred          | obj_d | obj_i | sig   | adv/cl/comp/sent              |
|----|--------------------|---------------|-------|-------|-------|-------------------------------|
| #0 | awh engineering college | was established | -     | -     | in    | 2001                        |
| #1 | awh engineering college | is located      | -     | in    | the city of kuttikkattoor, India |
| #2 | the Ganges River     | is located      | -     | in    | where | the city of kuttikkattoor, India |"
reference1,116,"the all india council for technical education in mumbai granted technical campus status to the acharya institute of technology . tennis , which is governed by the international tennis federation is a sport offered at the institute .","| id | sbj | pred | obj_d | obj_i | sig | adv/cl/comp/sent |
| - | - | - | - | - | - | - |
| #0 | the all india council for technical education in mumbai | granted | technical campus status | to the acharya institute of technology | - | - |
| #1 | tennis | is governed | - | by the international tennis federation | - | - |
| #2 | tennis | is | a sport | offered at the institute | - | - |","| id | sbj | pred | obj_d | obj_i | sig | adv/cl/comp/sent |
| - | - | - | - | - | - | - |
| #0 | the all india council for technical education in mumbai | granted | technical campus status | to the acharya institute of technology | - | - |
| #1 | tennis | is governed | - | by the international tennis federation | - | - |
| #2 | tennis | is | a sport | offered at the institute | - | - |","| id | sbj | pred | obj_d | obj_i | sig | adv/cl/comp/sent |
| - | - | - | - | - | - | - |
| #0 | the all india council for technical education in mumbai | granted | technical campus status | to the acharya institute of technology | - | - |
| #1 | tennis | is governed | - | by the international tennis federation | - | - |
| #2 | tennis | is | a sport | offered at the institute | - | - |"
reference1,117,kochi is leader of kerala state where the awh engineering college with an academic staff of 250 is located in the city of kuttikkattoor .,"| id | sbj | pred | obj_d | obj_i | sig | adv/cl/comp/sent |
| - | - | - | - | - | - | - |
| #0 | Kochi | is leader of | Kerala state | - | where | #1 |
| #1 | the AWH Engineering College | is located | - | in the city of Kuttikkattoor | - | - |
| #2 | the AWH Engineering College | has | an academic staff | of 250 | - | - |","| id | sbj | pred | obj_d | obj_i | sig | adv/cl/comp/sent |
| - | - | - | - | - | - | - |
| #0 | Kochi | is leader of | Kerala state | - | where | #1 |
| #1 | the AWH Engineering College | is located | - | in the city of Kuttikkattoor | - | - |
| #2 | the AWH Engineering College | has | an academic staff of 250 | - | - | - |","| id | sbj | pred | obj_d | obj_i | sig | adv/cl/comp/sent |
| - | - | - | - | - | - | - |
| #0 | Kochi | is leader of | Kerala state | - | where | #1 |
| #1 | the AWH Engineering College | is located | - | in the city of Kuttikkattoor | - | - |
| #2 | the AWH Engineering College | has | an academic staff | of 250 | - | - |"
reference1,118,"the main ingredients of bandeja paisa are red beans , pork belly , white rice , ground meat , chicharon , fried egg , plantain ( patacones ) , chorizo , arepa , hogao sauce , black pudding ( morcilla ) , avocado and lemon . the dish is from colombian cuisine and originates in the paisa region .","| id | sbj | pred | obj_d | obj_i | sig | adv/cl/comp/sent |
| - | - | - | - | - | - | - |
| #0 | bandeja paisa | has main ingredients | red beans, pork belly, white rice, ground meat, chicharon, fried egg, plantain, chorizo, arepa, hogao sauce, black pudding, avocado, lemon | - | - | - |
| #1 | plantain | is | patacones | - | - | - |
| #2 | black pudding | is | morcilla | - | - | - |
| #3 | bandeja paisa | is from | colombian cuisine | - | - | - |
| #4 | bandeja paisa | originates in | the paisa region | - | - | - |","| id | sbj | pred | obj_d | obj_i | sig | adv/cl/comp/sent |
| - | - | - | - | - | - | - |
| #0 | bandeja paisa | has main ingredients | red beans, pork belly, white rice, ground meat, chicharon, fried egg, plantain, chorizo, arepa, hogao sauce, black pudding, avocado, lemon | - | - | - |
| #1 | plantain | is | patacones | - | - | - |
| #2 | black pudding | is | morcilla | - | - | - |
| #3 | bandeja paisa | is from | colombian cuisine | - | - | - |
| #4 | bandeja paisa | originates in | the paisa region | - | - | - |","| id | sbj | pred | obj_d | obj_i | sig | adv/cl/comp/sent |
| - | - | - | - | - | - | - |
| #0 | bandeja paisa | has main ingredients | red beans, pork belly, white rice, ground meat, chicharon, fried egg, plantain, chorizo, arepa, hogao sauce, black pudding, avocado, lemon | - | - | - |
| #1 | plantain | is | patacones | - | - | - |
| #2 | black pudding | is | morcilla | - | - | - |
| #3 | bandeja paisa | is from | colombian cuisine | - | - | - |
| #4 | bandeja paisa | originates in | the paisa region | - | - | - |"
reference1,119,beef kway teow is found in indonesia and singapore . halimah yacob is a leader of standard chinese speaking singapore .,"| id | sbj | pred | obj_d | obj_i | sig | adv/cl/comp/sent |
| - | - | - | - | - | - | - |
| #0 | beef kway teow | is found | - | in Indonesia and Singapore | - | - |
| #1 | Halimah Yacob | is | a leader | of standard Chinese speaking Singapore | - | - |
| #2 | standard Chinese speaking Singapore | has leader | Halimah Yacob | - | - | - |","| id | sbj | pred | obj_d | obj_i | sig | adv/cl/comp/sent |
| - | - | - | - | - | - | - |
| #0 | beef kway teow | is found | - | in Indonesia and Singapore | - | - |
| #1 | Halimah Yacob | is | a leader | of standard Chinese speaking Singapore | - | - |
| #2 | standard Chinese speaking Singapore | has leader | Halimah Yacob | - | - | - |","| id | sbj | pred | obj_d | obj_i | sig | adv/cl/comp/sent |
| - | - | - | - | - | - | - |
| #0 | beef kway teow | is found | - | in Indonesia and Singapore | - | - |
| #1 | Halimah Yacob | is | a leader | of standard Chinese speaking Singapore | - | - |
| #2 | beef kway teow | is found | - | in Indonesia | - | - |
| #3 | beef kway teow | is found | - | in Singapore | - | - |"
reference1,120,sandesh ( confectionery ) and binignit are both dishes served as dessert . the latter dish originates from the philippines where philippine english is spoken .,"| id | sbj | pred | obj_d | obj_i | sig | adv/cl/comp/sent |
| - | - | - | - | - | - | - |
| #0 | sandesh ( confectionery ) and binignit | are served | as dessert | - | - | - |
| #1 | binignit | originates | - | from the Philippines | - | - |
| #2 | the Philippines | is where | Philippine English | is spoken | - | - |","| id | sbj | pred | obj_d | obj_i | sig | adv/cl/comp/sent |
| - | - | - | - | - | - | - |
| #0 | sandesh ( confectionery ) | is served | - | as dessert | - | - |
| #1 | binignit | is served | - | as dessert | - | - |
| #2 | binignit | originates from | the Philippines | - | - | - |
| #3 | the Philippines | is where | Philippine English | is spoken | - | - |
| #4 | Philippine English | is spoken | - | in the Philippines | - | - |","| id | sbj | pred | obj_d | obj_i | sig | adv/cl/comp/sent |
| - | - | - | - | - | - | - |
| #0 | sandesh ( confectionery ) | is served | - | as dessert | - | - |
| #1 | binignit | is served | - | as dessert | - | - |
| #2 | binignit | originates | - | from | the Philippines |
| #3 | the Philippines | is where | Philippine English | is spoken | - | - |"
reference1,121,"english is spoken in great britain but is also the language of the united states where native americans are one of the ethnic groups . the book "" a loyal character dancer "" was published in the us by soho press .","| id | sbj | pred | obj_d | obj_i | sig | adv/cl/comp/sent |
| - | - | - | - | - | - | - |
| #0 | English | is spoken | - | in Great Britain | but | #1 |
| #1 | English | is | the language | of the United States | where | #2 |
| #2 | Native Americans | are | one of the ethnic groups | - | - | - |
| #3 | The book ""A Loyal Character Dancer"" | was published | - | in the US by Soho Press | - | - |","| id | sbj | pred | obj_d | obj_i | sig | adv/cl/comp/sent |
| - | - | - | - | - | - | - |
| #0 | English | is spoken | - | in Great Britain | but | #1 |
| #1 | English | is | the language | of the United States | where | #2 |
| #2 | Native Americans | are | one of the ethnic groups | - | - | - |
| #3 | The book ""A Loyal Character Dancer"" | was published | - | in the US by Soho Press | - | - |","| id | sbj | pred | obj_d | obj_i | sig | adv/cl/comp/sent |
| - | - | - | - | - | - | - |
| #0 | English | is spoken | - | in Great Britain | but | #1 |
| #1 | English | is | the language | of the United States | where | #2 |
| #2 | Native Americans | are | one of the ethnic groups | - | - | - |
| #3 | the book ""A Loyal Character Dancer"" | was published | - | in the US by Soho Press | - | - |"
reference1,122,"the language of both great britain and the united states is english . it is in the united states , where the capital is washington dc and the ethnic group of native americans are found . the country is also the origin of the book "" a severed wasp "" .","| id | sbj | pred | obj_d | obj_i | sig | adv/cl/comp/sent |
| - | - | - | - | - | - | - |
| #0 | the language of both Great Britain and the United States | is | English | - | - | - |
| #1 | the United States | has | the capital | Washington DC | - | - |
| #2 | the United States | is found in | the ethnic group of Native Americans | - | - | - |
| #3 | the United States | is the origin of | the book ""A Severed Wasp"" | - | - | - |","| id | sbj | pred | obj_d | obj_i | sig | adv/cl/comp/sent |
| - | - | - | - | - | - | - |
| #0 | the language of both Great Britain and the United States | is | English | - | - | - |
| #1 | the United States | is | - | - | in | the United States |
| #2 | the capital of the United States | is | Washington DC | - | - | - |
| #3 | the ethnic group of Native Americans | is found | - | in the United States | - | - |
| #4 | the United States | is the origin of | the book ""A Severed Wasp"" | - | - | - |","| id | sbj | pred | obj_d | obj_i | sig | adv/cl/comp/sent |
| - | - | - | - | - | - | - |
| #0 | the language of both Great Britain and the United States | is | English | - | - | - |
| #1 | the United States | has | the capital | Washington DC | - | - |
| #2 | the United States | has | ethnic group | Native Americans | - | - |
| #3 | the United States | is | the origin | of the book ""A Severed Wasp"" | - | - |"
reference1,123,the united states is inhabited by americans including the ethnic group of african americans . the book 1634 the ram rebellion was written in the country which is led by president barack obama and has the capital city of washington dc .,"| id | sbj | pred | obj_d | obj_i | sig | adv/cl/comp/sent |
| - | - | - | - | - | - | - |
| #0 | the United States | is inhabited | by Americans | - | including | the ethnic group of African Americans |
| #1 | the book 1634: The Ram Rebellion | was written | - | in the country | which | #2 |
| #2 | the country | is led | - | by President Barack Obama | and | has the capital city of Washington DC |
| #3 | the country | has | the capital city of Washington DC | - | - | - |","| id | sbj | pred | obj_d | obj_i | sig | adv/cl/comp/sent |
| - | - | - | - | - | - | - |
| #0 | the United States | is inhabited | by Americans | - | including | the ethnic group of African Americans |
| #1 | the book 1634: The Ram Rebellion | was written | - | in the country | which is | #2 |
| #2 | the country | is led | - | by President Barack Obama | and | has the capital city of Washington DC |","| id | sbj               | pred       | obj_d                          | obj_i | sig   | adv/cl/comp/sent        |
|----|-------------------|------------|--------------------------------|-------|-------|------------------------|
| #0 | the united states | is inhabited | -                              | by americans | including | the ethnic group of african americans |
| #1 | the united states | has         | the ethnic group of african americans | -     | -     | -                      |
| #2 | the book 1634 the ram rebellion | was written | -                      | in the country | which is | #3                   |
| #3 | the country       | is led      | -                              | by president barack obama | and has | the capital city of washington dc |
| #4 | the country       | has         | the capital city of washington dc | -     | -     | -                      |
| #5 | the country       | is led      | -                              | by president barack obama | -     | -                      |"
reference1,124,amarillo is part of potter county in texas in the united states whose capital is washington dc and english is the language .,"| id | sbj | pred | obj_d | obj_i | sig | adv/cl/comp/sent |
|----|-----|------|-------|-------|-----|-----------------|
| #0 | amarillo | is part of | potter county | - | in | texas in the united states |
| #1 | texas | is in | the united states | - | - | - |
| #2 | the united states | has capital | washington dc | - | - | - |
| #3 | the united states | has language | english | - | - | - |","| id | sbj | pred | obj_d | obj_i | sig | adv/cl/comp/sent |
|----|-----|------|-------|-------|-----|-----------------|
| #0 | amarillo | is part of | potter county | - | in | texas in the united states |
| #1 | texas | is in | the united states | - | - | - |
| #2 | the united states | has capital | washington dc | - | - | - |
| #3 | the united states | has language | english | - | - | - |","| id | sbj | pred | obj_d | obj_i | sig | adv/cl/comp/sent |
|----|-----|------|-------|-------|-----|-----------------|
| #0 | amarillo | is part of | potter county | - | in | texas in the united states |
| #1 | texas | is in | the united states | - | - | - |
| #2 | the united states | has capital | washington dc | - | - | - |
| #3 | the united states | has language | english | - | - | - |"
reference1,125,auburn is part of both king county and pierce county in washington which is located in the united states . it has a population density of 914 . 8 inhabitants per sq km and covers a total area of 77 . 41 sq kms .,"| id | sbj | pred | obj_d | obj_i | sig | adv/cl/comp/sent |
| - | - | - | - | - | - | - |
| #0 | auburn | is part of | - | both king county and pierce county | in | washington |
| #1 | washington | is located in | - | the united states | - | - |
| #2 | auburn | has | a population density of 914.8 inhabitants per sq km | - | - | - |
| #3 | auburn | covers | a total area of 77.41 sq kms | - | - | - |","| id | sbj | pred | obj_d | obj_i | sig | adv/cl/comp/sent |
| - | - | - | - | - | - | - |
| #0 | auburn | is part of | both king county and pierce county | - | in | washington |
| #1 | washington | is located in | the united states | - | - | - |
| #2 | auburn | has | a population density of 914.8 inhabitants per sq km | - | - | - |
| #3 | auburn | covers | a total area of 77.41 sq kms | - | - | - |","# Output
| id | sbj  | pred        | obj_d | obj_i | sig  | adv/cl/comp/sent |
|----|------|-------------|-------|-------|------|------------------|
| #0 | auburn | is part of | -     | both king county and pierce county | in | washington |
| #1 | washington | is located in | - | the united states | - | - |
| #2 | auburn | has | a population density of 914.8 inhabitants per sq km | - | - | - |
| #3 | auburn | covers | a total area of 77.41 sq kms | - | - | - |"
reference1,126,"angola , indiana , is part of steuben county , united states where americans live . the asian americans are an ethnic group of the united states and english is the language spoken .","| id | sbj | pred | obj_d | obj_i | sig | adv/cl/comp/sent |
| - | - | - | - | - | - | - |
| #0 | Angola, Indiana | is part of | Steuben County, United States | - | where | Americans live |
| #1 | the Asian Americans | are an ethnic group of | the United States | - | - | - |
| #2 | English | is the language spoken | - | - | - | - |","| id | sbj | pred | obj_d | obj_i | sig | adv/cl/comp/sent |
| - | - | - | - | - | - | - |
| #0 | Angola, Indiana | is part of | Steuben County, United States | - | - | - |
| #1 | Americans | live | - | in Angola, Indiana | where | - |
| #2 | The Asian Americans | are | an ethnic group | of the United States | - | - |
| #3 | English | is | the language spoken | - | - | - |
| #4 | The Asian Americans | speak | English | - | - | - |","| id | sbj | pred | obj_d | obj_i | sig | adv/cl/comp/sent |
| - | - | - | - | - | - | - |
| #0 | Angola, Indiana | is part of | Steuben County, United States | - | where | Americans live |
| #1 | The Asian Americans | are an ethnic group of | the United States | - | - | - |
| #2 | English | is the language spoken | - | - | - | - |"
reference1,127,dedicated to the ottoman army soldiers killed in the battle of baku and located in baku is the turkish martyrs memorial . baku is the capital of azerbaijan whose prime minister and leader is artur rasizade .,"# Output
| id | sbj | pred | obj_d | obj_i | sig | adv/cl/comp/sent |
| - | - | - | - | - | - | - |
| #0 | the turkish martyrs memorial | is dedicated | - | to the ottoman army soldiers killed in the battle of baku | - | - |
| #1 | the turkish martyrs memorial | is located | - | in baku | - | - |
| #2 | baku | is the capital | - | of azerbaijan | - | - |
| #3 | azerbaijan | has prime minister and leader | artur rasizade | - | - | - |","| id | sbj | pred | obj_d | obj_i | sig | adv/cl/comp/sent |
| - | - | - | - | - | - | - |
| #0 | the Turkish Martyrs Memorial | is dedicated | - | to the Ottoman army soldiers killed in the Battle of Baku | - | - |
| #1 | the Turkish Martyrs Memorial | is located | in Baku | - | - | - |
| #2 | Baku | is the capital of | Azerbaijan | - | - | - |
| #3 | Azerbaijan | has prime minister and leader | Artur Rasizade | - | - | - |
| #4 | Artur Rasizade | is | the prime minister and leader of Azerbaijan | - | - | - |","# Output
| id | sbj | pred | obj_d | obj_i | sig | adv/cl/comp/sent |
| - | - | - | - | - | - | - |
| #0 | Turkish Martyrs Memorial | is dedicated | - | to the Ottoman army soldiers killed in the Battle of Baku | - | - |
| #1 | Turkish Martyrs Memorial | is located | - | in Baku | - | - |
| #2 | Baku | is | the capital | of Azerbaijan | - | - |
| #3 | Artur Rasizade | is | the prime minister and leader | of Azerbaijan | - | - |"
reference1,128,"the turkish martyrs memorial , dedicated to ottoman army soldiers killed in the battle of baku is located in that city , the capital of azerbaijan . the leader of the country , artur rasizade is head of the national assembly .","# Output
| id | sbj | pred | obj_d | obj_i | sig | adv/cl/comp/sent |
| - | - | - | - | - | - | - |
| #0 | the turkish martyrs memorial | is dedicated | - | to ottoman army soldiers killed in the battle of baku | - | - |
| #1 | the turkish martyrs memorial | is located | - | in Baku | - | - |
| #2 | Baku | is | the capital | of Azerbaijan | - | - |
| #3 | Artur Rasizade | is the leader | - | of the country | - | - |
| #4 | Artur Rasizade | is head | of the national assembly | - | - |","# Output
| id | sbj | pred | obj_d | obj_i | sig | adv/cl/comp/sent |
| - | - | - | - | - | - | - |
| #0 | the Turkish Martyrs Memorial | is dedicated to | Ottoman army soldiers | - | - | - |
| #1 | Ottoman army soldiers | were killed | - | in the Battle of Baku | - | - |
| #2 | the Turkish Martyrs Memorial | is located | - | in Baku | - | - |
| #3 | Baku | is | the capital of Azerbaijan | - | - | - |
| #4 | Artur Rasizade | is | the leader of the country | - | - | - |
| #5 | Artur Rasizade | is head of | the National Assembly | - | - | - |","# Output
| id | sbj | pred | obj_d | obj_i | sig | adv/cl/comp/sent |
| - | - | - | - | - | - | - |
| #0 | the Turkish Martyrs Memorial | is dedicated to | Ottoman army soldiers | - | - | - |
| #1 | Ottoman army soldiers | were killed | - | in the Battle of Baku | - | - |
| #2 | the Turkish Martyrs Memorial | is located | - | in Baku | - | - |
| #3 | Baku | is | the capital of Azerbaijan | - | - | - |
| #4 | Artur Rasizade | is | the leader of the country | - | - | - |
| #5 | Artur Rasizade | is head of | the National Assembly | - | - | - |"
reference1,129,"president of turkey is the official title of the turkish leader and his name is ahmet davutoglu . turkey ' s capital is ankara and its largest city is istanbul . the ataturk monument is located in izmir , turkey .","# Output
| id | sbj | pred | obj_d | obj_i | sig | adv/cl/comp/sent |
| - | - | - | - | - | - | - |
| #0 | president of turkey | is | the official title of the turkish leader | - | - | - |
| #1 | president of turkey | has name | ahmet davutoglu | - | - | - |
| #2 | turkey | has capital | ankara | - | - | - |
| #3 | turkey | has largest city | istanbul | - | - | - |
| #4 | the Ataturk monument | is located | - | in izmir, turkey | - | - |","# Output
| id | sbj | pred | obj_d | obj_i | sig | adv/cl/comp/sent |
| - | - | - | - | - | - | - |
| #0 | president of turkey | is | the official title of the turkish leader | - | - | - |
| #1 | his name | is | ahmet davutoglu | - | - | - |
| #2 | turkey | has capital | ankara | - | - | - |
| #3 | turkey | has largest city | istanbul | - | - | - |
| #4 | the ataturk monument | is located | - | in izmir, turkey | - | - |","# Output
| id | sbj | pred | obj_d | obj_i | sig | adv/cl/comp/sent |
| - | - | - | - | - | - | - |
| #0 | president of turkey | is | the official title of the turkish leader | - | - | - |
| #1 | ahmet davutoglu | is | president of turkey | - | - | - |
| #2 | turkey | has capital | ankara | - | - | - |
| #3 | turkey | has largest city | istanbul | - | - | - |
| #4 | the ataturk monument | is located in | izmir, turkey | - | - | - |"
reference1,130,"kerala state which has mahe , india to it ' s northwest is also the home of the awh engineering college . the college was established in 2001 in the city of kuttikkattoor and currently has 250 members of staff .","# Output
| id | sbj | pred | obj_d | obj_i | sig | adv/cl/comp/sent |
| - | - | - | - | - | - | - |
| #0 | Kerala state | has | Mahe, India | to its northwest | - | - |
| #1 | Kerala state | is | the home of the AWH Engineering College | - | - | - |
| #2 | the AWH Engineering College | was established | - | in the city of Kuttikkattoor | - | in 2001 |
| #3 | the AWH Engineering College | currently has | 250 members of staff | - | - | - |","| id | sbj | pred | obj_d | obj_i | sig | adv/cl/comp/sent |
| - | - | - | - | - | - | - |
| #0 | Kerala state | has | Mahe, India | to its northwest | - | - |
| #1 | Kerala state | is | the home of the AWH Engineering College | - | - | - |
| #2 | the AWH Engineering College | was established | - | in 2001 | in | the city of Kuttikkattoor |
| #3 | the AWH Engineering College | currently has | 250 members of staff | - | - | - |","| id | sbj | pred | obj_d | obj_i | sig | adv/cl/comp/sent |
| - | - | - | - | - | - | - |
| #0 | Kerala state | has | Mahe, India | to its northwest | - | - |
| #1 | Kerala state | is | the home of the AWH Engineering College | - | - | - |
| #2 | the AWH Engineering College | was established | - | in 2001 | in | the city of Kuttikkattoor |
| #3 | the AWH Engineering College | currently has | 250 members of staff | - | - | - |"
reference1,132,mols is situated to the northeast of aarhus which has the magistrate type of government . the city of aarhus is the location of the school of business and social sciences at the aarhus university which is affiliated with the european university association headquartered in brussels .,"| id | sbj | pred | obj_d | obj_i | sig | adv/cl/comp/sent |
| - | - | - | - | - | - | - |
| #0 | mols | is situated | - | to the northeast of aarhus | - | - |
| #1 | aarhus | has | the magistrate type of government | - | - | - |
| #2 | the city of aarhus | is the location of | the school of business and social sciences | - | at | the aarhus university |
| #3 | the aarhus university | is affiliated with | the european university association | - | - | - |
| #4 | the european university association | is headquartered | - | in brussels | - | - |","| id | sbj | pred | obj_d | obj_i | sig | adv/cl/comp/sent |
| - | - | - | - | - | - | - |
| #0 | mols | is situated | - | to the northeast of Aarhus | - | - |
| #1 | Aarhus | has | the magistrate type of government | - | - | - |
| #2 | the city of Aarhus | is the location of | the School of Business and Social Sciences | - | - | #3 |
| #3 | the School of Business and Social Sciences | is at | the Aarhus University | - | - | #4 |
| #4 | the Aarhus University | is affiliated with | the European University Association | - | - | #5 |
| #5 | the European University Association | is headquartered | - | in Brussels | - | - |","| id | sbj | pred | obj_d | obj_i | sig | adv/cl/comp/sent |
| - | - | - | - | - | - | - |
| #0 | mols | is situated | - | to the northeast of Aarhus | - | - |
| #1 | Aarhus | has | the magistrate type of government | - | - | - |
| #2 | the city of Aarhus | is the location of | the School of Business and Social Sciences | - | at | the Aarhus University |
| #3 | the Aarhus University | is affiliated with | the European University Association | - | - | - |
| #4 | the European University Association | is headquartered | - | in Brussels | - | - |"
reference1,133,"baymax is a character who appeared in big hero 6 starring alan tudyk . it was created by steven t seagle and the american , duncan rouleau .","| id | sbj | pred | obj_d | obj_i | sig | adv/cl/comp/sent |
| - | - | - | - | - | - | - |
| #0 | baymax | is a character | - | - | who | #1 |
| #1 | baymax | appeared in | big hero 6 | starring alan tudyk | - | - |
| #2 | baymax | was created by | steven t seagle and duncan rouleau | - | - | - |
| #3 | duncan rouleau | is | the american | - | - | - |","| id | sbj | pred | obj_d | obj_i | sig | adv/cl/comp/sent |
|----|-----|------|-------|-------|-----|-----------------|
| #0 | baymax | is a character | - | - | who | #1 |
| #1 | baymax | appeared in | big hero 6 | starring alan tudyk | - | - |
| #2 | baymax | was created by | steven t seagle and duncan rouleau | - | - | - |
| #3 | duncan rouleau | is | american | - | - | - |","| id | sbj | pred | obj_d | obj_i | sig | adv/cl/comp/sent |
|----|-----|------|-------|-------|-----|-----------------|
| #0 | baymax | is | a character | - | - | - |
| #1 | baymax | appeared | - | in big hero 6 | - | - |
| #2 | big hero 6 | starred | alan tudyk | - | - | - |
| #3 | baymax | was created | - | by steven t seagle and duncan rouleau | - | - |
| #4 | duncan rouleau | is | the american | - | - | - |"
reference1,134,the manager of a . c . lumezzane is michele marcolini who has played for f . c . bari 1908 and vicenza calcio . a . c . lumezzane ' s ground is in italy where the leader is pietro grasso .,"| id | sbj | pred | obj_d | obj_i | sig | adv/cl/comp/sent |
| - | - | - | - | - | - | - |
| #0 | the manager of A.C. Lumezzane | is | Michele Marcolini | - | - | - |
| #1 | Michele Marcolini | has played for | F.C. Bari 1908 | - | - | - |
| #2 | Michele Marcolini | has played for | Vicenza Calcio | - | - | - |
| #3 | A.C. Lumezzane | has ground | - | in Italy | where | the leader is Pietro Grasso |
| #4 | Pietro Grasso | is | the leader | in Italy | - | - |","| id | sbj | pred | obj_d | obj_i | sig | adv/cl/comp/sent |
|----|-----|------|-------|-------|-----|-----------------|
| #0 | the manager of A.C. Lumezzane | is | Michele Marcolini | - | - | - |
| #1 | Michele Marcolini | has played for | F.C. Bari 1908 | - | - | - |
| #2 | Michele Marcolini | has played for | Vicenza Calcio | - | - | - |
| #3 | A.C. Lumezzane | has ground | - | in Italy | where | the leader is Pietro Grasso |
| #4 | the leader of Italy | is | Pietro Grasso | - | - | - |","| id | sbj | pred | obj_d | obj_i | sig | adv/cl/comp/sent |
| - | - | - | - | - | - | - |
| #0 | the manager of A.C. Lumezzane | is | Michele Marcolini | - | - | - |
| #1 | Michele Marcolini | has played for | F.C. Bari 1908 | - | - | - |
| #2 | Michele Marcolini | has played for | Vicenza Calcio | - | - | - |
| #3 | A.C. Lumezzane | has ground | - | in Italy | where | the leader is Pietro Grasso |
| #4 | the leader | is | Pietro Grasso | - | in | Italy |"
reference1,135,gus poyet is the manager of aek athens who play at their home ground of the olympic stadium ( athens ) at marousi . he previously played for chelsea fc and is associated with real zaragoza fc .,"| id | sbj          | pred                | obj_d                | obj_i | sig     | adv/cl/comp/sent       |
|----|--------------|---------------------|----------------------|-------|---------|------------------------|
| #0 | Gus Poyet    | is                  | the manager          | of AEK Athens | -       | -                      |
| #1 | AEK Athens   | play                | -                    | at their home ground, the Olympic Stadium (Athens) | - | at Marousi |
| #2 | Gus Poyet    | previously played   | -                    | for Chelsea FC | -       | -                      |
| #3 | Gus Poyet    | is associated       | -                    | with Real Zaragoza FC | -       | -                      |
| #4 | the Olympic Stadium (Athens) | is located | - | at Marousi | - | - |","| id | sbj         | pred            | obj_d        | obj_i | sig     | adv/cl/comp/sent            |
|----|-------------|-----------------|--------------|-------|---------|----------------------------|
| #0 | Gus Poyet   | is              | the manager  | of AEK Athens | -       | -                          |
| #1 | AEK Athens  | play            | -            | at their home ground, the Olympic Stadium (Athens) at Marousi | -       | -                          |
| #2 | Gus Poyet   | previously played | -          | for Chelsea FC | -       | -                          |
| #3 | Gus Poyet   | is associated   | -            | with Real Zaragoza FC | -       | -                          |
| #4 | the Olympic Stadium (Athens) | is located | - | at Marousi | - | - |","| id | sbj        | pred        | obj_d            | obj_i | sig  | adv/cl/comp/sent                |
|----|------------|-------------|------------------|-------|------|---------------------------------|
| #0 | Gus Poyet  | is          | the manager      | of AEK Athens | -    | -                               |
| #1 | AEK Athens | play        | -                | at their home ground of the Olympic Stadium (Athens) at Marousi | -    | -                               |
| #2 | Gus Poyet  | previously played | -          | for Chelsea FC | -    | -                               |
| #3 | Gus Poyet  | is associated | -              | with Real Zaragoza FC | -    | -                               |
| #4 | the Olympic Stadium (Athens) | is located | - | at Marousi | -    | -                               |"
reference1,136,"the ground of a . s . gubbio 1910 is located in italy , where the leader is sergio mattarella and italian is the official language . italians are the people who live in italy , where the capital city is rome .","| id | sbj | pred | obj_d | obj_i | sig | adv/cl/comp/sent |
| - | - | - | - | - | - | - |
| #0 | the ground of A.S. Gubbio 1910 | is located | - | in Italy | - | - |
| #1 | Italy | has leader | Sergio Mattarella | - | - | - |
| #2 | Italy | has official language | Italian | - | - | - |
| #3 | Italians | are | the people | - | who live in | Italy |
| #4 | Italy | has capital city | Rome | - | - | - |","| id | sbj | pred | obj_d | obj_i | sig | adv/cl/comp/sent |
| - | - | - | - | - | - | - |
| #0 | the ground of A.S. Gubbio 1910 | is located | - | in Italy | - | - |
| #1 | Italy | has leader | Sergio Mattarella | - | - | - |
| #2 | Italy | has official language | Italian | - | - | - |
| #3 | Italians | are | the people who live in Italy | - | - | - |
| #4 | Italy | has capital city | Rome | - | - | - |","| id | sbj | pred | obj_d | obj_i | sig | adv/cl/comp/sent |
| - | - | - | - | - | - | - |
| #0 | the ground of A.S. Gubbio 1910 | is located | - | in Italy | - | - |
| #1 | Italy | has leader | Sergio Mattarella | - | - | - |
| #2 | Italy | has official language | Italian | - | - | - |
| #3 | Italians | are | the people | - | who live | in Italy |
| #4 | Italy | has capital city | Rome | - | - | - |"
reference1,137,bhajji ( also called bahjo or bajji ) comes from the karnataka region of india . it contains gram flour and vegetables .,"# Output
| id | sbj | pred | comes from | obj_d | obj_i | sig | adv/cl/comp/sent |
| - | - | - | - | - | - | - | - |
| #0 | bhajji | is also called | bahjo | - | - | - | - |
| #1 | bhajji | is also called | bajji | - | - | - | - |
| #2 | bhajji | comes from | the Karnataka region of India | - | - | - | - |
| #3 | bhajji | contains | gram flour | - | - | - | - |
| #4 | bhajji | contains | vegetables | - | - | - | - |","# Output
| id | sbj | pred | comes from | obj_d | obj_i | sig | adv/cl/comp/sent |
| - | - | - | - | - | - | - | - |
| #0 | bhajji | is also called | bahjo | - | - | - | - |
| #1 | bhajji | is also called | bajji | - | - | - | - |
| #2 | bhajji | comes from | the Karnataka region | - | of | India |
| #3 | bhajji | contains | gram flour | - | - | - | - |
| #4 | bhajji | contains | vegetables | - | - | - | - |","# Output
| id | sbj | pred | comes from | obj_d | obj_i | sig | adv/cl/comp/sent |
| - | - | - | - | - | - | - | - |
| #0 | bhajji | is also called | bahjo | - | - | - | - |
| #1 | bhajji | is also called | bajji | - | - | - | - |
| #2 | bhajji | comes from | the Karnataka region of India | - | - | - | - |
| #3 | bhajji | contains | gram flour | - | - | - | - |
| #4 | bhajji | contains | vegetables | - | - | - | - |"
reference1,138,"batchoy comes from the philippines , whose ethnic groups include the zamboangans and the chinese filipino , and where arabic and philippine spanish are among the languages spoken .","| id | sbj | pred | obj_d | obj_i | sig | adv/cl/comp/sent |
| - | - | - | - | - | - | - |
| #0 | batchoy | comes from | the Philippines | - | - | - |
| #1 | the Philippines | include | the Zamboangans and the Chinese Filipino | among | its ethnic groups |
| #2 | the Philippines | has languages spoken | Arabic and Philippine Spanish | - | among | - |","| id | sbj | pred | obj_d | obj_i | sig | adv/cl/comp/sent |
| - | - | - | - | - | - | - |
| #0 | batchoy | comes from | - | the Philippines | - | - |
| #1 | the Philippines | has ethnic groups | the Zamboangans | - | - | - |
| #2 | the Philippines | has ethnic groups | the Chinese Filipino | - | - | - |
| #3 | the Philippines | has languages spoken | Arabic | - | among | - |
| #4 | the Philippines | has languages spoken | Philippine Spanish | - | among | - |","# Output
| id | sbj | pred | obj_d | obj_i | sig | adv/cl/comp/sent |
| - | - | - | - | - | - | - |
| #0 | batchoy | comes from | the Philippines | - | - | - |
| #1 | the Philippines | include | the Zamboangans | among ethnic groups | - | - |
| #2 | the Philippines | include | the Chinese Filipino | among ethnic groups | - | - |
| #3 | the Philippines | are spoken | Arabic | among languages | - | - |
| #4 | the Philippines | are spoken | Philippine Spanish | among languages | - | - |"
reference1,139,some famous spaniards from spain include felipe vi ( leader of spain ) and susana diaz who is the leader of andalusia where ajoblanco comes from .,"# Output
| id | sbj             | pred         | obj_d      | obj_i | sig   | adv/cl/comp/sent    |
|----|-----------------|--------------|------------|-------|-------|---------------------|
| #0 | some famous spaniards | include     | Felipe VI  | -     | -     | -                   |
| #1 | Felipe VI       | is           | leader     | of Spain | -     | -                   |
| #2 | some famous spaniards | include     | Susana Diaz | -     | -     | -                   |
| #3 | Susana Diaz     | is           | leader     | of Andalusia | -     | -                   |
| #4 | Andalusia       | is where     | -          | -     | -     | ajoblanco comes from |","| id | sbj            | pred       | obj_d            | obj_i | sig   | adv/cl/comp/sent               |
|----|----------------|------------|------------------|-------|-------|-------------------------------|
| #0 | some Spaniards | are famous | -                | from Spain | -     | -                             |
| #1 | Felipe VI      | is         | leader of Spain  | -     | -     | -                             |
| #2 | Susana Diaz    | is         | leader of Andalusia | -  | where | ajoblanco comes from          |
| #3 | ajoblanco      | comes from | Andalusia        | -     | -     | -                             |","| id | sbj | pred | obj_d | obj_i | sig | adv/cl/comp/sent |
| - | - | - | - | - | - | - |
| #0 | some famous Spaniards from Spain | include | Felipe VI | - | - | - |
| #1 | Felipe VI | is | leader | of Spain | - | - |
| #2 | some famous Spaniards from Spain | include | Susana Diaz | - | - | - |
| #3 | Susana Diaz | is | leader | of Andalusia | - | - |
| #4 | Andalusia | is where | ajoblanco | comes from | - | - |"
reference1,140,"alan shepard was on the crew of apollo 14 , which was operated by nasa . he was born in new hampshire , and was warded the united states navy distinguished service medal , which is higher than the department of commerce gold medal .","| id | sbj          | pred        | obj_d                                         | obj_i | sig   | adv/cl/comp/sent             |
|----|--------------|-------------|-----------------------------------------------|-------|-------|-----------------------------|
| #0 | Alan Shepard | was on      | the crew of Apollo 14                         | -     | -     | -                           |
| #1 | Apollo 14    | was operated| -                                             | by    | NASA  | -                           |
| #2 | Alan Shepard | was born    | -                                             | in    | New Hampshire | -                  |
| #3 | Alan Shepard | was awarded | the United States Navy Distinguished Service Medal | -     | -     | -                           |
| #4 | the United States Navy Distinguished Service Medal | is higher than | the Department of Commerce Gold Medal | - | - | - |","| id | sbj          | pred            | obj_d                                        | obj_i | sig    | adv/cl/comp/sent      |
|----|--------------|-----------------|---------------------------------------------|-------|--------|----------------------|
| #0 | Alan Shepard | was on          | the crew of Apollo 14                       | -     | -      | -                    |
| #1 | Apollo 14    | was operated by | NASA                                        | -     | -      | -                    |
| #2 | Alan Shepard | was born in     | New Hampshire                               | -     | -      | -                    |
| #3 | Alan Shepard | was awarded     | the United States Navy Distinguished Service Medal | -     | -      | -                    |
| #4 | the United States Navy Distinguished Service Medal | is higher than | the Department of Commerce Gold Medal | -     | -      | -                    |
| #5 | Alan Shepard | was awarded     | #3                                          | -     | which  | #4                   |","| id | sbj          | pred        | obj_d                                         | obj_i | sig  | adv/cl/comp/sent            |
|----|--------------|-------------|-----------------------------------------------|-------|------|----------------------------|
| #0 | Alan Shepard | was on      | the crew of Apollo 14                         | -     | -    | -                          |
| #1 | Apollo 14    | was operated | -                                             | by    | NASA | -                          |
| #2 | Alan Shepard | was born     | -                                             | in    | New Hampshire | -                          |
| #3 | Alan Shepard | was awarded  | the United States Navy Distinguished Service Medal | -     | -    | -                          |
| #4 | the United States Navy Distinguished Service Medal | is higher than | the Department of Commerce Gold Medal | -     | -    | -                          |"
reference1,141,"buzz aldrin was a united states national . born glen ridge new jersey , who served as a fighter pilot before being a crew member on apollo 11 , program organized by nasa .","| id | sbj        | pred      | obj_d            | obj_i | sig  | adv/cl/comp/sent         |
|----|------------|-----------|------------------|-------|------|--------------------------|
| #0 | buzz aldrin | was       | a United States national | -     | -    | -                        |
| #1 | buzz aldrin | was born  | -                | in    | at   | Glen Ridge, New Jersey   |
| #2 | buzz aldrin | served    | as a fighter pilot | -     | before | being a crew member on Apollo 11 |
| #3 | Apollo 11   | was organized | -            | by    | -    | NASA                      |
| #4 | buzz aldrin | was a crew member | on Apollo 11 | - | -    | -                        |","| id | sbj         | pred        | obj_d          | obj_i | sig  | adv/cl/comp/sent              |
|----|-------------|-------------|----------------|-------|------|------------------------------|
| #0 | buzz aldrin | was         | a national     | -     | of   | the united states            |
| #1 | buzz aldrin | was born    | -              | in    | -    | glen ridge, new jersey       |
| #2 | buzz aldrin | served      | -              | as    | -    | a fighter pilot              |
| #3 | buzz aldrin | was         | a crew member  | -     | on   | apollo 11                    |
| #4 | apollo 11   | was         | a program      | -     | -    | organized by nasa            |
| #5 | nasa        | organized   | apollo 11      | -     | -    | -                            |","| id | sbj         | pred         | obj_d       | obj_i | sig   | adv/cl/comp/sent |
|----|-------------|--------------|-------------|-------|-------|------------------|
| #0 | buzz aldrin | was          | a national  | of the United States | -     | -                |
| #1 | buzz aldrin | was born     | -           | in Glen Ridge, New Jersey | -     | -                |
| #2 | buzz aldrin | served       | as a fighter pilot | -     | before | being a crew member on Apollo 11 |
| #3 | Apollo 11   | was organized | -           | by NASA | -     | -                |
| #4 | buzz aldrin | was a crew member | on Apollo 11 | -     | -     | -                |"
reference1,143,the united states air force is the operating organisation for al asad airbase and was involved in battles at the invasion of grenada and operation enduring freedom . the lockheed ac - 130 attack aircraft and the lockheed c - 130 hercules transporter are planes of the usaf .,"| id | sbj | pred | obj_d | obj_i | sig | adv/cl/comp/sent |
| - | - | - | - | - | - | - |
| #0 | the united states air force | is | the operating organisation | for al asad airbase | - | - |
| #1 | the united states air force | was involved | in battles | at the invasion of grenada | - | - |
| #2 | the united states air force | was involved | in battles | during operation enduring freedom | - | - |
| #3 | the lockheed ac - 130 attack aircraft | is | a plane | of the usaf | - | - |
| #4 | the lockheed c - 130 hercules transporter | is | a plane | of the usaf | - | - |","| id | sbj | pred | obj_d | obj_i | sig | adv/cl/comp/sent |
| - | - | - | - | - | - | - |
| #0 | the united states air force | is | the operating organisation | for al asad airbase | - | - |
| #1 | the united states air force | was involved | in battles | at the invasion of grenada and operation enduring freedom | - | - |
| #2 | the lockheed ac - 130 attack aircraft and the lockheed c - 130 hercules transporter | are | planes | of the usaf | - | - |","| id | sbj | pred | obj_d | obj_i | sig | adv/cl/comp/sent |
| - | - | - | - | - | - | - |
| #0 | the united states air force | is | the operating organisation | for al asad airbase | - | - |
| #1 | the united states air force | was involved in | battles | at the invasion of grenada | - | - |
| #2 | the united states air force | was involved in | battles | during operation enduring freedom | - | - |
| #3 | the lockheed ac - 130 attack aircraft | is | a plane | of the usaf | - | - |
| #4 | the lockheed c - 130 hercules transporter | is | a plane | of the usaf | - | - |"
reference1,144,allama iqbal international airport in pakistan is governed by the pakistan civil aviation authority and serves the city of lahore . the airport runway is named 18l / 36r and has a length of 3310 .,"| id | sbj | pred | obj_d | obj_i | sig | adv/cl/comp/sent |
| - | - | - | - | - | - | - |
| #0 | allama iqbal international airport | is located in | Pakistan | - | - | - |
| #1 | allama iqbal international airport | is governed by | the pakistan civil aviation authority | - | - | - |
| #2 | allama iqbal international airport | serves | the city of lahore | - | - | - |
| #3 | the airport runway | is named | 18L / 36R | - | - | - |
| #4 | the airport runway | has a length of | 3310 | - | - | - |","| id | sbj | pred | obj_d | obj_i | sig | adv/cl/comp/sent |
| - | - | - | - | - | - | - |
| #0 | allama iqbal international airport | is located in | Pakistan | - | - | - |
| #1 | allama iqbal international airport | is governed by | the pakistan civil aviation authority | - | - | - |
| #2 | allama iqbal international airport | serves | the city of lahore | - | - | - |
| #3 | the airport runway | is named | 18L / 36R | - | - | - |
| #4 | the airport runway | has a length of | 3310 | - | - | - |","| id | sbj | pred | obj_d | obj_i | sig | adv/cl/comp/sent |
| - | - | - | - | - | - | - |
| #0 | allama iqbal international airport | is located in | Pakistan | - | - | - |
| #1 | allama iqbal international airport | is governed by | the pakistan civil aviation authority | - | - | - |
| #2 | allama iqbal international airport | serves | the city of lahore | - | - | - |
| #3 | the airport runway | is named | 18L/36R | - | - | - |
| #4 | the airport runway | has a length of | 3310 | - | - | - |"
reference1,145,"athens international airport serves the city of athens , greece where the spoken language is greek . two leaders of greece are alexis tsipras and prokopis pavlopoulos .","| id | sbj | pred | obj_d | obj_i | sig | adv/cl/comp/sent |
|----|-----|------|-------|-------|-----|-----------------|
| #0 | athens international airport | serves | the city of athens | - | - | - |
| #1 | the city of athens | is | - | in | greece | - |
| #2 | the spoken language | is | greek | in | the city of athens | where |
| #3 | greece | has leaders | alexis tsipras and prokopis pavlopoulos | - | - | - |","| id | sbj | pred | obj_d | obj_i | sig | adv/cl/comp/sent |
|----|-----|------|-------|-------|-----|-----------------|
| #0 | athens international airport | serves | - | the city of athens, greece | where | the spoken language is greek |
| #1 | greece | has leaders | alexis tsipras and prokopis pavlopoulos | - | - | - |
| #2 | the city of athens, greece | has spoken language | greek | - | - | - |","| id | sbj | pred | obj_d | obj_i | sig | adv/cl/comp/sent |
|----|-----|------|-------|-------|-----|-----------------|
| #0 | athens international airport | serves | the city of athens | - | - | - |
| #1 | the city of athens | is located in | greece | - | - | - |
| #2 | greece | has spoken language | greek | - | where | the spoken language is greek |
| #3 | greece | has leaders | alexis tsipras and prokopis pavlopoulos | - | - | - |
| #4 | alexis tsipras | is | a leader of greece | - | - | - |
| #5 | prokopis pavlopoulos | is | a leader of greece | - | - | - |"
reference1,146,"200 public square completed in 1985 is in cleveland ( part of cuyahoga county ) in ohio , u . s .","# Output
| id | sbj            | pred      | obj_d | obj_i | sig | adv/cl/comp/sent          |
|----|----------------|-----------|-------|-------|-----|---------------------------|
| #0 | 200 Public Square | was completed | -     | -    | in  | 1985                    |
| #1 | 200 Public Square | is in    | Cleveland | -    | -   | -                        |
| #2 | Cleveland       | is part of | Cuyahoga County | -    | -   | -                        |
| #3 | 200 Public Square | is in    | Ohio     | -    | -   | -                        |
| #4 | Ohio            | is in    | U.S.     | -    | -   | -                        |","# Output
| id | sbj              | pred      | obj_d | obj_i | sig | adv/cl/comp/sent         |
|----|------------------|-----------|-------|-------|-----|--------------------------|
| #0 | 200 Public Square | completed | -     | -     | in  | 1985                    |
| #1 | 200 Public Square | is in     | Cleveland | -   | -   | -                      |
| #2 | Cleveland         | is part of| Cuyahoga County | - | - | -                    |
| #3 | 200 Public Square | is in     | Ohio   | -     | -   | -                       |
| #4 | 200 Public Square | is in     | U.S.   | -     | -   | -                       |","# Output
| id | sbj             | pred      | obj_d | obj_i | sig | adv/cl/comp/sent                |
|----|-----------------|-----------|-------|-------|-----|---------------------------------|
| #0 | 200 Public Square | was completed | -     | -     | in  | 1985                          |
| #1 | 200 Public Square | is in    | Cleveland | -     | -   | -                             |
| #2 | Cleveland        | is part of | Cuyahoga County | - | -   | -                             |
| #3 | 200 Public Square | is in    | Ohio    | -     | -   | -                             |
| #4 | Ohio             | is in    | U.S.    | -     | -   | -                             |"
reference1,147,"marriott international , founded in washington dc , is a tenant of ac hotel bella sky located in copenhagen , denmark ( which is led by lars lokke rasmussen and has greenlandic as a spoken language ) .","# Output
| id | sbj                 | pred      | obj_d                    | obj_i | sig   | adv/cl/comp/sent       |
|----|---------------------|-----------|--------------------------|-------|-------|------------------------|
| #0 | marriott international | was founded | -                        | in washington dc | -     | -                      |
| #1 | marriott international | is a tenant | of ac hotel bella sky    | -     | -     | located in copenhagen, denmark |
| #2 | copenhagen, denmark | is located | -                        | in    | -     | -                      |
| #3 | copenhagen, denmark | is led     | -                        | by lars lokke rasmussen | -     | -                      |
| #4 | copenhagen, denmark | has        | greenlandic              | -     | as    | a spoken language      |","# Output
| id | sbj                  | pred        | obj_d                | obj_i | sig     | adv/cl/comp/sent |
|----|----------------------|-------------|----------------------|-------|---------|------------------|
| #0 | marriott international | was founded | -                    | in washington dc | -       | -                |
| #1 | marriott international | is a tenant | of ac hotel bella sky | -     | -       | -                |
| #2 | ac hotel bella sky    | is located  | -                    | in copenhagen, denmark | -       | -                |
| #3 | copenhagen, denmark   | is led      | -                    | by lars lokke rasmussen | -       | -                |
| #4 | copenhagen, denmark   | has         | greenlandic          | -     | as      | a spoken language |","# Output
| id | sbj                     | pred       | obj_d                | obj_i | sig      | adv/cl/comp/sent |
|----|-------------------------|------------|----------------------|-------|----------|------------------|
| #0 | marriott international  | was founded| -                    | in washington dc | - | - |
| #1 | marriott international  | is a tenant| of ac hotel bella sky| -     | -        | located in copenhagen, denmark |
| #2 | ac hotel bella sky      | is located | -                    | in copenhagen, denmark | - | - |
| #3 | copenhagen, denmark     | is led     | -                    | by lars lokke rasmussen | - | - |
| #4 | copenhagen, denmark     | has        | greenlandic          | as a spoken language | - | - |"
reference1,148,"the akita museum of art is located in akita , akita , which is part of akita prefecture , japan . the museum has 3 floors and its address is 1 - 4 - 2 nakadori .","| id | sbj                    | pred      | obj_d    | obj_i | sig  | adv/cl/comp/sent                |
|----|------------------------|-----------|----------|-------|------|---------------------------------|
| #0 | the Akita Museum of Art | is located | -        | in Akita, Akita | -    | -                               |
| #1 | Akita, Akita           | is part of | Akita Prefecture | -    | -    | -                               |
| #2 | Akita Prefecture       | is in     | Japan    | -     | -    | -                               |
| #3 | the Akita Museum of Art | has       | 3 floors | -     | -    | -                               |
| #4 | the Akita Museum of Art | has address | 1-4-2 Nakadori | - | -    | -                               |","# Output
| id | sbj                    | pred      | obj_d | obj_i | sig  | adv/cl/comp/sent                 |
|----|------------------------|-----------|-------|-------|------|----------------------------------|
| #0 | the akita museum of art | is located | -     | in akita, akita | -    | -                                |
| #1 | akita, akita            | is part of | akita prefecture | -    | -    | -                                |
| #2 | the akita museum of art | has        | 3 floors | -    | -    | -                                |
| #3 | the akita museum of art | has address | 1-4-2 nakadori | -    | -    | -                                |","| id | sbj                   | pred     | obj_d      | obj_i | sig  | adv/cl/comp/sent            |
|----|-----------------------|----------|------------|-------|------|-----------------------------|
| #0 | the akita museum of art | is located | -          | in Akita, Akita | -    | -                           |
| #1 | Akita, Akita           | is part of | Akita prefecture | -     | -    | -                           |
| #2 | Akita prefecture       | is in     | -          | Japan | -    | -                           |
| #3 | the akita museum of art | has       | 3 floors   | -     | -    | -                           |
| #4 | the akita museum of art | has       | its address | -     | -    | 1-4-2 Nakadori              |"
reference1,149,"airey neave was born in knightsbridge , london .","| id | sbj       | pred | obj_d | obj_i | sig | adv/cl/comp/sent     |
|----|-----------|------|-------|-------|-----|----------------------|
| #0 | airey neave | was born | -     | in knightsbridge, london | -   | -                        |","| id | sbj       | pred  | obj_d | obj_i | sig | adv/cl/comp/sent       |
|----|-----------|-------|-------|-------|-----|------------------------|
| #0 | airey neave | was born | -     | in knightsbridge, london | -   | -                          |","| id | sbj       | pred     | obj_d | obj_i | sig | adv/cl/comp/sent       |
|----|-----------|----------|-------|-------|-----|------------------------|
| #0 | airey neave | was born | -     | in knightsbridge, London | -   | -                      |"
reference1,150,alvah sabin belongs to the whig party ( united states ) .,"| id | sbj       | pred    | obj_d | obj_i | sig | adv/cl/comp/sent |
|----|-----------|---------|-------|-------|-----|-----------------|
| #0 | Alvah Sabin | belongs to | the Whig Party | -   | -   | -               |
| #1 | the Whig Party | is | - | in the United States | - | - |","| id | sbj       | pred    | obj_d | obj_i | sig | adv/cl/comp/sent |
|----|-----------|---------|-------|-------|-----|------------------|
| #0 | Alvah Sabin | belongs to | the Whig Party | -   | -   | -                  |
| #1 | the Whig Party | is in | the United States | -   | -   | -                  |","| id | sbj       | pred   | obj_d | obj_i | sig | adv/cl/comp/sent |
|----|-----------|--------|-------|-------|-----|------------------|
| #0 | Alvah Sabin | belongs to | the Whig Party | - | - | - |
| #1 | the Whig Party | is | - | in | the United States | - |"
reference1,151,juan peron belongs to the labour party in argentina .,"| id | sbj       | pred       | obj_d           | obj_i | sig | adv/cl/comp/sent |
|----|-----------|------------|-----------------|-------|-----|------------------|
| #0 | Juan Peron | belongs to | the Labour Party | in Argentina | -   | -                |","| id | sbj      | pred       | obj_d          | obj_i | sig | adv/cl/comp/sent |
|----|----------|------------|----------------|-------|-----|------------------|
| #0 | Juan Peron | belongs to | the Labour Party | in Argentina | -   | -                |","| id | sbj       | pred      | obj_d        | obj_i | sig | adv/cl/comp/sent  |
|----|-----------|-----------|--------------|-------|-----|------------------|
| #0 | Juan Peron| belongs to| the Labour Party | in Argentina | -   | -                |"
reference1,153,the related transport to the alfa romeo 164 is the lancia thema .,"| id | sbj | pred | is related to | obj_d | obj_i | sig | adv/cl/comp/sent |
|----|-----|------|---------------|-------|-------|-----|-----------------|
| #0 | the transport | is related to | the Lancia Thema | - | - | - | - |
| #1 | the transport | is related to | the Alfa Romeo 164 | - | - | - | - |","| id | sbj | pred | is related to | obj_d | obj_i | sig | adv/cl/comp/sent |
| - | - | - | - | - | - | - | - |
| #0 | the transport | is related to | the Lancia Thema | - | - | - | - |
| #1 | the transport | is related to | the Alfa Romeo 164 | - | - | - | - |","| id | sbj                | pred      | obj_d        | obj_i | sig     | adv/cl/comp/sent |
|----|--------------------|-----------|--------------|-------|---------|------------------|
| #0 | the transport      | is related | the Lancia Thema | to    | -       | -                |
| #1 | the transport      | is        | to the Alfa Romeo 164 | -     | -       | -                |"
reference1,154,the united states has an ethnic group called native americans .,"# Output
| id | sbj             | pred      | obj_d            | obj_i | sig | adv/cl/comp/sent |
|----|-----------------|-----------|------------------|-------|-----|------------------|
| #0 | the united states | has       | an ethnic group  | -     | -   | -                |
| #1 | an ethnic group | is called | native americans | -     | -   | -                |","# Output
| id | sbj             | pred        | obj_d            | obj_i | sig | adv/cl/comp/sent |
|----|-----------------|-------------|------------------|-------|-----|------------------|
| #0 | the united states | has         | an ethnic group  | -     | -   | -                |
| #1 | an ethnic group   | is called   | native americans | -     | -   | -                |","# Output
| id | sbj            | pred         | obj_d            | obj_i | sig | adv/cl/comp/sent |
|----|----------------|--------------|------------------|-------|-----|------------------|
| #0 | the united states | has          | an ethnic group  | -     | -   | -                |
| #1 | an ethnic group   | is called    | native americans | -     | -   | -                |"
reference1,155,abel hernandez plays for the uruguay national football team .,"# Output
| id | sbj            | pred | obj_d                           | obj_i | sig | adv/cl/comp/sent |
|----|----------------|------|---------------------------------|-------|-----|------------------|
| #0 | Abel Hernandez | plays | for the Uruguay national football team | -     | -   | -                |","# Output
| id | sbj           | pred  | obj_d                              | obj_i | sig | adv/cl/comp/sent |
|----|---------------|-------|------------------------------------|-------|-----|------------------|
| #0 | Abel Hernandez | plays | for the Uruguay national football team |       |     |                  |","# Output
| id | sbj           | pred  | obj_d                            | obj_i | sig | adv/cl/comp/sent |
|----|---------------|-------|----------------------------------|-------|-----|------------------|
| #0 | Abel Hernandez | plays | -                                | for the Uruguay national football team | -   | -                |"
reference1,156,basim qasim manages al - zawra ' a sc .,"| id | sbj       | pred    | obj_d        | obj_i | sig | adv/cl/comp/sent |
|----|-----------|---------|--------------|-------|-----|-----------------|
| #0 | basim qasim | manages | al-zawra'a SC | -     | -   | -               |","| id | sbj       | pred    | obj_d       | obj_i | sig | adv/cl/comp/sent |
|----|-----------|---------|-------------|-------|-----|-----------------|
| #0 | basim qasim | manages | al-zawra'a SC | -     | -   | -               |","| id | sbj       | pred    | obj_d      | obj_i | sig | adv/cl/comp/sent |
|----|-----------|---------|------------|-------|-----|------------------|
| #0 | Basim Qasim | manages | Al-Zawra'a SC | -     | -   | -                |"
reference1,157,alessio romagnoli plays for a . s . roma ' s youth team .,"# Output
| id | sbj             | pred | obj_d | obj_i | sig | adv/cl/comp/sent |
|----|-----------------|------|-------|-------|-----|------------------|
| #0 | Alessio Romagnoli | plays for | -     | A.S. Roma's youth team | -   | -                |","| id | sbj             | pred  | obj_d | obj_i | sig | adv/cl/comp/sent |
|----|-----------------|-------|-------|-------|-----|------------------|
| #0 | Alessio Romagnoli | plays for | -     | A.S. Roma's youth team | -   | -                |","| id | sbj             | pred  | obj_d | obj_i | sig | adv/cl/comp/sent |
|----|-----------------|-------|-------|-------|-----|------------------|
| #0 | alessio romagnoli | plays | -     | for a . s . roma ' s youth team | -   | -                |"
reference1,158,abradab ' s background is that of solo singer .,"| id | sbj       | pred | obj_d       | obj_i | sig | adv/cl/comp/sent |
|----|-----------|------|-------------|-------|-----|------------------|
| #0 | abradab   | has  | background  | -     | -   | -                |
| #1 | background| is   | that of solo singer | - | -   | -                |","| id | sbj       | pred        | obj_d       | obj_i | sig | adv/cl/comp/sent          |
|----|-----------|-------------|-------------|-------|-----|---------------------------|
| #0 | abradab   | has background | that of solo singer | -     | -   | -                         |","| id | sbj       | pred       | obj_d      | obj_i | sig | adv/cl/comp/sent |
|----|-----------|------------|------------|-------|-----|------------------|
| #0 | abradab   | has background | that of solo singer | -     | -   | -                |"
reference1,159,"a solo singer is part of aleksandra kovac ' s background , .","# Output
| id | sbj         | pred       | obj_d            | obj_i | sig | adv/cl/comp/sent |
|----|-------------|------------|------------------|-------|-----|------------------|
| #0 | a solo singer | is part of | aleksandra kovac | -     | -   | -                |","# Output
| id | sbj | pred | obj_d | obj_i | sig | adv/cl/comp/sent |
| - | - | - | - | - | - | - |
| #0 | a solo singer | is part of | aleksandra kovac's background | - | - | - |","# Output
| id | sbj         | pred      | obj_d | obj_i | sig | adv/cl/comp/sent |
|----|-------------|-----------|-------|-------|-----|------------------|
| #0 | a solo singer | is part of | -     | aleksandra kovac's background | -   | -                |"
reference1,160,the native people of the united kingdom are known as the british people .,"# Output
| id | sbj | pred | obj_d | obj_i | sig | adv/cl/comp/sent |
| - | - | - | - | - | - | - |
| #0 | the native people of the united kingdom | are known as | the british people | - | - | - |","# Output
| id | sbj | pred | obj_d | obj_i | sig | adv/cl/comp/sent |
| - | - | - | - | - | - | - |
| #0 | the native people of the united kingdom | are known as | the british people | - | - | - |","# Output
| id | sbj | pred | obj_d | obj_i | sig | adv/cl/comp/sent |
| - | - | - | - | - | - | - |
| #0 | the native people of the United Kingdom | are known as | the British people | - | - | - |"
reference1,161,carl a wirtanen discovered ( 29075 ) 1950 da .,"| id | sbj             | pred      | obj_d         | obj_i | sig | adv/cl/comp/sent |
|----|-----------------|-----------|---------------|-------|-----|------------------|
| #0 | Carl A. Wirtanen | discovered | (29075) 1950 DA | -     | -   | -                |","| id | sbj           | pred     | obj_d        | obj_i | sig | adv/cl/comp/sent |
|----|---------------|----------|--------------|-------|-----|------------------|
| #0 | Carl A. Wirtanen | discovered | (29075) 1950 DA | -     | -   | -                |","| id | sbj             | pred       | obj_d         | obj_i | sig | adv/cl/comp/sent |
|----|-----------------|------------|---------------|-------|-----|------------------|
| #0 | carl a wirtanen | discovered | ( 29075 ) 1950 da | -     | -   | -                |"
reference1,162,"the former name of 1001 gaussia is "" 1923 oaa907 xc "" .","| id | sbj            | pred       | obj_d                  | obj_i | sig | adv/cl/comp/sent |
|----|----------------|------------|------------------------|-------|-----|------------------|
| #0 | 1001 Gaussia   | has former name | ""1923 OAA907 XC""    |       |     |                  |","| id | sbj | pred | obj_d | obj_i | sig | adv/cl/comp/sent |
| - | - | - | - | - | - | - |
| #0 | 1001 Gaussia | has former name | ""1923 OAA907 XC"" | - | - | - |","| id | sbj            | pred        | obj_d                   | obj_i | sig | adv/cl/comp/sent |
|----|----------------|-------------|-------------------------|-------|-----|------------------|
| #0 | 1001 Gaussia   | has former name | ""1923 OAA907 XC""      |       |     |                  |"
reference1,163,101 helena has an apoapsis of 441092000 . 0 kilometres .,"# Output
| id | sbj    | pred  | obj_d | obj_i | sig | adv/cl/comp/sent |
|----|--------|-------|-------|-------|-----|------------------|
| #0 | Helena | has   | an apoapsis | -   | of  | 441092000.0 kilometres |","| id | sbj    | pred        | obj_d                    | obj_i | sig | adv/cl/comp/sent |
|----|--------|-------------|--------------------------|-------|-----|------------------|
| #0 | helena | has an apoapsis of | 441092000.0 kilometres |       |     |                  |","# Output
| id | sbj | pred | obj_d | obj_i | sig | adv/cl/comp/sent |
| - | - | - | - | - | - | - |
| #0 | 101 helena | has | an apoapsis of 441092000.0 kilometres | - | - | - |"
reference1,164,aaron s . daggett fought in the battle of gettysburg and was awarded the purple heart .,"| id | sbj                | pred       | obj_d         | obj_i | sig | adv/cl/comp/sent   |
|----|--------------------|------------|---------------|-------|-----|--------------------|
| #0 | aaron s. daggett   | fought     | -             | in the battle of gettysburg | -   | -                  |
| #1 | aaron s. daggett   | was awarded | the purple heart | -   | -   | -                  |","| id | sbj                | pred    | obj_d           | obj_i | sig | adv/cl/comp/sent        |
|----|--------------------|---------|-----------------|-------|-----|-------------------------|
| #0 | Aaron S. Daggett   | fought  | -               | in    | at  | the Battle of Gettysburg |
| #1 | Aaron S. Daggett   | was awarded | the Purple Heart | -     | -   | -                       |","| id | sbj                | pred        | obj_d           | obj_i | sig | adv/cl/comp/sent |
|----|--------------------|-------------|-----------------|-------|-----|-----------------|
| #0 | Aaron S. Daggett   | fought in   | the Battle of Gettysburg | -     | -   | -               |
| #1 | Aaron S. Daggett   | was awarded | the Purple Heart | -     | -   | -               |"
reference1,165,abdulsalami abubakar was born in minna and he attended the technical institute kaduna .,"| id | sbj               | pred       | obj_d | obj_i | sig | adv/cl/comp/sent          |
|----|-------------------|------------|-------|-------|-----|---------------------------|
| #0 | Abdulsalami Abubakar | was born    | -     | in    | Minna                      |
| #1 | he                | attended   | the Technical Institute Kaduna | -    | -   | -                         |","| id | sbj               | pred    | obj_d | obj_i | sig | adv/cl/comp/sent         |
|----|-------------------|---------|-------|-------|-----|--------------------------|
| #0 | abdulsalami abubakar | was born | -     | in minna | -   | -                        |
| #1 | he                | attended | the technical institute | in kaduna | -   | -                        |","| id | sbj                | pred     | obj_d | obj_i | sig | adv/cl/comp/sent      |
|----|--------------------|----------|-------|-------|-----|-----------------------|
| #0 | Abdulsalami Abubakar | was born | -     | in    | -   | Minna                 |
| #1 | Abdulsalami Abubakar | attended | the Technical Institute Kaduna | - | - | - |"
reference1,166,"airey neave fought in the battle of france , the battle where hugo sperrle was the commander .","| id | sbj       | pred     | obj_d | obj_i | sig | adv/cl/comp/sent |
|----|-----------|----------|-------|-------|-----|------------------|
| #0 | airey neave | fought in | the battle of france | - | - | - |
| #1 | the battle of france | was | - | - | where | hugo sperrle was the commander |","| id | sbj       | pred   | obj_d               | obj_i | sig | adv/cl/comp/sent |
|----|-----------|--------|---------------------|-------|-----|------------------|
| #0 | airey neave | fought in | the battle of france | -     | -   | -                |
| #1 | the battle of france | had | hugo sperrle       | as the commander | -   | -                |","| id | sbj       | pred         | obj_d             | obj_i | sig | adv/cl/comp/sent |
|----|-----------|--------------|-------------------|-------|-----|------------------|
| #0 | airey neave | fought in    | the battle of france | -     | -   | -                |
| #1 | the battle of france | was | -                 | -     | where | hugo sperrle was the commander |"
reference1,167,alaa abdul zahra plays for al kharaitiyat sc managed by amar osim .,"| id | sbj             | pred  | obj_d            | obj_i | sig | adv/cl/comp/sent |
|----|-----------------|-------|------------------|-------|-----|------------------|
| #0 | alaa abdul zahra | plays | -                | for al kharaitiyat sc | -   | -                |
| #1 | al kharaitiyat sc | is managed | by amar osim | -     | -   | -                |","| id | sbj             | pred  | obj_d             | obj_i | sig | adv/cl/comp/sent |
|----|-----------------|-------|-------------------|-------|-----|-----------------|
| #0 | alaa abdul zahra | plays | -                 | for al kharaitiyat sc | -   | -               |
| #1 | al kharaitiyat sc | is managed | by amar osim | -     | -   | -               |","| id | sbj             | pred   | obj_d              | obj_i | sig | adv/cl/comp/sent |
|----|-----------------|--------|--------------------|-------|-----|------------------|
| #0 | alaa abdul zahra| plays  | -                  | for al kharaitiyat sc | -   | -                |
| #1 | al kharaitiyat sc| is managed | by amar osim    | -     | -   | -                |"
reference1,168,aleksander barkov jr was born in tampere finland and plays for the florida panthers .,"# Output
| id | sbj                | pred     | obj_d             | obj_i | sig | adv/cl/comp/sent       |
|----|--------------------|----------|-------------------|-------|-----|------------------------|
| #0 | aleksander barkov jr | was born | -                 | in tampere, finland | -   | -                      |
| #1 | aleksander barkov jr | plays    | for the florida panthers | -     | -   | -                      |","# Output
| id | sbj                | pred       | obj_d              | obj_i | sig | adv/cl/comp/sent      |
|----|--------------------|------------|--------------------|-------|-----|-----------------------|
| #0 | aleksander barkov jr | was born   | -                  | in tampere finland | -   | -                     |
| #1 | aleksander barkov jr | plays      | for the florida panthers | -     | -   | -                     |","# Output
| id | sbj                | pred       | obj_d | obj_i | sig | adv/cl/comp/sent       |
|----|--------------------|------------|-------|-------|-----|------------------------|
| #0 | aleksander barkov jr | was born   | -     | in tampere, finland | -   | -                      |
| #1 | aleksander barkov jr | plays      | -     | for the florida panthers | -   | -                      |"
reference1,169,aleksandre guruli plays for fc dinamo batumi managed by levan khomeriki .,"| id | sbj             | pred  | obj_d            | obj_i | sig | adv/cl/comp/sent |
|----|-----------------|-------|------------------|-------|-----|------------------|
| #0 | aleksandre guruli | plays | -                | for fc dinamo batumi | -   | -                |
| #1 | fc dinamo batumi | is managed | -            | by levan khomeriki  | -   | -                |","| id | sbj             | pred   | obj_d            | obj_i | sig | adv/cl/comp/sent |
|----|-----------------|--------|------------------|-------|-----|------------------|
| #0 | aleksandre guruli | plays  | -                | for fc dinamo batumi | -   | -                |
| #1 | fc dinamo batumi  | is managed | by levan khomeriki | -     | -   | -                |","| id | sbj              | pred  | obj_d             | obj_i | sig | adv/cl/comp/sent |
|----|------------------|-------|-------------------|-------|-----|------------------|
| #0 | aleksandre guruli | plays | -                 | for fc dinamo batumi | -   | -                |
| #1 | fc dinamo batumi  | is managed | by levan khomeriki | -   | -   | -                |"
reference1,170,ace wilder is a solo singer who uses the record label warner music group .,"# Output
| id | sbj       | pred          | obj_d                 | obj_i | sig | adv/cl/comp/sent |
|----|-----------|---------------|-----------------------|-------|-----|------------------|
| #0 | ace wilder | is            | a solo singer         | -     | -   | -                |
| #1 | ace wilder | uses          | the record label      | -     | -   | -                |
| #2 | the record label | is     | warner music group    | -     | -   | -                |","# Output
| id | sbj       | pred         | obj_d | obj_i | sig | adv/cl/comp/sent |
|----|-----------|--------------|-------|-------|-----|------------------|
| #0 | Ace Wilder | is           | -     | -     | -   | a solo singer    |
| #1 | Ace Wilder | uses         | the record label | - | -   | -                |
| #2 | the record label | is     | Warner Music Group | - | -   | -                |","# Output
| id | sbj         | pred    | obj_d                | obj_i | sig | adv/cl/comp/sent |
|----|-------------|---------|----------------------|-------|-----|------------------|
| #0 | ace wilder  | is      | a solo singer        | -     | -   | -                |
| #1 | ace wilder  | uses    | the record label     | -     | -   | -                |
| #2 | the record label | is | warner music group | -     | -   | -                |"
reference1,171,solo singer alfredo zitarrosa is a milonga stylist .,"# Output
| id | sbj | pred | obj_d | obj_i | sig | adv/cl/comp/sent |
| - | - | - | - | - | - | - |
| #0 | alfredo zitarrosa | is | a milonga stylist | - | - | - |","# Output
| id | sbj                | pred | obj_d          | obj_i | sig | adv/cl/comp/sent |
|----|--------------------|------|----------------|-------|-----|------------------|
| #0 | solo singer Alfredo Zitarrosa | is  | a milonga stylist | -     | -   | -                |","# Output
| id | sbj | pred | obj_d | obj_i | sig | adv/cl/comp/sent |
| - | - | - | - | - | - | - |
| #0 | Alfredo Zitarrosa | is | a milonga stylist | - | - | - |"
reference1,172,anders osborne genre is rhythm and blues and his record label is rabadash records .,"# Output
| id | sbj           | pred       | obj_d             | obj_i | sig | adv/cl/comp/sent |
|----|---------------|------------|-------------------|-------|-----|------------------|
| #0 | anders osborne | has genre  | rhythm and blues  |       |     |                  |
| #1 | anders osborne | is signed  | rabadash records  | to    |     |                  |","# Output
| id | sbj          | pred       | obj_d            | obj_i | sig | adv/cl/comp/sent |
|----|--------------|------------|------------------|-------|-----|------------------|
| #0 | anders osborne | has genre  | rhythm and blues |       |     |                  |
| #1 | anders osborne | is signed to | rabadash records |       |     |                  |","# Output
| id | sbj          | pred        | obj_d             | obj_i | sig | adv/cl/comp/sent |
|----|--------------|-------------|-------------------|-------|-----|------------------|
| #0 | anders osborne | genre is    | rhythm and blues  | -     | -   | -                |
| #1 | anders osborne | record label is | rabadash records | -     | -   | -                |"
reference1,173,james craig watson who discovered 101 helena died of peritonitis .,"| id | sbj | pred | obj_d | obj_i | sig | adv/cl/comp/sent |
|----|-----|------|-------|-------|-----|-----------------|
| #0 | James Craig Watson | discovered | 101 Helena | - | - | - |
| #1 | James Craig Watson | died | - | of peritonitis | - | - |
| #2 | 101 Helena | is | - | - | - | - |","| id | sbj | pred | obj_d | obj_i | sig | adv/cl/comp/sent |
| - | - | - | - | - | - | - |
| #0 | james craig watson | discovered | 101 helena | - | - | - |
| #1 | james craig watson | died | - | of peritonitis | - | - |","| id | sbj | pred | obj_d | obj_i | sig | adv/cl/comp/sent |
| - | - | - | - | - | - | - |
| #0 | james craig watson | discovered | 101 helena | - | - | - |
| #1 | james craig watson | died | - | of peritonitis | - | - |
| #2 | james craig watson | who | - | - | - | #0 |"
reference1,174,"103 hera was discovered by james craig watson , who later died from peritonitis .","| id | sbj | pred | obj_d | obj_i | sig | adv/cl/comp/sent |
|----|-----|------|-------|-------|-----|-----------------|
| #0 | 103 Hera | was discovered | - | by James Craig Watson | - | - |
| #1 | James Craig Watson | later died | from peritonitis | - | - | - |","| id | sbj               | pred      | obj_d | obj_i | sig | adv/cl/comp/sent |
|----|-------------------|-----------|-------|-------|-----|------------------|
| #0 | 103 hera          | was discovered | -     | by james craig watson | -   | -                |
| #1 | james craig watson | later died | from peritonitis | -   | -   | -                |","| id | sbj | pred | obj_d | obj_i | sig | adv/cl/comp/sent |
| - | - | - | - | - | - | - |
| #0 | 103 hera | was discovered by | james craig watson | - | - | - |
| #1 | james craig watson | later died from | peritonitis | - | - | - |"
reference1,175,the celestial body known as 110 lydia has an orbital period of 142603000 and an epoch date of 31 december 2006 .,"| id | sbj | pred | obj_d | obj_i | sig | adv/cl/comp/sent |
| - | - | - | - | - | - | - |
| #0 | 110 Lydia | has | an orbital period of 142603000 | - | - | - |
| #1 | 110 Lydia | has | an epoch date | of 31 December 2006 | - | - |","| id | sbj | pred | obj_d | obj_i | sig | adv/cl/comp/sent |
| - | - | - | - | - | - | - |
| #0 | 110 Lydia | has | an orbital period of 142603000 | - | - | - |
| #1 | 110 Lydia | has | an epoch date | of | 31 December 2006 |","| id | sbj | pred | obj_d | obj_i | sig | adv/cl/comp/sent |
| - | - | - | - | - | - | - |
| #0 | 110 Lydia | is known as | the celestial body | - | - | - |
| #1 | 110 Lydia | has | an orbital period of 142603000 | - | - | - |
| #2 | 110 Lydia | has | an epoch date | of 31 December 2006 | - | - |"
reference1,176,"aida cruises , located in rostock , are the operator of the ship aidaluna .","# Output
| id | sbj         | pred    | obj_d    | obj_i | sig    | adv/cl/comp/sent        |
|----|-------------|---------|----------|-------|--------|-------------------------|
| #0 | aida cruises| are     | -        | -     | in     | rostock                 |
| #1 | aida cruises| are     | operator | -     | of     | the ship aidaluna       |
| #2 | the ship    | is      | aidaluna | -     | -      | -                       |","# Output
| id | sbj        | pred      | obj_d    | obj_i | sig    | adv/cl/comp/sent       |
|----|------------|-----------|----------|-------|--------|------------------------|
| #0 | aida cruises | are located | -        | in    | -      | rostock                |
| #1 | aida cruises | are the operator | -        | of    | -      | the ship aidaluna     |
| #2 | the ship aidaluna | has operator | aida cruises | -    | -      | -                    |","# Output
| id | sbj        | pred       | obj_d    | obj_i | sig     | adv/cl/comp/sent               |
|----|------------|------------|----------|-------|---------|--------------------------------|
| #0 | aida cruises | are located | -        | in    | -       | rostock                        |
| #1 | aida cruises | are         | operator | of    | -       | the ship aidaluna              |"
reference1,177,the airbus group is the parent company of airbus defence and space who manufactured the ariane 5 .,"| id | sbj | pred | obj_d | obj_i | sig | adv/cl/comp/sent |
|----|-----|------|-------|-------|-----|-----------------|
| #0 | the airbus group | is | the parent company | of airbus defence and space | - | - |
| #1 | airbus defence and space | manufactured | the ariane 5 | - | - | - |","| id | sbj | pred | obj_d | obj_i | sig | adv/cl/comp/sent |
|----|-----|------|-------|-------|-----|-----------------|
| #0 | the airbus group | is | the parent company | of airbus defence and space | - | - |
| #1 | airbus defence and space | manufactured | the ariane 5 | - | - | - |","| id | sbj                | pred        | obj_d                | obj_i | sig | adv/cl/comp/sent |
|----|--------------------|-------------|----------------------|-------|-----|------------------|
| #0 | the airbus group   | is          | the parent company   | of airbus defence and space | - | - |
| #1 | airbus defence and space | manufactured | the ariane 5        | -     | -   | -                |"
reference1,178,"the final flight of atlas ii , which has a diameter of 3 . 04m , was on 16 march 1998 .","# Output
| id | sbj | pred | obj_d | obj_i | sig | adv/cl/comp/sent |
| - | - | - | - | - | - | - |
| #0 | the final flight of atlas ii | was | - | on | 16 March 1998 |
| #1 | atlas ii | has | a diameter of 3.04m | - | - | - |","# Output
| id | sbj | pred | obj_d | obj_i | sig | adv/cl/comp/sent |
| - | - | - | - | - | - | - |
| #0 | the final flight of atlas ii | was | - | on | 16 march 1998 |
| #1 | atlas ii | has | a diameter of 3.04m | - | - | - |","# Output
| id | sbj | pred | obj_d | obj_i | sig | adv/cl/comp/sent |
| - | - | - | - | - | - | - |
| #0 | the final flight of atlas ii | was | - | on | 16 march 1998 |
| #1 | atlas ii | has | a diameter of 3.04m | - | - | - |"
reference1,179,"leon trotsky was a commander in the polish - soviet war , part of the russian civil war military conflict in which adam koc was involved .","# Output
| id | sbj         | pred        | obj_d | obj_i | sig | adv/cl/comp/sent |
|----|-------------|-------------|-------|-------|-----|------------------|
| #0 | leon trotsky| was         | a commander | in the polish-soviet war | - | - |
| #1 | the polish-soviet war | was part of | the russian civil war military conflict | - | - | - |
| #2 | adam koc    | was involved | - | in the russian civil war military conflict | - | - |","# Output
| id | sbj         | pred      | obj_d | obj_i | sig | adv/cl/comp/sent |
|----|-------------|-----------|-------|-------|-----|------------------|
| #0 | leon trotsky| was       | a commander | in the polish - soviet war | - | - |
| #1 | the polish - soviet war | was part of | the russian civil war military conflict | - | - | - |
| #2 | adam koc    | was involved | - | in the russian civil war military conflict | - | - |","# Output
| id | sbj         | pred        | obj_d  | obj_i | sig | adv/cl/comp/sent |
|----|-------------|-------------|--------|-------|-----|------------------|
| #0 | leon trotsky| was         | a commander | in the polish - soviet war | - | - |
| #1 | the polish - soviet war | was part of | the russian civil war military conflict | - | - | - |
| #2 | adam koc    | was involved| - | in the russian civil war military conflict | - | - |"
reference1,180,agnes kant was born in west germany . she was a member of the house of representatives and her alma mater was radboud university in nijmegen .,"# Output
| id | sbj       | pred        | obj_d                 | obj_i | sig | adv/cl/comp/sent |
|----|-----------|-------------|-----------------------|-------|-----|------------------|
| #0 | agnes kant | was born    | -                     | in west germany | -   | -                |
| #1 | agnes kant | was         | a member              | of the house of representatives | -   | -                |
| #2 | agnes kant | had         | radboud university    | as her alma mater | in  | nijmegen         |","# Output
| id | sbj       | pred        | obj_d               | obj_i | sig | adv/cl/comp/sent |
|----|-----------|-------------|---------------------|-------|-----|------------------|
| #0 | agnes kant | was born    | -                   | in west germany | -   | -                |
| #1 | agnes kant | was         | a member            | of the house of representatives | -   | -                |
| #2 | agnes kant | had         | radboud university  | as her alma mater | in  | nijmegen         |","# Output
| id | sbj       | pred        | obj_d                     | obj_i | sig | adv/cl/comp/sent |
|----|-----------|-------------|---------------------------|-------|-----|------------------|
| #0 | agnes kant| was born    | -                         | in west germany | -   | -                |
| #1 | agnes kant| was         | a member of the house of representatives | -   | -   | -                |
| #2 | agnes kant| had         | alma mater                | -     | -   | #3               |
| #3 | alma mater| was         | radboud university        | in nijmegen | -   | -                |"
reference1,181,"albert jennings fountain was born in staten island , new york city and died in new mexico territory .","| id | sbj                    | pred       | obj_d | obj_i | sig | adv/cl/comp/sent |
|----|------------------------|------------|-------|-------|-----|------------------|
| #0 | Albert Jennings Fountain | was born   | -     | in Staten Island, New York City | -   | -                |
| #1 | Albert Jennings Fountain | died       | -     | in New Mexico Territory | -   | -                |","| id | sbj                   | pred     | obj_d | obj_i | sig | adv/cl/comp/sent      |
|----|-----------------------|----------|-------|-------|-----|-----------------------|
| #0 | albert jennings fountain | was born | -     | in    | -   | staten island, new york city |
| #1 | albert jennings fountain | died     | -     | in    | -   | new mexico territory  |","| id | sbj                     | pred      | obj_d | obj_i | sig | adv/cl/comp/sent |
|----|-------------------------|-----------|-------|-------|-----|-----------------|
| #0 | albert jennings fountain | was born  | -     | in    | -   | staten island, new york city |
| #1 | albert jennings fountain | died      | -     | in    | -   | new mexico territory |"
reference1,182,nr pogson was an english national who was born in nottingham and discovered 107 camilla .,"| id | sbj        | pred        | obj_d     | obj_i | sig | adv/cl/comp/sent |
|----|------------|-------------|-----------|-------|-----|------------------|
| #0 | nr pogson  | was         | an english national | -   | -   | -                |
| #1 | nr pogson  | was born    | -         | in nottingham | -   | -                |
| #2 | nr pogson  | discovered  | 107 camilla | -   | -   | -                |","| id | sbj          | pred         | obj_d     | obj_i | sig | adv/cl/comp/sent |
|----|--------------|--------------|-----------|-------|-----|------------------|
| #0 | nr pogson    | was          | -         | -     | -   | an english national |
| #1 | nr pogson    | was born     | -         | in    | Nottingham |
| #2 | nr pogson    | discovered   | 107 camilla | -     | -   | -                |","| id | sbj         | pred          | obj_d     | obj_i | sig | adv/cl/comp/sent       |
|----|-------------|---------------|-----------|-------|-----|------------------------|
| #0 | nr pogson   | was           | -         | -     | -   | an english national    |
| #1 | nr pogson   | was born      | -         | in    | Nottingham              |
| #2 | nr pogson   | discovered    | 107 camilla | -   | -   | -                      |"
reference1,183,"weighing 7 . 5kgs , 109 felicitas , has an epoch date of december 31st 2006 , and its orbital period is , 139705000 . 0 .","| id | sbj           | pred           | obj_d         | obj_i | sig | adv/cl/comp/sent             |
|----|---------------|----------------|---------------|-------|-----|-----------------------------|
| #0 | 109 felicitas | has epoch date | December 31st 2006 | -     | -   | -                           |
| #1 | 109 felicitas | has weight     | 7.5kgs        | -     | -   | -                           |
| #2 | 109 felicitas | has orbital period | 139705000.0 seconds | -   | -   | -                           |","| id | sbj          | pred        | obj_d        | obj_i | sig | adv/cl/comp/sent      |
|----|--------------|-------------|--------------|-------|-----|-----------------------|
| #0 | 109 felicitas| is weighing | 7.5kgs       | -     | -   | -                     |
| #1 | 109 felicitas| has         | an epoch date| -     | on  | December 31st 2006    |
| #2 | 109 felicitas| has         | orbital period| -    | -   | 139705000.0           |","| id | sbj         | pred              | obj_d         | obj_i | sig | adv/cl/comp/sent        |
|----|-------------|-------------------|---------------|-------|-----|-------------------------|
| #0 | 109 felicitas | has               | an epoch date | -     | on  | December 31st 2006      |
| #1 | 109 felicitas | has               | an orbital period | - | -   | 139705000.0            |
| #2 | 109 felicitas | weighs            | 7.5kgs        | -     | -   | -                       |"
reference1,184,"110 lydia has a mass of 6 . 7 kg , a periapsis of 377016000000 . 0 , and has an epoch date of december 31st , 2006 .","# Output
| id | sbj   | pred            | obj_d | obj_i | sig | adv/cl/comp/sent |
|----|-------|-----------------|-------|-------|-----|------------------|
| #0 | lydia | has a mass      | 6.7 kg | -     | -   | -                |
| #1 | lydia | has a periapsis | 377016000000.0 | - | -   | -                |
| #2 | lydia | has an epoch date | December 31st, 2006 | - | -   | -                |","# Output
| id | sbj   | pred         | obj_d | obj_i | sig | adv/cl/comp/sent |
|----|-------|--------------|-------|-------|-----|------------------|
| #0 | lydia | has a mass   | 6.7 kg | -     | -   | -                |
| #1 | lydia | has a periapsis | 377016000000.0 | - | -   | -                |
| #2 | lydia | has an epoch date | December 31st, 2006 | - | -   | -                |","# Output
| id | sbj   | pred       | obj_d | obj_i | sig | adv/cl/comp/sent |
|----|-------|------------|-------|-------|-----|------------------|
| #0 | lydia | has a mass | 6.7 kg | -     | -   | -                |
| #1 | lydia | has a periapsis | 377016000000.0 | - | - | -          |
| #2 | lydia | has an epoch date | December 31st, 2006 | - | - | -  |"
reference1,185,"aleksandra kovac is associated with the musical artist bebi dol , is part of the band k2 ( kovac sisters duo ) , and musical genre is pop .","# Output
| id | sbj             | pred        | obj_d                    | obj_i | sig | adv/cl/comp/sent |
|----|-----------------|-------------|--------------------------|-------|-----|------------------|
| #0 | aleksandra kovac | is associated with | the musical artist bebi dol | -     | -   | -                |
| #1 | aleksandra kovac | is part of  | the band k2              | -     | -   | -                |
| #2 | the band k2      | is          | kovac sisters duo        | -     | -   | -                |
| #3 | aleksandra kovac | musical genre is | pop                    | -     | -   | -                |","# Output
| id | sbj             | pred        | obj_d                    | obj_i | sig | adv/cl/comp/sent |
|----|-----------------|-------------|--------------------------|-------|-----|------------------|
| #0 | aleksandra kovac | is associated with | the musical artist bebi dol | -     | -   | -                |
| #1 | aleksandra kovac | is part of  | the band k2              | -     | -   | -                |
| #2 | the band k2      | is          | kovac sisters duo        | -     | -   | -                |
| #3 | aleksandra kovac | musical genre is | pop                   | -     | -   | -                |","# Output
| id | sbj             | pred           | obj_d                 | obj_i | sig | adv/cl/comp/sent |
|----|-----------------|----------------|-----------------------|-------|-----|------------------|
| #0 | aleksandra kovac | is associated with | the musical artist bebi dol | -     | -   | -                |
| #1 | aleksandra kovac | is part of     | the band k2           | -     | -   | -                |
| #2 | the band k2      | is             | kovac sisters duo     | -     | -   | -                |
| #3 | aleksandra kovac | musical genre is | pop                  | -     | -   | -                |"
reference1,186,"rhythm and blues artist aleksandra kovac is a member of sister duo , k2 , with musician kristina kovac .","# Output
| id | sbj | pred | obj_d | obj_i | sig | adv/cl/comp/sent |
| - | - | - | - | - | - | - |
| #0 | Aleksandra Kovac | is a member of | sister duo, K2 | - | - | - |
| #1 | Aleksandra Kovac | has sister | Kristina Kovac | - | - | - |
| #2 | K2 | consists of | Aleksandra Kovac | - | - | - |
| #3 | K2 | consists of | Kristina Kovac | - | - | - |
| #4 | Kristina Kovac | is a musician | - | - | - | - |","# Output
| id | sbj               | pred     | obj_d | obj_i | sig | adv/cl/comp/sent |
|----|-------------------|----------|-------|-------|-----|------------------|
| #0 | aleksandra kovac  | is       | a member | -   | of  | sister duo, k2   |
| #1 | sister duo, k2    | includes | aleksandra kovac | - | - | -              |
| #2 | sister duo, k2    | includes | kristina kovac   | - | - | -              |
| #3 | kristina kovac    | is       | a musician       | - | - | -              |
| #4 | aleksandra kovac  | is       | a rhythm and blues artist | - | - | -     |","# Output
| id | sbj                 | pred    | obj_d | obj_i | sig | adv/cl/comp/sent |
|----|---------------------|---------|-------|-------|-----|------------------|
| #0 | aleksandra kovac    | is      | a member | -    | of  | sister duo, k2   |
| #1 | sister duo, k2      | includes | aleksandra kovac | - | - | -              |
| #2 | sister duo, k2      | includes | kristina kovac   | - | - | -              |
| #3 | aleksandra kovac    | is      | a rhythm and blues artist | - | - | -        |
| #4 | kristina kovac      | is      | a musician       | - | - | -              |"
reference1,187,"the musical genre of alex day is synthpop , a form of pop music which originated from disco .","| id | sbj         | pred        | obj_d     | obj_i | sig | adv/cl/comp/sent       |
|----|-------------|-------------|-----------|-------|-----|------------------------|
| #0 | alex day    | has         | synthpop  | -     | as  | the musical genre      |
| #1 | synthpop    | is          | a form of | -     | -   | pop music              |
| #2 | synthpop    | originated  | -         | from  | -   | disco                  |","| id | sbj       | pred       | obj_d    | obj_i | sig | adv/cl/comp/sent |
|----|-----------|------------|----------|-------|-----|------------------|
| #0 | alex day  | has genre  | synthpop | -     | -   | -                |
| #1 | synthpop  | is         | a form of pop music | - | - | -              |
| #2 | synthpop  | originated | -        | from disco | - | -               |","| id | sbj       | pred        | obj_d    | obj_i | sig | adv/cl/comp/sent |
|----|-----------|-------------|----------|-------|-----|------------------|
| #0 | alex day  | has genre   | synthpop | -     | -   | -                |
| #1 | synthpop  | is a form of | pop music | -   | -   | -                |
| #2 | synthpop  | originated from | disco | -   | -   | -                |"
reference1,188,"alfa romeo 164 , asembled in italy ( capital : rome ) , is a related mode of transportation as the fiat croma .","| id | sbj           | pred       | obj_d       | obj_i | sig | adv/cl/comp/sent |
|----|---------------|------------|-------------|-------|-----|------------------|
| #0 | alfa romeo 164 | was assembled | -           | in Italy | -   | -                |
| #1 | Italy         | has capital | Rome        | -     | -   | -                |
| #2 | alfa romeo 164 | is a related mode of transportation | - | as | the fiat croma    |","| id | sbj         | pred        | obj_d     | obj_i | sig | adv/cl/comp/sent        |
|----|-------------|-------------|-----------|-------|-----|-------------------------|
| #0 | alfa romeo 164 | is assembled | -         | in Italy | -   | -                       |
| #1 | Italy       | has capital  | Rome      | -     | -   | -                       |
| #2 | alfa romeo 164 | is a related mode of transportation | -         | as the fiat croma | -   | -                       |","| id | sbj          | pred       | obj_d         | obj_i | sig | adv/cl/comp/sent |
|----|--------------|------------|---------------|-------|-----|------------------|
| #0 | alfa romeo 164 | is assembled | -             | in Italy | -   | -                |
| #1 | Italy        | has capital | Rome          | -     | -   | -                |
| #2 | alfa romeo 164 | is a related mode of transportation | as the fiat croma | -     | -   | -                |"
reference1,189,the lancia thema and the alfa romeo 164 are related . the latter is built in italy where the capital is rome .,"# Output
| id | sbj                | pred        | obj_d | obj_i | sig   | adv/cl/comp/sent      |
|----|--------------------|-------------|-------|-------|-------|-----------------------|
| #0 | the lancia thema   | is related  | -     | to the alfa romeo 164 | -     | -                     |
| #1 | the alfa romeo 164 | is related  | -     | to the lancia thema   | -     | -                     |
| #2 | the alfa romeo 164 | is built    | -     | in Italy | where | the capital is Rome    |
| #3 | Italy              | has capital | Rome  | -     | -     | -                     |","| id | sbj | pred | obj_d | obj_i | sig | adv/cl/comp/sent |
| - | - | - | - | - | - | - |
| #0 | the lancia thema and the alfa romeo 164 | are related | - | - | - | - |
| #1 | the alfa romeo 164 | is built | - | in Italy | where | the capital is Rome |
| #2 | Italy | has capital | Rome | - | - | - |","| id | sbj | pred | obj_d | obj_i | sig | adv/cl/comp/sent |
| - | - | - | - | - | - | - |
| #0 | the lancia thema and the alfa romeo 164 | are related | - | - | - | - |
| #1 | the alfa romeo 164 | is built | - | in Italy | where | the capital is Rome |
| #2 | Italy | has capital | Rome | - | - | - |"
reference1,190,caterpillar inc . is found in illinois and they powered the aidaluna . aidacruises owns the aidaluna .,"# Output
| id | sbj            | pred       | obj_d     | obj_i | sig | adv/cl/comp/sent |
|----|----------------|------------|-----------|-------|-----|------------------|
| #0 | caterpillar inc| is found   | -         | in illinois | -   | -                |
| #1 | caterpillar inc| powered    | the aidaluna | -   | -   | -                |
| #2 | aidacruises    | owns       | the aidaluna | -   | -   | -                |","# Output
| id | sbj           | pred        | obj_d      | obj_i | sig | adv/cl/comp/sent |
|----|---------------|-------------|------------|-------|-----|------------------|
| #0 | caterpillar inc. | is found in | Illinois   | -     | -   | -                |
| #1 | caterpillar inc. | powered     | the aidaluna | -     | -   | -                |
| #2 | aidacruises    | owns        | the aidaluna | -     | -   | -                |","# Output
| id | sbj             | pred     | obj_d     | obj_i | sig | adv/cl/comp/sent |
|----|-----------------|----------|-----------|-------|-----|------------------|
| #0 | caterpillar inc | is found | -         | in illinois | - | - |
| #1 | caterpillar inc | powered  | the aidaluna | - | - | - |
| #2 | aidacruises     | owns     | the aidaluna | - | - | - |"
reference1,191,aaron hunt represented the club goslarer sc 08 at youth level and has since played for both sv werder bremen and vfl wolfsburg .,"| id | sbj         | pred        | obj_d | obj_i | sig | adv/cl/comp/sent |
|----|-------------|-------------|-------|-------|-----|------------------|
| #0 | Aaron Hunt  | represented | -     | the club Goslarer SC 08 | at | youth level |
| #1 | Aaron Hunt  | has played  | -     | for SV Werder Bremen    | -   | -            |
| #2 | Aaron Hunt  | has played  | -     | for VfL Wolfsburg       | -   | -            |","| id | sbj       | pred       | obj_d | obj_i | sig | adv/cl/comp/sent |
|----|-----------|------------|-------|-------|-----|-----------------|
| #0 | Aaron Hunt | represented | -     | the club Goslarer SC 08 | at | youth level |
| #1 | Aaron Hunt | has played | -     | for SV Werder Bremen | -   | -           |
| #2 | Aaron Hunt | has played | -     | for VfL Wolfsburg | -   | -           |","# Output
| id | sbj       | pred       | obj_d                | obj_i | sig | adv/cl/comp/sent |
|----|-----------|------------|----------------------|-------|-----|------------------|
| #0 | aaron hunt| represented | the club Goslarer SC 08 | -     | at  | youth level      |
| #1 | aaron hunt| has played  | -                    | for both SV Werder Bremen and VfL Wolfsburg | - | - |"
reference1,192,"akeem ayers , who formerly played for st louis rams , was number 39 in the draft pick and in draft round 2 .","| id | sbj         | pred        | obj_d         | obj_i | sig | adv/cl/comp/sent |
|----|-------------|-------------|---------------|-------|-----|------------------|
| #0 | Akeem Ayers | played      | -             | for St Louis Rams | - | - |
| #1 | Akeem Ayers | was         | number 39     | -     | in  | the draft pick   |
| #2 | Akeem Ayers | was         | in draft round 2 | -   | -   | -                |
| #3 | Akeem Ayers | formerly    | -             | -     | -   | -                |","| id | sbj         | pred        | obj_d        | obj_i | sig | adv/cl/comp/sent          |
|----|-------------|-------------|--------------|-------|-----|---------------------------|
| #0 | Akeem Ayers | played       | -            | for   | -   | St Louis Rams             |
| #1 | Akeem Ayers | was          | number 39    | -     | in  | the draft pick            |
| #2 | Akeem Ayers | was          | -            | in    | -   | draft round 2             |
| #3 | St Louis Rams | is referred to | -       | as    | -   | formerly                  |","| id | sbj          | pred        | obj_d       | obj_i | sig | adv/cl/comp/sent        |
|----|--------------|-------------|-------------|-------|-----|-------------------------|
| #0 | Akeem Ayers  | played for  | -           | St Louis Rams | -   | -                       |
| #1 | Akeem Ayers  | was         | number 39   | -     | in  | the draft pick          |
| #2 | Akeem Ayers  | was         | -           | in draft round 2 | -   | -                       |
| #3 | Akeem Ayers  | was         | -           | -     | formerly | who played for St Louis Rams |"
reference1,193,alan martin ' s football club is motherwell fc and he has also played for the accrington based club accrington stanley .,"| id | sbj       | pred        | obj_d              | obj_i | sig | adv/cl/comp/sent |
|----|-----------|-------------|--------------------|-------|-----|------------------|
| #0 | Alan Martin | has football club | Motherwell FC      | -     | -   | -                |
| #1 | Alan Martin | has played   | for the Accrington based club | -     | -   | -                |
| #2 | the Accrington based club | is | Accrington Stanley | -     | -   | -                |","| id | sbj       | pred       | obj_d              | obj_i | sig | adv/cl/comp/sent |
|----|-----------|------------|--------------------|-------|-----|------------------|
| #0 | Alan Martin | has football club | Motherwell FC       | -     | -   | -                |
| #1 | Alan Martin | has played for    | Accrington Stanley | -     | -   | -                |
| #2 | Accrington Stanley | is based in | Accrington         | -     | -   | -                |","| id | sbj          | pred         | obj_d              | obj_i | sig | adv/cl/comp/sent |
|----|--------------|--------------|--------------------|-------|-----|------------------|
| #0 | Alan Martin  | 's football club | Motherwell FC      | -     | -   | -                |
| #1 | Alan Martin  | has played    | -                  | for the Accrington based club, Accrington Stanley | -   | -                |
| #2 | Accrington Stanley | is based | in Accrington     | -     | -   | -                |"
reference1,194,"alaa abdul zahra , whose club is al - zawra ' a sc , is also a member of the club , al kharaitiyat sc amar osim is the manager of al kharaitiyat sc . which is located in al khor .","| id | sbj | pred | obj_d | obj_i | sig | adv/cl/comp/sent |
| - | - | - | - | - | - | - |
| #0 | alaa abdul zahra | has club | al-zawra'a SC | - | - | - |
| #1 | alaa abdul zahra | is also a member of | the club, al kharaitiyat SC | - | - | - |
| #2 | amar osim | is the manager of | al kharaitiyat SC | - | - | - |
| #3 | al kharaitiyat SC | is located in | al khor | - | - | - |","| id | sbj | pred | obj_d | obj_i | sig | adv/cl/comp/sent |
| - | - | - | - | - | - | - |
| #0 | alaa abdul zahra | has club | al-zawra'a SC | - | - | - |
| #1 | alaa abdul zahra | is also a member of | the club, al kharaitiyat SC | - | - | - |
| #2 | amar osim | is the manager of | al kharaitiyat SC | - | - | - |
| #3 | al kharaitiyat SC | is located in | al khor | - | - | - |","| id | sbj                | pred       | obj_d                | obj_i | sig  | adv/cl/comp/sent            |
|----|--------------------|------------|----------------------|-------|------|----------------------------|
| #0 | alaa abdul zahra   | is         | a member             | -     | of   | al kharaitiyat sc          |
| #1 | alaa abdul zahra   | has club   | al - zawra ' a sc    | -     | -    | -                          |
| #2 | al kharaitiyat sc  | is located | -                    | in    | al khor |
| #3 | amar osim          | is         | the manager          | of    | al kharaitiyat sc            |"
reference1,195,"alaa abdul - zahra , whose club is shabab al - ordon club , also plays for al kharaitiyat sc . which is located in al khor . the manager of al kharaitiyat sc is amar osim .","| id | sbj | pred | obj_d | obj_i | sig | adv/cl/comp/sent |
| - | - | - | - | - | - | - |
| #0 | alaa abdul-zahra | has club | shabab al-ordon club | - | - | - |
| #1 | alaa abdul-zahra | plays for | al kharaitiyat sc | - | - | - |
| #2 | al kharaitiyat sc | is located | - | in al khor | - | - |
| #3 | al kharaitiyat sc | has manager | amar osim | - | - | - |","| id | sbj | pred | obj_d | obj_i | sig | adv/cl/comp/sent |
| - | - | - | - | - | - | - |
| #0 | alaa abdul-zahra | has club | shabab al-ordon club | - | - | - |
| #1 | alaa abdul-zahra | plays for | al kharaitiyat sc | - | - | - |
| #2 | al kharaitiyat sc | is located in | al khor | - | - | - |
| #3 | amar osim | is the manager of | al kharaitiyat sc | - | - | - |","| id | sbj | pred | obj_d | obj_i | sig | adv/cl/comp/sent |
| - | - | - | - | - | - | - |
| #0 | alaa abdul-zahra | has club | shabab al-ordon club | - | - | - |
| #1 | alaa abdul-zahra | plays for | al kharaitiyat sc | - | - | - |
| #2 | al kharaitiyat sc | is located in | al khor | - | - | - |
| #3 | amar osim | is the manager of | al kharaitiyat sc | - | - | - |
| #4 | alaa abdul-zahra | whose club is | shabab al-ordon club | - | - | - |"
reference1,196,"born on feb . 24 , 1989 and measuring 185 cm tall , aleksandr prudnikov plays for the fc kuban krasnodar and is part of the dynamo moscow fc .","| id | sbj              | pred  | obj_d                | obj_i | sig | adv/cl/comp/sent        |
|----|------------------|-------|----------------------|-------|-----|-------------------------|
| #0 | aleksandr prudnikov | was born | -                    | on    | -   | feb . 24 , 1989         |
| #1 | aleksandr prudnikov | measures | 185 cm               | tall  | -   | -                       |
| #2 | aleksandr prudnikov | plays    | -                    | for   | -   | the fc kuban krasnodar  |
| #3 | aleksandr prudnikov | is part  | -                    | of    | -   | the dynamo moscow fc    |","| id | sbj               | pred    | obj_d               | obj_i | sig | adv/cl/comp/sent     |
|----|-------------------|---------|---------------------|-------|-----|----------------------|
| #0 | aleksandr prudnikov | was born | -                   | on    | -   | feb. 24, 1989        |
| #1 | aleksandr prudnikov | measures | 185 cm              | tall  | -   | -                    |
| #2 | aleksandr prudnikov | plays    | -                   | for   | -   | the FC Kuban Krasnodar |
| #3 | aleksandr prudnikov | is part  | -                   | of    | -   | the Dynamo Moscow FC  |","| id | sbj              | pred        | obj_d              | obj_i | sig | adv/cl/comp/sent          |
|----|------------------|-------------|--------------------|-------|-----|---------------------------|
| #0 | aleksandr prudnikov | was born    | -                  | on    | -   | feb. 24, 1989             |
| #1 | aleksandr prudnikov | measures    | 185 cm             | -     | -   | tall                      |
| #2 | aleksandr prudnikov | plays for   | fc kuban krasnodar | -     | and | is part of the dynamo moscow fc |"
reference1,197,"107 camilla was discovered by n . r . pogson , who was born in nottingham and died in chennai . it was discovered on 1 march 2001 .","# Output
| id | sbj | pred | obj_d | obj_i | sig | adv/cl/comp/sent |
| - | - | - | - | - | - | - |
| #0 | 107 camilla | was discovered | - | by N.R. Pogson | - | - |
| #1 | N.R. Pogson | was born | - | in Nottingham | - | - |
| #2 | N.R. Pogson | died | - | in Chennai | - | - |
| #3 | 107 camilla | was discovered | - | - | on | 1 March 2001 |","| id | sbj | pred | obj_d | obj_i | sig | adv/cl/comp/sent |
|----|-----|------|-------|-------|-----|-----------------|
| #0 | 107 camilla | was discovered | - | by N. R. Pogson | - | - |
| #1 | N. R. Pogson | was born | - | in Nottingham | - | - |
| #2 | N. R. Pogson | died | - | in Chennai | - | - |
| #3 | 107 camilla | was discovered | - | - | on | 1 March 2001 |","# Output
| id | sbj | pred | obj_d | obj_i | sig | adv/cl/comp/sent |
| - | - | - | - | - | - | - |
| #0 | 107 camilla | was discovered | - | by N.R. Pogson | - | - |
| #1 | N.R. Pogson | was born | - | in Nottingham | - | - |
| #2 | N.R. Pogson | died | - | in Chennai | - | - |
| #3 | 107 camilla | was discovered | - | - | on | 1 March 2001 |"
reference1,198,"1101 clematis , formerly known as "" 1928 sj "" , has an orbital period of 183309000 . 0 and a periapsis of 445895000000 . its epoch date is december 31st 2006 .","| id | sbj | pred | obj_d | obj_i | sig | adv/cl/comp/sent |
| - | - | - | - | - | - | - |
| #0 | 1101 clematis | was formerly known as | ""1928 sj"" | - | - | - |
| #1 | 1101 clematis | has | an orbital period of 183309000.0 | - | - | - |
| #2 | 1101 clematis | has | a periapsis of 445895000000 | - | - | - |
| #3 | 1101 clematis | has | an epoch date | - | on | December 31st 2006 |","| id | sbj | pred | obj_d | obj_i | sig | adv/cl/comp/sent |
| - | - | - | - | - | - | - |
| #0 | 1101 clematis | was formerly known as | ""1928 sj"" | - | - | - |
| #1 | 1101 clematis | has | an orbital period of 183309000.0 | - | - | - |
| #2 | 1101 clematis | has | a periapsis of 445895000000 | - | - | - |
| #3 | 1101 clematis | has | an epoch date | - | on | December 31st 2006 |","| id | sbj | pred | obj_d | obj_i | sig | adv/cl/comp/sent |
| - | - | - | - | - | - | - |
| #0 | 1101 clematis | was formerly known as | ""1928 sj"" | - | - | - |
| #1 | 1101 clematis | has | an orbital period of 183309000.0 | - | - | - |
| #2 | 1101 clematis | has | a periapsis of 445895000000 | - | - | - |
| #3 | 1101 clematis | has | an epoch date | - | on | December 31st 2006 |"
reference1,199,"1101 clematis ' s escape velocity is 0 . 02 km / s , prbital period of 183309000 , periapsis of 445895000000 , and an epoch on the 31st of december .","| id | sbj | pred | obj_d | obj_i | sig | adv/cl/comp/sent |
|----|-----|------|-------|-------|-----|-----------------|
| #0 | 1101 clematis | has escape velocity | 0.02 km/s | - | - | - |
| #1 | 1101 clematis | has orbital period | 183309000 | - | - | - |
| #2 | 1101 clematis | has periapsis | 445895000000 | - | - | - |
| #3 | 1101 clematis | has epoch | on the 31st of December | - | - | - |","| id | sbj | pred | obj_d | obj_i | sig | adv/cl/comp/sent |
| - | - | - | - | - | - | - |
| #0 | 1101 clematis | has escape velocity | 0.02 km/s | - | - | - |
| #1 | 1101 clematis | has orbital period | 183309000 | - | - | - |
| #2 | 1101 clematis | has periapsis | 445895000000 | - | - | - |
| #3 | 1101 clematis | has epoch | on the 31st of December | - | - | - |","| id | sbj | pred | obj_d | obj_i | sig | adv/cl/comp/sent |
|----|-----|------|-------|-------|-----|-----------------|
| #0 | 1101 clematis | has escape velocity | 0.02 km/s | - | - | - |
| #1 | 1101 clematis | has orbital period | 183309000 | - | - | - |
| #2 | 1101 clematis | has periapsis | 445895000000 | - | - | - |
| #3 | 1101 clematis | has epoch | on the 31st of December | - | - | - |"
reference1,200,the alco rs - 3 has a v12 engine and a length of 17068 . 8 millimetres . it was produced between may 1950 and august 1956 by the american locomotive company .,"| id | sbj | pred | obj_d | obj_i | sig | adv/cl/comp/sent |
| - | - | - | - | - | - | - |
| #0 | the alco rs - 3 | has | a v12 engine | - | - | - |
| #1 | the alco rs - 3 | has | a length | of 17068.8 millimetres | - | - |
| #2 | the alco rs - 3 | was produced | - | by the american locomotive company | between | may 1950 and august 1956 |","| id | sbj | pred | obj_d | obj_i | sig | adv/cl/comp/sent |
| - | - | - | - | - | - | - |
| #0 | the alco rs - 3 | has | a v12 engine | - | - | - |
| #1 | the alco rs - 3 | has | a length of 17068.8 millimetres | - | - | - |
| #2 | the alco rs - 3 | was produced | - | by the american locomotive company | between | may 1950 and august 1956 |","| id | sbj | pred | obj_d | obj_i | sig | adv/cl/comp/sent |
| - | - | - | - | - | - | - |
| #0 | the alco rs - 3 | has | a v12 engine | - | - | - |
| #1 | the alco rs - 3 | has | a length of 17068.8 millimetres | - | - | - |
| #2 | the alco rs - 3 | was produced | - | by the american locomotive company | between | may 1950 and august 1956 |"
reference1,201,the antares rocket was made by the yuzhnoye design office and launched from the mid - atlantic regional spaceport launch pad 0 . it ' s maiden flight was on 21 april 2013 and the final flight on 28 october 2014 .,"| id | sbj | pred | obj_d | obj_i | sig | adv/cl/comp/sent |
|----|-----|------|-------|-------|-----|-----------------|
| #0 | the antares rocket | was made | - | by the yuzhnoye design office | - | - |
| #1 | the antares rocket | was launched | - | from the mid-atlantic regional spaceport launch pad 0 | - | - |
| #2 | the antares rocket | had | its maiden flight | - | on | 21 April 2013 |
| #3 | the antares rocket | had | its final flight | - | on | 28 October 2014 |","| id | sbj | pred | obj_d | obj_i | sig | adv/cl/comp/sent |
| - | - | - | - | - | - | - |
| #0 | the antares rocket | was made | - | by the yuzhnoye design office | - | - |
| #1 | the antares rocket | was launched | - | from the mid-atlantic regional spaceport launch pad 0 | - | - |
| #2 | the antares rocket | had | its maiden flight | - | on | 21 April 2013 |
| #3 | the antares rocket | had | its final flight | - | on | 28 October 2014 |","| id | sbj | pred | obj_d | obj_i | sig | adv/cl/comp/sent |
|----|-----|------|-------|-------|-----|-----------------|
| #0 | the antares rocket | was made | - | by the yuzhnoye design office | - | - |
| #1 | the antares rocket | was launched | - | from the mid-atlantic regional spaceport launch pad 0 | - | - |
| #2 | the antares rocket | had | its maiden flight | - | on | 21 April 2013 |
| #3 | the antares rocket | had | its final flight | - | on | 28 October 2014 |"
reference1,202,"the aidastella was built by meyer werft and is operated by aida cruise line . the aidastella is owned by costa crociere , who are located in genoa .","# Output
| id | sbj         | pred    | obj_d        | obj_i | sig | adv/cl/comp/sent |
|----|-------------|---------|--------------|-------|-----|------------------|
| #0 | the aidastella | was built | -            | by meyer werft | -   | -                |
| #1 | the aidastella | is operated | -            | by aida cruise line | -   | -                |
| #2 | the aidastella | is owned | -            | by costa crociere | -   | -                |
| #3 | costa crociere | are located | -            | in genoa | -   | -                |","| id | sbj           | pred     | obj_d         | obj_i | sig | adv/cl/comp/sent |
|----|---------------|----------|---------------|-------|-----|------------------|
| #0 | the aidastella | was built | -             | by meyer werft | -   | -                |
| #1 | the aidastella | is operated | -           | by aida cruise line | - | -                |
| #2 | the aidastella | is owned | -             | by costa crociere | -   | -                |
| #3 | costa crociere | are located | -           | in genoa | -   | -                |","# Output
| id | sbj         | pred      | obj_d        | obj_i | sig | adv/cl/comp/sent |
|----|-------------|-----------|--------------|-------|-----|------------------|
| #0 | the aidastella | was built | -            | by meyer werft | -   | -                |
| #1 | the aidastella | is operated | -          | by aida cruise line | -   | -                |
| #2 | the aidastella | is owned | -            | by costa crociere | -   | -                |
| #3 | costa crociere | are located | -          | in genoa | -   | -                |"
reference1,203,"ending his career in 1950 , albennie jones was a performer of rhythm and blues . this genre originated from the blues and has disco as a derivative .","| id | sbj            | pred         | obj_d                | obj_i | sig  | adv/cl/comp/sent       |
|----|----------------|--------------|----------------------|-------|------|------------------------|
| #0 | albennie jones | ended        | his career           | -     | in   | 1950                   |
| #1 | albennie jones | was          | a performer          | -     | of   | rhythm and blues       |
| #2 | rhythm and blues| originated   | -                    | from  | the blues |
| #3 | rhythm and blues| has          | disco                | as    | a derivative |","| id | sbj            | pred       | obj_d                | obj_i | sig  | adv/cl/comp/sent |
|----|----------------|------------|----------------------|-------|------|------------------|
| #0 | albennie jones | ended      | his career           | -     | in   | 1950             |
| #1 | albennie jones | was        | a performer          | -     | of   | rhythm and blues |
| #2 | rhythm and blues| originated | -                    | from  | the blues |
| #3 | disco          | has        | rhythm and blues     | as    | a derivative |","| id | sbj           | pred          | obj_d                | obj_i | sig  | adv/cl/comp/sent       |
|----|---------------|---------------|----------------------|-------|------|------------------------|
| #0 | albennie jones| ended         | his career           | -     | in   | 1950                   |
| #1 | albennie jones| was           | a performer          | of rhythm and blues | -    | -                  |
| #2 | rhythm and blues | originated | -                    | from the blues | -    | -                  |
| #3 | disco         | is            | a derivative         | -     | of   | rhythm and blues       |"
reference1,204,"alex day performs electronic music and plays with the band chameleon circuit . his active musical years started in 2006 and he is associated with the musical artist , charlie mcdonnell .","# Output
| id | sbj       | pred        | obj_d             | obj_i | sig | adv/cl/comp/sent |
|----|-----------|-------------|-------------------|-------|-----|------------------|
| #0 | Alex Day  | performs    | electronic music  | -     | -   | -                |
| #1 | Alex Day  | plays       | -                 | with the band Chameleon Circuit | -   | -                |
| #2 | Alex Day  | started     | his active musical years | -   | in  | 2006            |
| #3 | Alex Day  | is associated | -               | with the musical artist, Charlie McDonnell | -   | -                |","# Output
| id | sbj       | pred        | obj_d                | obj_i | sig | adv/cl/comp/sent |
|----|-----------|-------------|----------------------|-------|-----|------------------|
| #0 | Alex Day  | performs    | electronic music     | -     | -   | -                |
| #1 | Alex Day  | plays       | -                    | with the band Chameleon Circuit | -   | -                |
| #2 | Alex Day  | started     | his active musical years | -   | in  | 2006             |
| #3 | Alex Day  | is associated | -                  | with the musical artist, Charlie McDonnell | -   | -                |","# Output
| id | sbj       | pred      | obj_d             | obj_i | sig | adv/cl/comp/sent |
|----|-----------|-----------|-------------------|-------|-----|------------------|
| #0 | Alex Day  | performs  | electronic music  | -     | and | #1               |
| #1 | Alex Day  | plays     | -                 | with the band Chameleon Circuit | - | - |
| #2 | Alex Day  | started   | his active musical years | -     | in  | 2006           |
| #3 | Alex Day  | is associated | -             | with the musical artist, Charlie McDonnell | - | - |"
reference1,205,agustin barboza was born in paraguay which is led by juan afra . he died in asuncion which is part of gran asuncion .,"| id | sbj             | pred       | obj_d | obj_i | sig   | adv/cl/comp/sent |
|----|-----------------|------------|-------|-------|-------|------------------|
| #0 | agustin barboza | was born    | -     | in paraguay | -     | -                |
| #1 | paraguay        | is led     | -     | by juan afra | -     | -                |
| #2 | agustin barboza | died       | -     | in asuncion  | -     | -                |
| #3 | asuncion        | is part of | gran asuncion | -     | -     | -                |","# Output
| id | sbj            | pred     | obj_d | obj_i | sig | adv/cl/comp/sent |
|----|----------------|----------|-------|-------|-----|------------------|
| #0 | agustin barboza| was born | -     | in paraguay | - | - |
| #1 | paraguay       | is led   | -     | by juan afra | - | - |
| #2 | agustin barboza| died     | -     | in asuncion  | - | - |
| #3 | asuncion       | is part  | -     | of gran asuncion | - | - |","# Output
| id | sbj             | pred       | obj_d | obj_i | sig   | adv/cl/comp/sent |
|----|-----------------|------------|-------|-------|-------|------------------|
| #0 | agustin barboza | was born    | -     | in paraguay | -     | -                |
| #1 | paraguay        | is led by  | juan afra | -     | -     | -                |
| #2 | agustin barboza | died       | -     | in asuncion | -     | -                |
| #3 | asuncion        | is part of | gran asuncion | -     | -     | -                |"
reference1,206,"japanese occupied , british borneo , was the birthplace of adenan satem , who succeeded abdul taib mahmud . abdul taid mahmud is a member of barisan ra ' ayat jati sarawak party and resides in sarawak .","| id | sbj                | pred        | obj_d | obj_i | sig | adv/cl/comp/sent                       |
|----|--------------------|-------------|-------|-------|-----|---------------------------------------|
| #0 | japanese           | occupied    | -     | -     | -   | british borneo                        |
| #1 | british borneo    | was         | the birthplace | of Adenan Satem | -   | -                                     |
| #2 | Adenan Satem      | succeeded   | Abdul Taib Mahmud | -   | -   | -                                     |
| #3 | Abdul Taib Mahmud | is          | a member       | of Barisan Ra'ayat Jati Sarawak party | -   | -                                     |
| #4 | Abdul Taib Mahmud | resides     | -              | in Sarawak                             | -   | -                                     |","| id | sbj                | pred        | obj_d                        | obj_i | sig | adv/cl/comp/sent             |
|----|--------------------|-------------|------------------------------|-------|-----|-----------------------------|
| #0 | Japanese           | occupied    | British Borneo               | -     | -   | -                           |
| #1 | British Borneo    | was         | the birthplace               | of Adenan Satem | -   | -                           |
| #2 | Adenan Satem       | succeeded   | Abdul Taib Mahmud            | -     | -   | -                           |
| #3 | Abdul Taib Mahmud  | is          | a member                     | of Barisan Ra'ayat Jati Sarawak party | -   | -                           |
| #4 | Abdul Taib Mahmud  | resides     | -                            | in Sarawak | -   | -                           |","| id | sbj                | pred         | obj_d                  | obj_i | sig | adv/cl/comp/sent        |
|----|--------------------|--------------|------------------------|-------|-----|-------------------------|
| #0 | Japanese           | occupied     | British Borneo         | -     | -   | -                       |
| #1 | British Borneo     | was          | the birthplace         | of Adenan Satem | -   | -                       |
| #2 | Adenan Satem       | succeeded    | Abdul Taib Mahmud      | -     | -   | -                       |
| #3 | Abdul Taib Mahmud  | is           | a member               | of Barisan Ra'ayat Jati Sarawak party | -   | -                       |
| #4 | Abdul Taib Mahmud  | resides      | -                      | in Sarawak | -   | -                       |"
reference1,207,airey neave was born in knightsbridge in london and started his career on the 30th june 1953 . he fought in the battle of france and ended his career on the 30th march 1979 .,"| id | sbj       | pred          | obj_d | obj_i | sig | adv/cl/comp/sent          |
|----|-----------|---------------|-------|-------|-----|---------------------------|
| #0 | airey neave | was born      | -     | in knightsbridge in london | -   | -                         |
| #1 | airey neave | started       | his career | -   | on | the 30th june 1953       |
| #2 | airey neave | fought        | -     | in the battle of france | -   | -                         |
| #3 | airey neave | ended         | his career | -   | on | the 30th march 1979      |","| id | sbj       | pred             | obj_d    | obj_i | sig | adv/cl/comp/sent               |
|----|-----------|------------------|----------|-------|-----|-------------------------------|
| #0 | airey neave | was born         | -        | in knightsbridge in london | -   | -                             |
| #1 | airey neave | started his career | -      | -     | on  | the 30th June 1953            |
| #2 | airey neave | fought           | in the battle of France | -   | -   | -                             |
| #3 | airey neave | ended his career | -        | -     | on  | the 30th March 1979           |","| id | sbj       | pred          | obj_d | obj_i | sig | adv/cl/comp/sent          |
|----|-----------|---------------|-------|-------|-----|---------------------------|
| #0 | airey neave | was born      | -     | in knightsbridge, London | -   | -                         |
| #1 | airey neave | started his career | -     | -    | on  | the 30th June 1953         |
| #2 | airey neave | fought       | in the battle of France | -    | -   | -                         |
| #3 | airey neave | ended his career | -     | -    | on  | the 30th March 1979         |"
reference1,208,"alfred n . phillips , born in connecticut was a member of the united states democratic party and worked as a member of the u . s . house of representatives from the connecticut ' s 4th district . his successor was albert e . austin .","| id | sbj | pred | obj_d | obj_i | sig | adv/cl/comp/sent |
| - | - | - | - | - | - | - |
| #0 | Alfred N. Phillips | was born | - | in Connecticut | - | - |
| #1 | Alfred N. Phillips | was a member of | the United States Democratic Party | - | - | - |
| #2 | Alfred N. Phillips | worked as | a member of the U.S. House of Representatives | from Connecticut's 4th district | - | - |
| #3 | Alfred N. Phillips | had successor | Albert E. Austin | - | - | - |","| id | sbj | pred | obj_d | obj_i | sig | adv/cl/comp/sent |
| - | - | - | - | - | - | - |
| #0 | alfred n. phillips | was born | - | in Connecticut | - | - |
| #1 | alfred n. phillips | was a member of | the United States Democratic Party | - | - | - |
| #2 | alfred n. phillips | worked as | a member of the U.S. House of Representatives | from Connecticut's 4th district | - | - |
| #3 | albert e. austin | was the successor of | alfred n. phillips | - | - | - |","| id | sbj | pred | obj_d | obj_i | sig | adv/cl/comp/sent |
| - | - | - | - | - | - | - |
| #0 | alfred n. phillips | was born | - | in Connecticut | - | - |
| #1 | alfred n. phillips | was a member of | the United States Democratic Party | - | - | - |
| #2 | alfred n. phillips | worked as | a member of the U.S. House of Representatives | from Connecticut's 4th district | - | - |
| #3 | alfred n. phillips | had successor | albert e. austin | - | - | - |"
reference1,209,the antares rocket ' s maiden flight was on the 28th october 2014 and its last flight on 2014 - 07 - 13 . its launch site was the mid - atlantic regional spaceport launch pad 0 . it is manufactured at the yuzhnoye design office and is 3 . 9 m in diameter .,"| id | sbj | pred | obj_d | obj_i | sig | adv/cl/comp/sent |
| - | - | - | - | - | - | - |
| #0 | the Antares rocket | had | maiden flight | - | on | the 28th October 2014 |
| #1 | the Antares rocket | had | last flight | - | on | 2014-07-13 |
| #2 | the Antares rocket | has | launch site | - | at | the Mid-Atlantic Regional Spaceport Launch Pad 0 |
| #3 | the Antares rocket | is manufactured | - | at | the Yuzhnoye Design Office |
| #4 | the Antares rocket | is | 3.9 m | - | in | diameter |","| id | sbj | pred | obj_d | obj_i | sig | adv/cl/comp/sent |
| - | - | - | - | - | - | - |
| #0 | the antares rocket | had | maiden flight | - | on | the 28th october 2014 |
| #1 | the antares rocket | had | last flight | - | on | 2014-07-13 |
| #2 | its launch site | was | the mid-atlantic regional spaceport launch pad 0 | - | - | - |
| #3 | it | is manufactured | - | at the yuzhnoye design office | - | - |
| #4 | it | is | 3.9 m | in diameter | - | - |","| id | sbj | pred | obj_d | obj_i | sig | adv/cl/comp/sent |
| - | - | - | - | - | - | - |
| #0 | the antares rocket | had | maiden flight | - | on | the 28th october 2014 |
| #1 | the antares rocket | had | last flight | - | on | 2014-07-13 |
| #2 | its launch site | was | the mid-atlantic regional spaceport launch pad 0 | - | - | - |
| #3 | it | is manufactured | - | at the yuzhnoye design office | - | - |
| #4 | it | is | 3.9 m | in diameter | - | - |"
reference1,210,"the guiana space centre ' s headquarters are located in french guiana , it is the location of the ela - 3 launchpad where the ariane 5 was launched . ela - 3 is operated by arianespace , which is located in courcouronnes .","| id | sbj | pred | obj_d | obj_i | sig | adv/cl/comp/sent |
| - | - | - | - | - | - | - |
| #0 | the guiana space centre's headquarters | are located | - | in French Guiana | - | - |
| #1 | it | is | the location | of the ela-3 launchpad | - | - |
| #2 | the ela-3 launchpad | is where | the Ariane 5 | was launched | - | - |
| #3 | ela-3 | is operated | - | by Arianespace | - | - |
| #4 | Arianespace | is located | - | in Courcouronnes | - | - |","| id | sbj | pred | obj_d | obj_i | sig | adv/cl/comp/sent |
| - | - | - | - | - | - | - |
| #0 | the guiana space centre's headquarters | are located | - | in French Guiana | - | - |
| #1 | it | is | the location | of the ela-3 launchpad | - | - |
| #2 | the ela-3 launchpad | is where | the ariane 5 | was launched | - | - |
| #3 | ela-3 | is operated | - | by Arianespace | - | - |
| #4 | Arianespace | is located | - | in Courcouronnes | - | - |","| id | sbj | pred | obj_d | obj_i | sig | adv/cl/comp/sent |
|----|-----|------|-------|-------|-----|-----------------|
| #0 | the guiana space centre's headquarters | are located | - | in French Guiana | - | - |
| #1 | it | is | the location | of the ela-3 launchpad | - | - |
| #2 | the ela-3 launchpad | is where | the Ariane 5 | was launched | - | - |
| #3 | ela-3 | is operated | - | by Arianespace | - | - |
| #4 | Arianespace | is located | - | in Courcouronnes | - | - |"
reference1,211,"douglas r . oberhelman is a key person at caterpillar inc . who provide the power type for the aidaluna owned by aida cruises . the company was founded in the united states and located in peoria , illinois .","| id | sbj | pred | obj_d | obj_i | sig | adv/cl/comp/sent |
| - | - | - | - | - | - | - |
| #0 | Douglas R. Oberhelman | is | a key person | at Caterpillar Inc. | - | - |
| #1 | Caterpillar Inc. | provide | the power type | for the AIDAluna | - | - |
| #2 | AIDAluna | is owned by | AIDA Cruises | - | - | - |
| #3 | Caterpillar Inc. | was founded | - | in the United States | - | - |
| #4 | Caterpillar Inc. | is located | - | in Peoria, Illinois | - | - |","| id | sbj | pred | obj_d | obj_i | sig | adv/cl/comp/sent |
| - | - | - | - | - | - | - |
| #0 | Douglas R. Oberhelman | is | a key person | at Caterpillar Inc. | - | - |
| #1 | Caterpillar Inc. | provide | the power type | for the AIDAluna | - | - |
| #2 | AIDAluna | is owned by | AIDA Cruises | - | - | - |
| #3 | Caterpillar Inc. | was founded | - | in the United States | - | - |
| #4 | Caterpillar Inc. | is located | - | in Peoria, Illinois | - | - |","| id | sbj | pred | obj_d | obj_i | sig | adv/cl/comp/sent |
| - | - | - | - | - | - | - |
| #0 | Douglas R. Oberhelman | is | a key person | at Caterpillar Inc. | - | - |
| #1 | Caterpillar Inc. | provide | the power type | for the AIDAluna | - | - |
| #2 | AIDAluna | is owned by | AIDA Cruises | - | - | - |
| #3 | Caterpillar Inc. | was founded | - | in the United States | - | - |
| #4 | Caterpillar Inc. | is located | - | in Peoria, Illinois | - | - |"
reference1,212,"defender alessio romagnoli , whose former clubs include uc sampdoria , has played for the serie a side ac milan , which is managed by sinisa mihajlovic .","# Output
| id | sbj               | pred       | obj_d  | obj_i | sig    | adv/cl/comp/sent            |
|----|-------------------|------------|--------|-------|--------|-----------------------------|
| #0 | alessio romagnoli | has played | -      | for the Serie A side AC Milan | -      | -                           |
| #1 | AC Milan          | is managed | -      | by sinisa mihajlovic | -      | -                           |
| #2 | alessio romagnoli | has former clubs | UC Sampdoria | - | - | -                           |","# Output
| id | sbj | pred | obj_d | obj_i | sig | adv/cl/comp/sent |
| - | - | - | - | - | - | - |
| #0 | Alessio Romagnoli | has played for | the Serie A side AC Milan | - | - | - |
| #1 | Alessio Romagnoli | has former clubs | UC Sampdoria | - | - | - |
| #2 | AC Milan | is managed by | Sinisa Mihajlovic | - | - | - |","# Output
| id | sbj                | pred      | obj_d | obj_i | sig | adv/cl/comp/sent |
|----|--------------------|-----------|-------|-------|-----|------------------|
| #0 | Alessio Romagnoli | is        | -     | -     | -   | defender         |
| #1 | Alessio Romagnoli | has played| -     | for the Serie A side AC Milan | - | - |
| #2 | AC Milan          | is managed| -     | by Sinisa Mihajlovic | - | - |
| #3 | Alessio Romagnoli | has former clubs | UC Sampdoria | - | - | - |"
reference1,213,"central espanol , where abel hernandez played youth football , are part of the uruguayan segunda division league . hernandez has represented uruguay at international level and also played for the club u . s . citta di palermo , where the manager is giuseppe iachini .","# Output
| id | sbj | pred | obj_d | obj_i | sig | adv/cl/comp/sent |
| - | - | - | - | - | - | - |
| #0 | Abel Hernandez | played youth football | - | at Central Espanol | - | - |
| #1 | Central Espanol | are part of | the Uruguayan Segunda Division league | - | - | - |
| #2 | Hernandez | has represented | Uruguay | at international level | - | - |
| #3 | Hernandez | played | - | for the club U.S. Citta di Palermo | - | - |
| #4 | U.S. Citta di Palermo | has manager | Giuseppe Iachini | - | - | - |
| #5 | Giuseppe Iachini | is | the manager | of U.S. Citta di Palermo | - | - |","| id | sbj | pred | obj_d | obj_i | sig | adv/cl/comp/sent |
| - | - | - | - | - | - | - |
| #0 | Abel Hernandez | played | - | at Central Espanol | - | - |
| #1 | Central Espanol | are part of | the Uruguayan Segunda Division league | - | - | - |
| #2 | Abel Hernandez | has represented | Uruguay | at international level | - | - |
| #3 | Abel Hernandez | played | - | for the club U.S. Citta di Palermo | - | - |
| #4 | U.S. Citta di Palermo | has manager | Giuseppe Iachini | - | - | - |
| #5 | Abel Hernandez | played youth football | - | at Central Espanol | - | - |","# Output
| id | sbj | pred | obj_d | obj_i | sig | adv/cl/comp/sent |
| - | - | - | - | - | - | - |
| #0 | Abel Hernandez | played youth football | - | at Central Espanol | - | - |
| #1 | Central Espanol | are part of | the Uruguayan Segunda Division league | - | - | - |
| #2 | Abel Hernandez | has represented | Uruguay | at international level | - | - |
| #3 | Abel Hernandez | played | - | for the club U.S. Citta di Palermo | - | - |
| #4 | U.S. Citta di Palermo | has manager | Giuseppe Iachini | - | - | - |"
reference1,214,"aleksandr prydnikov belongs to fc terek grozny , which is managed by rashid rakhimov , and has its grounds at grozny . prudnikov plays for fc spartak moscow , which includes chairman sergey rodionov .","| id | sbj | pred | obj_d | obj_i | sig | adv/cl/comp/sent |
| - | - | - | - | - | - | - |
| #0 | Aleksandr Prydnikov | belongs to | FC Terek Grozny | - | - | - |
| #1 | FC Terek Grozny | is managed by | Rashid Rakhimov | - | - | - |
| #2 | FC Terek Grozny | has its grounds at | Grozny | - | - | - |
| #3 | Prudnikov | plays for | FC Spartak Moscow | - | - | - |
| #4 | FC Spartak Moscow | includes | chairman Sergey Rodionov | - | - | - |
| #5 | chairman | is | Sergey Rodionov | - | - | - |","| id | sbj | pred | obj_d | obj_i | sig | adv/cl/comp/sent |
| - | - | - | - | - | - | - |
| #0 | aleksandr prydnikov | belongs to | fc terek grozny | - | - | - |
| #1 | fc terek grozny | is managed by | rashid rakhimov | - | - | - |
| #2 | fc terek grozny | has its grounds | - | at grozny | - | - |
| #3 | prudnikov | plays for | fc spartak moscow | - | - | - |
| #4 | fc spartak moscow | includes | chairman sergey rodionov | - | - | - |
| #5 | sergey rodionov | is chairman of | fc spartak moscow | - | - | - |","| id | sbj | pred | obj_d | obj_i | sig | adv/cl/comp/sent |
| - | - | - | - | - | - | - |
| #0 | aleksandr prydnikov | belongs to | fc terek grozny | - | - | - |
| #1 | fc terek grozny | is managed by | rashid rakhimov | - | - | - |
| #2 | fc terek grozny | has its grounds | - | at grozny | - | - |
| #3 | prudnikov | plays for | fc spartak moscow | - | - | - |
| #4 | fc spartak moscow | includes | chairman sergey rodionov | - | - | - |
| #5 | chairman sergey rodionov | is | chairman | of fc spartak moscow | - | - |"
reference1,215,"101 helena was discovered by the canadian james craig watson on august 15th 1868 . mr watson , who studied at the university of michigan , died in madison , wisconsin .","# Output
| id | sbj | pred | obj_d | obj_i | sig | adv/cl/comp/sent |
| - | - | - | - | - | - | - |
| #0 | 101 helena | was discovered | - | by James Craig Watson | on | August 15th 1868 |
| #1 | James Craig Watson | was | Canadian | - | - | - |
| #2 | James Craig Watson | studied | - | at the University of Michigan | - | - |
| #3 | James Craig Watson | died | - | in Madison, Wisconsin | - | - |","# Output
| id | sbj | pred | obj_d | obj_i | sig | adv/cl/comp/sent |
| - | - | - | - | - | - | - |
| #0 | 101 helena | was discovered | - | by James Craig Watson | on | August 15th 1868 |
| #1 | James Craig Watson | was | Canadian | - | - | - |
| #2 | James Craig Watson | studied | - | at the University of Michigan | - | - |
| #3 | James Craig Watson | died | - | in Madison, Wisconsin | - | - |","# Output
| id | sbj | pred | obj_d | obj_i | sig | adv/cl/comp/sent |
| - | - | - | - | - | - | - |
| #0 | 101 helena | was discovered | - | by James Craig Watson | on | August 15th 1868 |
| #1 | James Craig Watson | was Canadian | - | - | - | - |
| #2 | James Craig Watson | studied | - | at the University of Michigan | - | - |
| #3 | James Craig Watson | died | - | in Madison, Wisconsin | - | - |"
reference1,216,"walter baade , who had a doctoral student named allan sandage , was born in the german empire and graduated from the university of gottingen . he discovered 1036 ganymed and later died in gottingen .","| id | sbj           | pred          | obj_d        | obj_i | sig  | adv/cl/comp/sent |
|----|---------------|---------------|--------------|-------|------|------------------|
| #0 | walter baade  | had           | a doctoral student named allan sandage | -     | -    | -                |
| #1 | walter baade  | was born      | -            | in the German Empire | -    | -                |
| #2 | walter baade  | graduated     | -            | from the University of Gottingen | -    | -                |
| #3 | walter baade  | discovered    | 1036 Ganymed | -     | -    | -                |
| #4 | walter baade  | died          | -            | in Gottingen | -    | -                |","| id | sbj | pred | obj_d | obj_i | sig | adv/cl/comp/sent |
| - | - | - | - | - | - | - |
| #0 | Walter Baade | had | a doctoral student | named Allan Sandage | - | - |
| #1 | Walter Baade | was born | - | in the German Empire | - | - |
| #2 | Walter Baade | graduated from | the University of Gottingen | - | - | - |
| #3 | Walter Baade | discovered | 1036 Ganymed | - | - | - |
| #4 | Walter Baade | died | - | in Gottingen | - | - |","| id | sbj | pred | obj_d | obj_i | sig | adv/cl/comp/sent |
| - | - | - | - | - | - | - |
| #0 | walter baade | had | a doctoral student | - | named | allan sandage |
| #1 | walter baade | was born | - | in the German Empire | - | - |
| #2 | walter baade | graduated | - | from the University of Gottingen | - | - |
| #3 | walter baade | discovered | 1036 Ganymed | - | - | - |
| #4 | walter baade | died | - | in Gottingen | - | - |"
reference1,217,"the epoch of 1101 clematis is on the 31st of july 2016 and it has a mass of 5 . 7 kilos . the orbital period for 1101 clematis is 183309000 . 0 , has an apoapsis of 520906000 . 0 kilometres , and an escape velocity of 0 . 02 kilometres per second .","| id | sbj | pred | obj_d | obj_i | sig | adv/cl/comp/sent |
| - | - | - | - | - | - | - |
| #0 | the epoch of 1101 clematis | is on | the 31st of July 2016 | - | - | - |
| #1 | 1101 clematis | has a mass of | 5.7 kilos | - | - | - |
| #2 | the orbital period for 1101 clematis | is | 183309000.0 | - | - | - |
| #3 | 1101 clematis | has an apoapsis of | 520906000.0 kilometres | - | - | - |
| #4 | 1101 clematis | has an escape velocity of | 0.02 kilometres per second | - | - | - |","| id | sbj | pred | obj_d | obj_i | sig | adv/cl/comp/sent |
| - | - | - | - | - | - | - |
| #0 | the epoch of 1101 clematis | is on | the 31st of July 2016 | - | - | - |
| #1 | 1101 clematis | has | a mass | - | of | 5.7 kilos |
| #2 | the orbital period for 1101 clematis | is | 183309000.0 | - | - | - |
| #3 | 1101 clematis | has | an apoapsis | - | of | 520906000.0 kilometres |
| #4 | 1101 clematis | has | an escape velocity | - | of | 0.02 kilometres per second |","| id | sbj | pred | obj_d | obj_i | sig | adv/cl/comp/sent |
| - | - | - | - | - | - | - |
| #0 | the epoch of 1101 clematis | is on | the 31st of July 2016 | - | - | - |
| #1 | 1101 clematis | has | a mass | - | of | 5.7 kilos |
| #2 | the orbital period for 1101 clematis | is | 183309000.0 | - | - | - |
| #3 | 1101 clematis | has | an apoapsis | - | of | 520906000.0 kilometres |
| #4 | 1101 clematis | has | an escape velocity | - | of | 0.02 kilometres per second |"
reference1,218,"abdul taib mahmud was born in miri , malaysia , on may 21st 1936 and lives in kuching . he represented asajaya and was a member of the parti pesaka bumiputera bersatu .","| id | sbj               | pred         | obj_d | obj_i | sig | adv/cl/comp/sent              |
|----|-------------------|--------------|-------|-------|-----|------------------------------|
| #0 | Abdul Taib Mahmud | was born      | -     | in Miri, Malaysia | on | May 21st, 1936           |
| #1 | Abdul Taib Mahmud | lives         | -     | in Kuching | -   | -                            |
| #2 | Abdul Taib Mahmud | represented   | Asajaya | -     | -   | -                            |
| #3 | Abdul Taib Mahmud | was a member  | -     | of the Parti Pesaka Bumiputera Bersatu | -   | - |","| id | sbj               | pred        | obj_d | obj_i | sig | adv/cl/comp/sent       |
|----|-------------------|-------------|-------|-------|-----|------------------------|
| #0 | abdul taib mahmud | was born     | -     | in miri, Malaysia | on  | may 21st 1936         |
| #1 | abdul taib mahmud | lives        | -     | in kuching        | -   | -                      |
| #2 | abdul taib mahmud | represented  | asajaya | -     | -   | -                      |
| #3 | abdul taib mahmud | was a member | -     | of the parti pesaka bumiputera bersatu | -   | -                      |","| id | sbj              | pred          | obj_d | obj_i | sig | adv/cl/comp/sent                |
|----|------------------|---------------|-------|-------|-----|---------------------------------|
| #0 | abdul taib mahmud | was born      | -     | in miri, malaysia | on | may 21st 1936                |
| #1 | abdul taib mahmud | lives         | -     | in kuching        | -   | -                             |
| #2 | abdul taib mahmud | represented   | asajaya | -               | -   | -                             |
| #3 | abdul taib mahmud | was a member  | -     | of the parti pesaka bumiputera bersatu | -   | -     |"
reference1,219,agnes kant is a national of the netherlands which is led by mark rutte . she was a resident of doesburg and worked at the house of representatives which is led by khadija arib .,"| id | sbj | pred | obj_d | obj_i | sig | adv/cl/comp/sent |
| - | - | - | - | - | - | - |
| #0 | agnes kant | is | a national | of the Netherlands | - | - |
| #1 | the Netherlands | is led by | mark rutte | - | - | - |
| #2 | agnes kant | was | a resident | of doesburg | - | - |
| #3 | agnes kant | worked at | the house of representatives | - | - | - |
| #4 | the house of representatives | is led by | khadija arib | - | - | - |","| id | sbj | pred | obj_d | obj_i | sig | adv/cl/comp/sent |
| - | - | - | - | - | - | - |
| #0 | Agnes Kant | is | a national | of the Netherlands | - | - |
| #1 | the Netherlands | is led by | Mark Rutte | - | - | - |
| #2 | Agnes Kant | was | a resident | of Doesburg | - | - |
| #3 | Agnes Kant | worked at | the House of Representatives | - | - | - |
| #4 | the House of Representatives | is led by | Khadija Arib | - | - | - |","| id | sbj         | pred         | obj_d                    | obj_i | sig   | adv/cl/comp/sent |
|----|-------------|--------------|--------------------------|-------|-------|------------------|
| #0 | agnes kant  | is           | a national               | of the netherlands | -     | -                |
| #1 | netherlands | is led       | -                        | by mark rutte | -     | -                |
| #2 | agnes kant  | was          | a resident               | of doesburg | -     | -                |
| #3 | agnes kant  | worked       | at the house of representatives | -     | -     | -                |
| #4 | house of representatives | is led | -                | by khadija arib | -     | -                |"
reference1,220,"cleveland born albert b white , whose wife was agnes ward white , died in parkersburg , west virginia . he was succeeded by william m o dawson , who was born in bloomington , maryland .","| id | sbj | pred | obj_d | obj_i | sig | adv/cl/comp/sent |
| - | - | - | - | - | - | - |
| #0 | Albert B White | was born | - | in Cleveland | - | - |
| #1 | Albert B White | died | - | in Parkersburg, West Virginia | - | - |
| #2 | Albert B White | was succeeded by | William M O Dawson | - | - | - |
| #3 | Albert B White | has wife | Agnes Ward White | - | - | - |
| #4 | William M O Dawson | was born | - | in Bloomington, Maryland | - | - |","| id | sbj | pred | obj_d | obj_i | sig | adv/cl/comp/sent |
| - | - | - | - | - | - | - |
| #0 | Albert B White | was born | - | in Cleveland | - | - |
| #1 | Albert B White | died | - | in Parkersburg, West Virginia | - | - |
| #2 | Albert B White | has wife | Agnes Ward White | - | - | - |
| #3 | William M O Dawson | succeeded | Albert B White | - | - | - |
| #4 | William M O Dawson | was born | - | in Bloomington, Maryland | - | - |","| id | sbj | pred | obj_d | obj_i | sig | adv/cl/comp/sent |
|----|-----|------|-------|-------|-----|-----------------|
| #0 | Albert B White | was born | - | in Cleveland | - | - |
| #1 | Albert B White | died | - | in Parkersburg, West Virginia | - | - |
| #2 | Albert B White | was succeeded by | William M O Dawson | - | - | - |
| #3 | Albert B White | has wife | Agnes Ward White | - | - | - |
| #4 | William M O Dawson | was born | - | in Bloomington, Maryland | - | - |"
reference1,221,b - unique records and polydor records artist andrew white began in 2003 and is associated with the kaiser chiefs and artist marry banilow .,"| id | sbj | pred | obj_d | obj_i | sig | adv/cl/comp/sent |
| - | - | - | - | - | - | - |
| #0 | Andrew White | began | - | - | in | 2003 |
| #1 | Andrew White | is associated with | the Kaiser Chiefs | - | - | - |
| #2 | Andrew White | is associated with | artist Marry Banilow | - | - | - |
| #3 | Andrew White | is artist of | Unique Records | - | - | - |
| #4 | Andrew White | is artist of | Polydor Records | - | - | - |","| id | sbj | pred | obj_d | obj_i | sig | adv/cl/comp/sent |
| - | - | - | - | - | - | - |
| #0 | Andrew White | began | - | - | in | 2003 |
| #1 | Andrew White | is associated with | the Kaiser Chiefs | - | - | - |
| #2 | Andrew White | is associated with | artist Marry Banilow | - | - | - |
| #3 | Andrew White | is artist of | Unique Records | - | - | - |
| #4 | Andrew White | is artist of | Polydor Records | - | - | - |","| id | sbj | pred | obj_d | obj_i | sig | adv/cl/comp/sent |
| - | - | - | - | - | - | - |
| #0 | Andrew White | began | - | - | in | 2003 |
| #1 | Andrew White | is associated with | the Kaiser Chiefs | - | - | - |
| #2 | Andrew White | is associated with | artist Marry Banilow | - | - | - |
| #3 | Andrew White | is artist of | Unique Records | - | - | - |
| #4 | Andrew White | is artist of | Polydor Records | - | - | - |"
reference1,222,al anderson plays the guitar for rock band nrbq . rock comes from country music which originates from blues . bhangra music is a musical fusion of rock music .,"# Output
| id | sbj       | pred       | obj_d          | obj_i | sig     | adv/cl/comp/sent            |
|----|-----------|------------|----------------|-------|---------|-----------------------------|
| #0 | al anderson | plays      | the guitar     | for rock band nrbq | -       | -                           |
| #1 | rock band nrbq | is played by | al anderson | -     | -       | -                           |
| #2 | rock      | comes from | country music  | -     | -       | -                           |
| #3 | country music | originates from | blues    | -     | -       | -                           |
| #4 | bhangra music | is a musical fusion | of rock music | - | -       | -                           |","# Output
| id | sbj         | pred      | obj_d    | obj_i | sig       | adv/cl/comp/sent |
|----|-------------|-----------|----------|-------|-----------|------------------|
| #0 | al anderson | plays     | the guitar | for rock band nrbq | -         | -                |
| #1 | rock        | comes from | country music | -     | -         | -                |
| #2 | country music | originates from | blues | -     | -         | -                |
| #3 | bhangra music | is        | a musical fusion of rock music | - | -         | -                |","# Output
| id | sbj         | pred        | obj_d         | obj_i | sig     | adv/cl/comp/sent |
|----|-------------|-------------|---------------|-------|---------|------------------|
| #0 | al anderson | plays       | the guitar    | for rock band nrbq | -       | -                |
| #1 | rock        | comes from  | country music | -     | which   | originates from blues |
| #2 | bhangra music | is        | a musical fusion | of rock music | -       | -                |"
reference1,223,aaron turner plays electric guitar and played with the black metal twilight band and the old man gloom band . a fusion of black metal is called death metal .,"| id | sbj         | pred      | obj_d             | obj_i | sig | adv/cl/comp/sent |
|----|-------------|-----------|-------------------|-------|-----|------------------|
| #0 | aaron turner| plays     | electric guitar   | -     | -   | -                |
| #1 | aaron turner| played    | -                 | with the black metal twilight band | - | - |
| #2 | aaron turner| played    | -                 | with the old man gloom band | - | - |
| #3 | death metal | is called | a fusion of black metal | - | - | -                |","| id | sbj          | pred        | obj_d             | obj_i | sig | adv/cl/comp/sent |
|----|--------------|-------------|-------------------|-------|-----|------------------|
| #0 | aaron turner | plays       | electric guitar   | -     | -   | -                |
| #1 | aaron turner | played with | the black metal twilight band | - | and | the old man gloom band |
| #2 | a fusion of black metal | is called | death metal | - | - | - |","| id | sbj          | pred       | obj_d             | obj_i | sig | adv/cl/comp/sent |
|----|--------------|------------|-------------------|-------|-----|------------------|
| #0 | aaron turner | plays      | electric guitar   | -     | -   | -                |
| #1 | aaron turner | played     | -                 | with the black metal twilight band | -   | -                |
| #2 | aaron turner | played     | -                 | with the old man gloom band | -   | -                |
| #3 | a fusion     | is called  | death metal       | -     | of  | black metal      |"
reference0,1,the antwerp international airport is operated by the flemish government .,"# Output
| id | sbj | pred | obj_d | obj_i | sig | adv/cl/comp/sent |
| - | - | - | - | - | - | - |
| #0 | the Antwerp International Airport | is operated by | - | the Flemish Government | - | - |","| id | sbj                         | pred     | obj_d | obj_i | sig | adv/cl/comp/sent |
|----|-----------------------------|----------|-------|-------|-----|------------------|
| #0 | the Antwerp International Airport | is operated | -     | by the Flemish government | -   | -                |","| id | sbj                         | pred     | obj_d | obj_i | sig | adv/cl/comp/sent |
|----|-----------------------------|----------|-------|-------|-----|------------------|
| #0 | the Antwerp International Airport | is operated | -     | by the Flemish Government | -   | -                |"
reference0,2,denmark demonym is danes .,"| id | sbj     | pred | obj_d | obj_i | sig | adv/cl/comp/sent |
|----|---------|------|-------|-------|-----|------------------|
| #0 | denmark | has demonym | danes | -   | -   | -                |","| id | sbj     | pred | obj_d | obj_i | sig | adv/cl/comp/sent |
|----|---------|------|-------|-------|-----|-----------------|
| #0 | Denmark | has  | demonym | -    | -   | Danes           |","| id | sbj     | pred | obj_d | obj_i | sig | adv/cl/comp/sent |
|----|---------|------|-------|-------|-----|------------------|
| #0 | Denmark | has  | demonym | -    | -   | Danes            |"
reference0,3,the usaf was involved in the 1986 bombing of libya .,"| id | sbj  | pred     | obj_d              | obj_i | sig | adv/cl/comp/sent |
|----|------|----------|--------------------|-------|-----|------------------|
| #0 | USAF | was involved in | the 1986 bombing of Libya | -     | -   | -                |","| id | sbj  | pred     | obj_d               | obj_i | sig | adv/cl/comp/sent |
|----|------|----------|---------------------|-------|-----|------------------|
| #0 | USAF | was involved in | the 1986 bombing of Libya | -     | -   | -                |","| id | sbj  | pred     | obj_d                | obj_i | sig | adv/cl/comp/sent |
|----|------|----------|----------------------|-------|-----|------------------|
| #0 | USAF | was involved in | the 1986 bombing of Libya | -     | -   | -                |"
reference0,4,"to the southeast of adams county , pennsylvania lies carroll county , maryland .","# Output
| id | sbj | pred | obj_d | obj_i | sig | adv/cl/comp/sent |
| - | - | - | - | - | - | - |
| #0 | Carroll County, Maryland | lies | - | - | to the southeast of | Adams County, Pennsylvania |","# Output
| id | sbj | pred | obj_d | obj_i | sig | adv/cl/comp/sent |
| - | - | - | - | - | - | - |
| #0 | Carroll County, Maryland | lies | - | to the southeast of Adams County, Pennsylvania | - | - |","| id | sbj            | pred | obj_d           | obj_i | sig | adv/cl/comp/sent |
|----|----------------|------|-----------------|-------|-----|-----------------|
| #0 | Carroll County | lies | -               | to the southeast of Adams County, Pennsylvania | -   | -               |"
reference0,5,artur rasizade was an azerbaijan leader .,"| id | sbj          | pred | obj_d | obj_i | sig | adv/cl/comp/sent |
|----|--------------|------|-------|-------|-----|------------------|
| #0 | artur rasizade | was  | a leader | in Azerbaijan | -   | -                |","# Output
| id | sbj          | pred | obj_d | obj_i | sig | adv/cl/comp/sent |
|----|--------------|------|-------|-------|-----|------------------|
| #0 | artur rasizade | was  | leader | in azerbaijan | -   | -                |","| id | sbj          | pred | obj_d | obj_i | sig | adv/cl/comp/sent |
|----|--------------|------|-------|-------|-----|------------------|
| #0 | artur rasizade | was  | leader | in azerbaijan | -   | -                |"
reference0,6,prime minister of azerbaijan is the official title of the leader of azerbaijan .,"| id | sbj | pred | obj_d | obj_i | sig | adv/cl/comp/sent |
| - | - | - | - | - | - | - |
| #0 | prime minister of azerbaijan | is | the official title | of the leader of azerbaijan | - | - |","| id | sbj | pred | obj_d | obj_i | sig | adv/cl/comp/sent |
| - | - | - | - | - | - | - |
| #0 | prime minister of azerbaijan | is | the official title of the leader of azerbaijan | - | - | - |","| id | sbj | pred | obj_d | obj_i | sig | adv/cl/comp/sent |
| - | - | - | - | - | - | - |
| #0 | prime minister of azerbaijan | is | the official title of the leader of azerbaijan | - | - | - |
| #1 | the leader of azerbaijan | has official title | prime minister of azerbaijan | - | - | - |"
reference0,7,asher and mary isabelle richardson house has the reference number 88002539 in the national register of historic places .,"| id | sbj | pred | obj_d | obj_i | sig | adv/cl/comp/sent |
|----|-----|------|-------|-------|-----|-----------------|
| #0 | Asher and Mary Isabelle Richardson House | has | the reference number 88002539 | in the National Register of Historic Places | - | - |","| id | sbj | pred | obj_d | obj_i | sig | adv/cl/comp/sent |
| - | - | - | - | - | - | - |
| #0 | Asher and Mary Isabelle Richardson house | has | the reference number 88002539 | - | in | the national register of historic places |","| id | sbj | pred | obj_d | obj_i | sig | adv/cl/comp/sent |
| - | - | - | - | - | - | - |
| #0 | asher and mary isabelle richardson house | has | the reference number 88002539 | in the national register of historic places | - | - |"
reference0,8,"julia morgan has designed many significant buildings , including the los angeles herald examiner building .","| id | sbj         | pred     | obj_d                                    | obj_i | sig       | adv/cl/comp/sent |
|----|-------------|----------|------------------------------------------|-------|-----------|------------------|
| #0 | julia morgan | has designed | many significant buildings              | -     | -         | -                |
| #1 | julia morgan | has designed | the los angeles herald examiner building | -     | including | many significant buildings |","| id | sbj         | pred     | obj_d                                      | obj_i | sig       | adv/cl/comp/sent |
|----|-------------|----------|--------------------------------------------|-------|-----------|------------------|
| #0 | julia morgan | has designed | many significant buildings               | -     | -         | -                |
| #1 | julia morgan | has designed | the los angeles herald examiner building | -     | including | many significant buildings |","| id | sbj         | pred     | obj_d                              | obj_i | sig       | adv/cl/comp/sent |
|----|-------------|----------|------------------------------------|-------|-----------|------------------|
| #0 | julia morgan | has designed | many significant buildings         | -     | -         | -                |
| #1 | julia morgan | has designed | the los angeles herald examiner building | -     | including | many significant buildings |"
reference0,9,new york city is a part of new netherland .,"| id | sbj          | pred | obj_d             | obj_i | sig | adv/cl/comp/sent |
|----|--------------|------|-------------------|-------|-----|------------------|
| #0 | new york city | is a part of | new netherland | -     | -   | -                |","| id | sbj          | pred | obj_d            | obj_i | sig | adv/cl/comp/sent |
|----|--------------|------|------------------|-------|-----|-----------------|
| #0 | new york city | is a part of | new netherland | -     | -   | -               |","| id | sbj          | pred | obj_d | obj_i | sig | adv/cl/comp/sent |
|----|--------------|------|-------|-------|-----|------------------|
| #0 | new york city | is a part of | new netherland | -   | -   | -                |"
reference0,10,aenir is written in english .,"| id | sbj   | pred    | obj_d   | obj_i | sig | adv/cl/comp/sent |
|----|-------|---------|---------|-------|-----|------------------|
| #0 | aenir | is written | -       | in English | -   | -                |","| id | sbj   | pred     | obj_d   | obj_i | sig | adv/cl/comp/sent |
|----|-------|----------|---------|-------|-----|------------------|
| #0 | aenir | is written | -       | in English | -   | -                |","| id | sbj  | pred    | obj_d   | obj_i | sig | adv/cl/comp/sent |
|----|------|---------|---------|-------|-----|------------------|
| #0 | aenir | is written | -       | in English | -   | -                |"
reference0,11,the american journal of mathematics studies mathematics .,"| id | sbj | pred | obj_d | obj_i | sig | adv/cl/comp/sent |
| - | - | - | - | - | - | - |
| #0 | the american journal of mathematics | studies | mathematics | - | - | - |","| id | sbj                          | pred         | obj_d      | obj_i | sig | adv/cl/comp/sent |
|----|------------------------------|--------------|------------|-------|-----|------------------|
| #0 | the american journal of mathematics | studies | mathematics | -     | -   | -                |","| id | sbj                             | pred          | obj_d        | obj_i | sig | adv/cl/comp/sent |
|----|---------------------------------|---------------|--------------|-------|-----|-----------------|
| #0 | the american journal of mathematics | studies       | mathematics  | -     | -   | -               |"
reference0,12,the united states has an ethnic group called asian americans .,"| id | sbj             | pred       | obj_d           | obj_i | sig | adv/cl/comp/sent |
|----|-----------------|------------|-----------------|-------|-----|------------------|
| #0 | the united states | has       | an ethnic group | -     | -   | -                |
| #1 | an ethnic group  | is called  | asian americans | -     | -   | -                |","| id | sbj             | pred       | obj_d           | obj_i | sig | adv/cl/comp/sent |
|----|-----------------|------------|-----------------|-------|-----|------------------|
| #0 | the united states | has         | an ethnic group | -     | -   | -                |
| #1 | an ethnic group | is called   | asian americans | -     | -   | -                |","| id | sbj            | pred        | obj_d           | obj_i | sig | adv/cl/comp/sent |
|----|----------------|-------------|-----------------|-------|-----|------------------|
| #0 | the united states | has         | an ethnic group | -     | -   | -                |
| #1 | an ethnic group | is called | asian americans  | -     | -   | -                |"
reference0,13,a d isidro metapan play in a league called the salvadoran primera division .,"| id | sbj          | pred | obj_d                         | obj_i | sig | adv/cl/comp/sent |
|----|--------------|------|-------------------------------|-------|-----|------------------|
| #0 | Isidro Metapan | play | -                             | in a league called the Salvadoran Primera Division | -   | -                |","| id | sbj           | pred | obj_d                          | obj_i | sig | adv/cl/comp/sent |
|----|---------------|------|--------------------------------|-------|-----|------------------|
| #0 | Isidro Metapan | play | -                              | in a league called the Salvadoran Primera Division | -   | -                |
| #1 | the league     | is called | the Salvadoran Primera Division | -     | -   | -                |","| id | sbj          | pred | obj_d                        | obj_i | sig | adv/cl/comp/sent |
|----|--------------|------|------------------------------|-------|-----|------------------|
| #0 | Isidro Metapan | play | -                            | in a league called the Salvadoran Primera Division | -   | -                |
| #1 | a league      | is called | the Salvadoran Primera Division | -     | -   | -                |"
reference0,14,gubbio is in the region of umbria .,"| id | sbj   | pred | obj_d | obj_i | sig | adv/cl/comp/sent |
|----|-------|------|-------|-------|-----|------------------|
| #0 | gubbio | is in | the region of umbria | - | - | - |","| id | sbj   | pred | obj_d | obj_i | sig | adv/cl/comp/sent |
|----|-------|------|-------|-------|-----|------------------|
| #0 | gubbio | is in | the region of umbria | - | - | - |","| id | sbj   | pred | obj_d | obj_i | sig | adv/cl/comp/sent |
|----|-------|------|-------|-------|-----|------------------|
| #0 | gubbio | is in | the region of umbria | - | - | - |"
reference0,15,st . vincent - st . mary high school is in the united states .,"| id | sbj                             | pred | obj_d | obj_i | sig | adv/cl/comp/sent      |
|----|---------------------------------|------|-------|-------|-----|-----------------------|
| #0 | st . vincent - st . mary high school | is   | -     | in   | -   | the united states     |","| id | sbj                              | pred | obj_d | obj_i | sig | adv/cl/comp/sent      |
|----|----------------------------------|------|-------|-------|-----|-----------------------|
| #0 | St. Vincent - St. Mary High School | is   | -     | in    | -   | the United States     |","| id | sbj                             | pred | obj_d | obj_i | sig | adv/cl/comp/sent      |
|----|---------------------------------|------|-------|-------|-----|-----------------------|
| #0 | st . vincent - st . mary high school | is   | -     | in   | -   | the united states     |"
reference0,16,the 1 decembrie 1918 university is located in the state of alba .,"| id | sbj                             | pred    | obj_d | obj_i | sig | adv/cl/comp/sent |
|----|---------------------------------|---------|-------|-------|-----|------------------|
| #0 | the 1 decembrie 1918 university | is located | -     | in the state of alba | -   | -                |","| id | sbj                               | pred      | obj_d | obj_i | sig | adv/cl/comp/sent       |
|----|-----------------------------------|-----------|-------|-------|-----|------------------------|
| #0 | the 1 decembrie 1918 university  | is located | -     | in    | the state of alba        |","| id | sbj                             | pred    | obj_d | obj_i | sig | adv/cl/comp/sent        |
|----|---------------------------------|---------|-------|-------|-----|-------------------------|
| #0 | the 1 decembrie 1918 university | is located | -     | in the state of alba | -   | -                       |"
reference0,17,the northwest border to kerala is mahe in india .,"| id | sbj | pred | obj_d | obj_i | sig | adv/cl/comp/sent |
| - | - | - | - | - | - | - |
| #0 | the northwest border to kerala | is | mahe | in india | - | - |","| id | sbj | pred | obj_d | obj_i | sig | adv/cl/comp/sent |
| - | - | - | - | - | - | - |
| #0 | the northwest border to Kerala | is | Mahe | in India | - | - |","| id | sbj | pred | obj_d | obj_i | sig | adv/cl/comp/sent |
| - | - | - | - | - | - | - |
| #0 | the northwest border to kerala | is | mahe | in India | - | - |"
reference0,18,the capital of romania is bucharest .,"| id | sbj             | pred | obj_d     | obj_i | sig | adv/cl/comp/sent |
|----|-----------------|------|-----------|-------|-----|------------------|
| #0 | the capital     | is   | Bucharest | of Romania | -   | -                |","| id | sbj           | pred | obj_d     | obj_i | sig | adv/cl/comp/sent |
|----|---------------|------|-----------|-------|-----|------------------|
| #0 | the capital   | is   | Bucharest | of Romania | -   | -                |","| id | sbj              | pred | obj_d      | obj_i | sig | adv/cl/comp/sent |
|----|------------------|------|------------|-------|-----|------------------|
| #0 | the capital of Romania | is  | Bucharest | -     | -   | -                |"
reference0,19,nasa selected buzz aldrin in 1963 .,"| id | sbj  | pred     | obj_d       | obj_i | sig | adv/cl/comp/sent |
|----|------|----------|-------------|-------|-----|-----------------|
| #0 | nasa | selected | buzz aldrin | -     | in  | 1963            |","| id | sbj  | pred    | obj_d        | obj_i | sig | adv/cl/comp/sent |
|----|------|---------|--------------|-------|-----|-----------------|
| #0 | nasa | selected | buzz aldrin  | -     | in  | 1963            |","| id | sbj  | pred     | obj_d        | obj_i | sig | adv/cl/comp/sent |
|----|------|----------|--------------|-------|-----|-----------------|
| #0 | nasa | selected | buzz aldrin  | -     | in  | 1963            |"
reference0,20,the gemstone of california is benitoite .,"# Output
| id | sbj | pred | obj_d | obj_i | sig | adv/cl/comp/sent |
| - | - | - | - | - | - | - |
| #0 | the gemstone of California | is | benitoite | - | - | - |","# Output
| id | sbj | pred | obj_d | obj_i | sig | adv/cl/comp/sent |
| - | - | - | - | - | - | - |
| #0 | the gemstone of California | is | benitoite | - | - | - |","# Output
| id | sbj | pred | obj_d | obj_i | sig | adv/cl/comp/sent |
| - | - | - | - | - | - | - |
| #0 | the gemstone of California | is | benitoite | - | - | - |"
reference0,21,"elliot see died on 28 february , 1966 .","| id | sbj     | pred | obj_d | obj_i | sig | adv/cl/comp/sent |
|----|---------|------|-------|-------|-----|------------------|
| #0 | elliot see | died | -     | -     | on  | 28 february, 1966 |","| id | sbj     | pred | obj_d | obj_i | sig | adv/cl/comp/sent     |
|----|---------|------|-------|-------|-----|----------------------|
| #0 | elliot see | died | -     | -     | on  | 28 february, 1966   |","| id | sbj       | pred | obj_d | obj_i | sig | adv/cl/comp/sent |
|----|-----------|------|-------|-------|-----|------------------|
| #0 | elliot see | died | -     | -     | on  | 28 february, 1966 |"
reference0,22,ben urich ' s full name is actually benjamin urich .,"| id | sbj       | pred      | obj_d            | obj_i | sig | adv/cl/comp/sent |
|----|-----------|-----------|------------------|-------|-----|------------------|
| #0 | ben urich | has full name | actually benjamin urich | -     | -   | -                |","| id | sbj       | pred       | obj_d          | obj_i | sig | adv/cl/comp/sent |
|----|-----------|------------|----------------|-------|-----|------------------|
| #0 | ben urich | has full name | benjamin urich | -     | -   | -                |","| id | sbj       | pred       | obj_d           | obj_i | sig | adv/cl/comp/sent |
|----|-----------|------------|-----------------|-------|-----|------------------|
| #0 | ben urich | has full name | actually benjamin urich | -     | -   | -                |"
reference0,23,jerry ordway is the creator of bibbo bibbowski .,"| id | sbj          | pred       | obj_d           | obj_i | sig | adv/cl/comp/sent |
|----|--------------|------------|-----------------|-------|-----|------------------|
| #0 | jerry ordway | is creator | bibbo bibbowski | of    | -   | -                |","| id | sbj         | pred      | obj_d           | obj_i | sig | adv/cl/comp/sent |
|----|-------------|-----------|-----------------|-------|-----|------------------|
| #0 | jerry ordway | is creator | bibbo bibbowski | of    | -   | -                |","| id | sbj         | pred     | obj_d           | obj_i | sig | adv/cl/comp/sent |
|----|-------------|----------|-----------------|-------|-----|------------------|
| #0 | jerry ordway | is       | the creator     | of bibbo bibbowski | -   | -                |
| #1 | jerry ordway | created  | bibbo bibbowski | -     | -   | -                |"
reference0,24,karl kesel ' s nationality is american .,"| id | sbj       | pred         | obj_d     | obj_i | sig | adv/cl/comp/sent |
|----|-----------|--------------|-----------|-------|-----|-----------------|
| #0 | Karl Kesel | has nationality | American | -     | -   | -               |","| id | sbj       | pred        | obj_d     | obj_i | sig | adv/cl/comp/sent |
|----|-----------|-------------|-----------|-------|-----|------------------|
| #0 | karl kesel | has nationality | american | -     | -   | -                |","| id | sbj       | pred          | obj_d     | obj_i | sig | adv/cl/comp/sent |
|----|-----------|---------------|-----------|-------|-----|------------------|
| #0 | karl kesel | has nationality | american | -     | -   | -                |"
reference0,25,"antioch , is part of contra costa county in california .","| id | sbj    | pred | obj_d | obj_i | sig | adv/cl/comp/sent |
|----|--------|------|-------|-------|-----|-----------------|
| #0 | antioch | is part of | contra costa county | in california | - | - |","| id | sbj    | pred       | obj_d                  | obj_i | sig | adv/cl/comp/sent |
|----|--------|------------|------------------------|-------|-----|-----------------|
| #0 | antioch | is part of | contra costa county    | in california | -   | -               |","| id | sbj   | pred | obj_d | obj_i | sig | adv/cl/comp/sent |
|----|-------|------|-------|-------|-----|------------------|
| #0 | antioch | is part of | contra costa county | in california | - | - |"
reference0,26,"orange county is in california , in the united states .","# Output
| id | sbj         | pred | obj_d | obj_i | sig | adv/cl/comp/sent |
|----|-------------|------|-------|-------|-----|------------------|
| #0 | orange county | is in | -     | -     | -   | california       |
| #1 | california    | is in | -     | -     | -   | the united states |","# Output
| id | sbj          | pred | obj_d | obj_i | sig | adv/cl/comp/sent |
|----|--------------|------|-------|-------|-----|------------------|
| #0 | orange county | is in | california | - | - | - |
| #1 | california    | is in | the united states | - | - | - |","# Output
| id | sbj         | pred | obj_d | obj_i | sig | adv/cl/comp/sent |
|----|-------------|------|-------|-------|-----|------------------|
| #0 | orange county | is in | california | - | - | - |
| #1 | california | is in | the united states | - | - | - |"
reference0,27,"the united states house of representatives , is located in the united states capitol .","| id | sbj                             | pred     | obj_d | obj_i | sig | adv/cl/comp/sent                |
|----|---------------------------------|----------|-------|-------|-----|---------------------------------|
| #0 | the united states house of representatives | is located | -     | in   | the united states capitol       |","| id | sbj | pred | obj_d | obj_i | sig | adv/cl/comp/sent |
| - | - | - | - | - | - | - |
| #0 | the United States House of Representatives | is located | - | in the United States Capitol | - | - |","| id | sbj                             | pred    | obj_d | obj_i | sig | adv/cl/comp/sent              |
|----|---------------------------------|---------|-------|-------|-----|-------------------------------|
| #0 | the United States House of Representatives | is located | -     | in  | the United States Capitol   |"
reference0,28,batagor and shumai are variations on the same dish .,"# Output
| id | sbj     | pred        | obj_d | obj_i | sig | adv/cl/comp/sent |
|----|---------|-------------|-------|-------|-----|------------------|
| #0 | batagor | is variation | -     | on    | the same dish     |
| #1 | shumai  | is variation | -     | on    | the same dish     |","| id | sbj     | pred      | obj_d    | obj_i | sig | adv/cl/comp/sent |
|----|---------|-----------|----------|-------|-----|------------------|
| #0 | batagor | are       | variations | -   | on  | the same dish    |
| #1 | shumai  | are       | variations | -   | on  | the same dish    |","| id | sbj     | pred    | obj_d | obj_i | sig | adv/cl/comp/sent |
|----|---------|---------|-------|-------|-----|------------------|
| #0 | batagor | is      | a variation | -   | on  | the same dish    |
| #1 | shumai  | is      | a variation | -   | on  | the same dish    |"
reference0,29,bionico is found in the region of jalisco .,"| id | sbj    | pred  | obj_d | obj_i | sig | adv/cl/comp/sent |
|----|--------|-------|-------|-------|-----|------------------|
| #0 | bionico | is found | -    | in the region of Jalisco | -   | -                  |","| id | sbj    | pred  | obj_d | obj_i | sig | adv/cl/comp/sent |
|----|--------|-------|-------|-------|-----|------------------|
| #0 | bionico | is found | -     | in the region of Jalisco | -   | -                  |","| id | sbj    | pred  | obj_d | obj_i | sig | adv/cl/comp/sent |
|----|--------|-------|-------|-------|-----|------------------|
| #0 | bionico | is found | -    | in the region of Jalisco | -   | -                  |"
reference0,30,indonesian language is the language spoken in indonesia .,"# Output
| id | sbj | pred | obj_d | obj_i | sig | adv/cl/comp/sent |
| - | - | - | - | - | - | - |
| #0 | indonesian language | is | the language spoken | in Indonesia | - | - |","| id | sbj                | pred   | obj_d | obj_i | sig | adv/cl/comp/sent |
|----|--------------------|--------|-------|-------|-----|------------------|
| #0 | indonesian language | is     | the language spoken | in Indonesia | -   | -                |","| id | sbj | pred | obj_d | obj_i | sig | adv/cl/comp/sent |
|----|-----|------|-------|-------|-----|-----------------|
| #0 | Indonesian language | is | the language spoken | in Indonesia | - | - |"
reference0,31,the 11th mississippi infantry monument is categorized as a contributing property and was established in 2000 .,"| id | sbj | pred | obj_d | obj_i | sig | adv/cl/comp/sent |
|----|-----|------|-------|-------|-----|-----------------|
| #0 | the 11th mississippi infantry monument | is categorized | as a contributing property | - | - | - |
| #1 | the 11th mississippi infantry monument | was established | - | - | in | 2000 |","| id | sbj                                     | pred        | obj_d                  | obj_i | sig | adv/cl/comp/sent       |
|----|-----------------------------------------|-------------|------------------------|-------|-----|------------------------|
| #0 | the 11th mississippi infantry monument  | is          | a contributing property | -     | -   | -                      |
| #1 | the 11th mississippi infantry monument  | was established | -                  | in    | 2000 | -                      |","| id | sbj | pred | obj_d | obj_i | sig | adv/cl/comp/sent |
| - | - | - | - | - | - | - |
| #0 | the 11th mississippi infantry monument | is categorized as | a contributing property | - | - | - |
| #1 | the 11th mississippi infantry monument | was established | - | - | in | 2000 |"
reference0,32,"the 14th new jersey volunteer infantry monument is near frederick , maryland in the district of the monocacy national battlefield .","| id | sbj | pred | obj_d | obj_i | sig | adv/cl/comp/sent |
| - | - | - | - | - | - | - |
| #0 | the 14th New Jersey Volunteer Infantry Monument | is located | - | near Frederick, Maryland | in | the district of the Monocacy National Battlefield |","| id | sbj | pred | obj_d | obj_i | sig | adv/cl/comp/sent |
| - | - | - | - | - | - | - |
| #0 | the 14th New Jersey Volunteer Infantry Monument | is located | - | near Frederick, Maryland | in | the district of the Monocacy National Battlefield |","| id | sbj | pred | obj_d | obj_i | sig | adv/cl/comp/sent |
| - | - | - | - | - | - | - |
| #0 | the 14th New Jersey Volunteer Infantry Monument | is located | - | near Frederick, Maryland | in | the district of the Monocacy National Battlefield |"
reference0,33,"the baku turkish martyrs memorial , located in azerbaijan , is dedicated to the ottoman army soldiers killed in the battle of baku .","| id | sbj | pred | obj_d | obj_i | sig | adv/cl/comp/sent |
| - | - | - | - | - | - | - |
| #0 | the Baku Turkish Martyrs Memorial | is located | - | in Azerbaijan | - | - |
| #1 | the Baku Turkish Martyrs Memorial | is dedicated | - | to the Ottoman army soldiers | - | - |
| #2 | the Ottoman army soldiers | were killed | - | in the Battle of Baku | - | - |","# Output
| id | sbj                                      | pred      | obj_d | obj_i | sig  | adv/cl/comp/sent                  |
|----|------------------------------------------|-----------|-------|-------|------|-----------------------------------|
| #0 | the Baku Turkish Martyrs Memorial        | is located | -     | in Azerbaijan | -    | -                                 |
| #1 | the Baku Turkish Martyrs Memorial        | is dedicated | -   | to the Ottoman army soldiers | -    | -                                 |
| #2 | the Ottoman army soldiers                | were killed | -    | in the Battle of Baku | -    | -                                 |","# Output
| id | sbj | pred | obj_d | obj_i | sig | adv/cl/comp/sent |
| - | - | - | - | - | - | - |
| #0 | the Baku Turkish Martyrs Memorial | is located | - | in Azerbaijan | - | - |
| #1 | the Baku Turkish Martyrs Memorial | is dedicated | - | to the Ottoman army soldiers | - | - |
| #2 | the Ottoman army soldiers | were killed | - | in the Battle of Baku | - | - |"
reference0,34,arlington in texas is located at 184 . 0 metres above sea level and has a total area of 258 . 2 square kilometres .,"| id | sbj | pred | obj_d | obj_i | sig | adv/cl/comp/sent |
| - | - | - | - | - | - | - |
| #0 | Arlington in Texas | is located at | 184.0 metres | above sea level | - | - |
| #1 | Arlington in Texas | has | a total area of 258.2 square kilometres | - | - | - |","| id | sbj | pred | obj_d | obj_i | sig | adv/cl/comp/sent |
| - | - | - | - | - | - | - |
| #0 | Arlington in Texas | is located at | 184.0 metres | above sea level | - | - |
| #1 | Arlington in Texas | has | a total area of 258.2 square kilometres | - | - | - |","| id | sbj | pred | obj_d | obj_i | sig | adv/cl/comp/sent |
| - | - | - | - | - | - | - |
| #0 | Arlington in Texas | is located at | 184.0 metres | above sea level | - | - |
| #1 | Arlington in Texas | has | a total area of 258.2 square kilometres | - | - | - |"
reference0,35,"atlantic city , new jersey is in the united states , the capital of which is washington dc .","| id | sbj                       | pred | obj_d | obj_i | sig | adv/cl/comp/sent       |
|----|---------------------------|------|-------|-------|-----|------------------------|
| #0 | Atlantic City, New Jersey | is   | -     | in    | -   | the United States      |
| #1 | the United States         | has  | -     | as    | -   | capital Washington DC  |
| #2 | Washington DC             | is   | -     | -     | the capital of | the United States |","| id | sbj                  | pred | obj_d            | obj_i | sig | adv/cl/comp/sent |
|----|----------------------|------|------------------|-------|-----|------------------|
| #0 | Atlantic City, New Jersey | is in | the United States | -     | -   | -                |
| #1 | the United States         | has capital | Washington DC   | -     | -   | -                |","| id | sbj                  | pred | obj_d | obj_i | sig | adv/cl/comp/sent |
|----|----------------------|------|-------|-------|-----|------------------|
| #0 | Atlantic City, New Jersey | is in | the United States | - | - | - |
| #1 | the United States | has capital | Washington DC | - | - | - |"
reference0,36,"albany , oregon is part of the united states , where washington , d . c . is the capital .","| id | sbj            | pred     | obj_d             | obj_i | sig   | adv/cl/comp/sent |
|----|----------------|----------|-------------------|-------|-------|------------------|
| #0 | Albany, Oregon | is part of | the United States |       |       |                  |
| #1 | the United States | has capital | Washington, D.C. |       | where |                  |","| id | sbj            | pred      | obj_d             | obj_i | sig   | adv/cl/comp/sent |
|----|----------------|-----------|-------------------|-------|-------|------------------|
| #0 | Albany, Oregon | is part of | the United States | -     | where | #1               |
| #1 | Washington, D.C. | is       | the capital       | of    | the United States | - |","| id | sbj           | pred       | obj_d             | obj_i | sig  | adv/cl/comp/sent |
|----|---------------|------------|-------------------|-------|------|------------------|
| #0 | Albany, Oregon| is part of | the United States | -     | -    | -                |
| #1 | the United States | has capital | Washington, D.C. | -     | where| -                |"
reference0,37,ayam penyet is from indonesia and is a popular dish in malaysia .,"| id | sbj          | pred  | obj_d      | obj_i | sig | adv/cl/comp/sent |
|----|--------------|-------|------------|-------|-----|------------------|
| #0 | ayam penyet  | is from | Indonesia | -     | -   | -                |
| #1 | ayam penyet  | is    | a popular dish | in Malaysia | - | -          |","| id | sbj | pred | obj_d | obj_i | sig | adv/cl/comp/sent |
|----|-----|------|-------|-------|-----|-----------------|
| #0 | ayam penyet | is from | Indonesia | - | - | - |
| #1 | ayam penyet | is | a popular dish | in Malaysia | - | - |","| id | sbj         | pred     | obj_d       | obj_i | sig | adv/cl/comp/sent |
|----|-------------|----------|-------------|-------|-----|------------------|
| #0 | ayam penyet | is from  | Indonesia   | -     | -   | -                |
| #1 | ayam penyet | is       | a popular dish | in Malaysia | - | -                |"
reference0,38,baked alaska comes from the country of france and one of the ingredients is sponge cake .,"| id | sbj          | pred      | obj_d        | obj_i | sig | adv/cl/comp/sent |
|----|--------------|-----------|--------------|-------|-----|------------------|
| #0 | baked alaska | comes from | the country of France | -     | -   | -                |
| #1 | baked alaska | has        | sponge cake  | as one of the ingredients | -   | -                |","| id | sbj          | pred      | obj_d        | obj_i | sig | adv/cl/comp/sent |
|----|--------------|-----------|--------------|-------|-----|------------------|
| #0 | baked alaska | comes from | the country of France | -     | -   | -                |
| #1 | baked alaska | has        | sponge cake  | as one of the ingredients | -   | -                |","| id | sbj          | pred     | obj_d        | obj_i | sig | adv/cl/comp/sent |
|----|--------------|----------|--------------|-------|-----|------------------|
| #0 | baked alaska | comes    | -            | from  | the country of France |
| #1 | baked alaska | has      | sponge cake  | as one of the ingredients | - | - |"
reference0,39,"the main ingredients in beef kway teow made in singapore and indonesia are kway teow , beef tender loin , gula melaka , sliced , dried black beans , garlic , dark soy sauce , lengkuas , oyster sauce , soya sauce , chilli and sesame oil .","# Output
| id | sbj | pred | obj_d | obj_i | sig | adv/cl/comp/sent |
| - | - | - | - | - | - | - |
| #0 | beef kway teow | is made in | Singapore and Indonesia | - | - | - |
| #1 | beef kway teow | has main ingredients | kway teow, beef tenderloin, gula melaka, sliced dried black beans, garlic, dark soy sauce, lengkuas, oyster sauce, soya sauce, chilli, sesame oil | - | - | - |
| #2 | beef tenderloin | is | sliced | - | - | - |","# Output
| id | sbj | pred | obj_d | obj_i | sig | adv/cl/comp/sent |
| - | - | - | - | - | - | - |
| #0 | beef kway teow | is made | - | in Singapore and Indonesia | - | - |
| #1 | beef kway teow | has main ingredients | kway teow, beef tenderloin, gula melaka, sliced dried black beans, garlic, dark soy sauce, lengkuas, oyster sauce, soya sauce, chilli, sesame oil | - | - | - |","# Output
| id | sbj | pred | obj_d | obj_i | sig | adv/cl/comp/sent |
| - | - | - | - | - | - | - |
| #0 | beef kway teow | is made in | Singapore and Indonesia | - | - | - |
| #1 | beef kway teow | has main ingredients | kway teow, beef tender loin, gula melaka, sliced dried black beans, garlic, dark soy sauce, lengkuas, oyster sauce, soya sauce, chilli, sesame oil | - | - | - |"
reference0,40,allama iqbal international airport is located in pakistan where anwar zaheer jamali is a leader .,"| id | sbj                             | pred     | obj_d                              | obj_i | sig   | adv/cl/comp/sent              |
|----|---------------------------------|----------|------------------------------------|-------|-------|-------------------------------|
| #0 | allama iqbal international airport | is located | -                                  | in pakistan | -     | -                             |
| #1 | pakistan                        | is located in | -                                  | -     | where | anwar zaheer jamali is a leader |
| #2 | anwar zaheer jamali             | is         | a leader                           | -     | -     | -                             |","| id | sbj                              | pred   | obj_d                                | obj_i | sig   | adv/cl/comp/sent |
|----|----------------------------------|--------|--------------------------------------|-------|-------|------------------|
| #0 | allama iqbal international airport | is located | -                                    | in pakistan | -     | -                |
| #1 | pakistan                         | has leader | anwar zaheer jamali                   | -     | where | #0               |","| id | sbj                             | pred     | obj_d                               | obj_i | sig   | adv/cl/comp/sent           |
|----|---------------------------------|----------|-------------------------------------|-------|-------|---------------------------|
| #0 | allama iqbal international airport | is located | -                                   | in pakistan | -     | -                         |
| #1 | pakistan                        | has leader | anwar zaheer jamali                  | -     | where | allama iqbal international airport is located |"
reference0,41,the city of luanda is served by angola international airport which has a runway that is 3800 metres long .,"| id | sbj | pred | obj_d | obj_i | sig | adv/cl/comp/sent |
| - | - | - | - | - | - | - |
| #0 | the city of Luanda | is served by | Angola International Airport | - | - | - |
| #1 | Angola International Airport | has | a runway | - | - | - |
| #2 | a runway | is | 3800 metres long | - | - | - |","| id | sbj | pred | obj_d | obj_i | sig | adv/cl/comp/sent |
| - | - | - | - | - | - | - |
| #0 | the city of Luanda | is served by | Angola International Airport | - | - | - |
| #1 | Angola International Airport | has | a runway | - | - | - |
| #2 | a runway | is | 3800 metres long | - | - | - |","| id | sbj | pred | obj_d | obj_i | sig | adv/cl/comp/sent |
| - | - | - | - | - | - | - |
| #0 | the city of Luanda | is served by | Angola International Airport | - | - | - |
| #1 | Angola International Airport | has | a runway | - | - | #2 |
| #2 | a runway | is | 3800 metres long | - | - | - |"
reference0,42,"atlantic city international airport is in egg harbor township , new jersey , united states .","| id | sbj                                 | pred | obj_d | obj_i | sig | adv/cl/comp/sent      |
|----|-------------------------------------|------|-------|-------|-----|-----------------------|
| #0 | Atlantic City International Airport | is   | -     | in    | -   | Egg Harbor Township   |
| #1 | Atlantic City International Airport | is   | -     | in    | -   | New Jersey, United States |","| id | sbj                                 | pred | obj_d | obj_i | sig | adv/cl/comp/sent           |
|----|-------------------------------------|------|-------|-------|-----|----------------------------|
| #0 | atlantic city international airport | is   | -     | in    | -   | egg harbor township, new jersey, united states |","| id | sbj                                 | pred | obj_d | obj_i | sig | adv/cl/comp/sent                |
|----|-------------------------------------|------|-------|-------|-----|---------------------------------|
| #0 | atlantic city international airport | is   | -     | in    | -   | egg harbor township, new jersey, united states |"
reference0,43,"verona , italy is the home to a . c . chievo verona which has 39371 members .","| id | sbj | pred | obj_d | obj_i | sig | adv/cl/comp/sent |
|----|-----|------|-------|-------|-----|-----------------|
| #0 | A.C. Chievo Verona | is based in | Verona, Italy | - | - | - |
| #1 | A.C. Chievo Verona | has | 39371 members | - | - | - |","| id | sbj | pred | obj_d | obj_i | sig | adv/cl/comp/sent |
|----|-----|------|-------|-------|-----|-----------------|
| #0 | Verona, Italy | is the home to | A.C. Chievo Verona | - | - | - |
| #1 | A.C. Chievo Verona | has | 39371 members | - | - | - |","| id | sbj | pred | obj_d | obj_i | sig | adv/cl/comp/sent |
| - | - | - | - | - | - | - |
| #0 | Verona, Italy | is the home to | A.C. Chievo Verona | - | - | - |
| #1 | A.C. Chievo Verona | has | 39371 members | - | - | - |"
reference0,44,"rolando maran , who has managed ac chievo verona , was born in italy .","| id | sbj          | pred       | obj_d | obj_i | sig | adv/cl/comp/sent |
|----|--------------|------------|-------|-------|-----|------------------|
| #0 | rolando maran| was born   | -     | in Italy | -   | -                |
| #1 | rolando maran| has managed| ac chievo verona | -   | -   | -                |","| id | sbj           | pred      | obj_d | obj_i | sig | adv/cl/comp/sent |
|----|---------------|-----------|-------|-------|-----|------------------|
| #0 | rolando maran | was born  | -     | in italy | -   | -                |
| #1 | rolando maran | has managed | ac chievo verona | - | - | -                |","| id | sbj           | pred         | obj_d             | obj_i | sig | adv/cl/comp/sent |
|----|---------------|--------------|-------------------|-------|-----|------------------|
| #0 | rolando maran | has managed  | ac chievo verona  | -     | -   | -                |
| #1 | rolando maran | was born     | -                 | in italy | - | -                |
| #2 | rolando maran | is           | -                 | -     | who | has managed ac chievo verona |"
reference0,45,"azal arena is the ground of azal pfk which is located in shuvalan , baku , azerbaijan .","| id | sbj       | pred      | obj_d    | obj_i | sig  | adv/cl/comp/sent            |
|----|-----------|-----------|----------|-------|------|-----------------------------|
| #0 | azal arena| is        | the ground | of azal pfk | -    | -                           |
| #1 | azal pfk  | is located| -        | in shuvalan, Baku, Azerbaijan | -    | -                           |","| id | sbj       | pred     | obj_d | obj_i | sig    | adv/cl/comp/sent       |
|----|-----------|----------|-------|-------|--------|------------------------|
| #0 | azal arena| is       | -     | -     | the ground of | azal pfk |
| #1 | azal pfk  | is located in | shuvalan, Baku, Azerbaijan | - | - | - |","| id | sbj       | pred     | obj_d     | obj_i | sig    | adv/cl/comp/sent                |
|----|-----------|----------|-----------|-------|--------|---------------------------------|
| #0 | azal arena | is       | the ground | of azal pfk | -      | -                               |
| #1 | azal pfk   | is located | -         | in shuvalan, baku, azerbaijan | -      | -                               |
| #2 | azal arena | has ground | azal pfk  | -     | -      | -                               |"
reference0,46,1634 : the bavarian crisis was written by eric flint and preceded by the grantville gazettes .,"# Output
| id | sbj                | pred    | obj_d                | obj_i | sig       | adv/cl/comp/sent |
|----|--------------------|---------|----------------------|-------|-----------|------------------|
| #0 | the bavarian crisis| was written | by Eric Flint       | -     | -         | -                |
| #1 | the bavarian crisis| was preceded | by the grantville gazettes | -     | -         | -                |","# Output
| id | sbj                | pred     | obj_d                | obj_i | sig      | adv/cl/comp/sent |
|----|--------------------|----------|----------------------|-------|----------|------------------|
| #0 | the bavarian crisis| was written | by eric flint       | -     | -        | -                |
| #1 | the bavarian crisis| was preceded | by the grantville gazettes | -     | -        | -                |","# Output
| id | sbj                | pred     | obj_d                | obj_i | sig      | adv/cl/comp/sent |
|----|--------------------|----------|----------------------|-------|----------|------------------|
| #0 | the bavarian crisis| was written by | eric flint         | -     | -        | -                |
| #1 | the bavarian crisis| was preceded by | the grantville gazettes | - | -        | -                |"
reference0,47,"a fortress of grey ice has 672 pages , and has the isbn number 0 - 7653 - 0633 - 6 .","| id | sbj                | pred  | obj_d  | obj_i | sig | adv/cl/comp/sent |
|----|--------------------|-------|--------|-------|-----|------------------|
| #0 | a fortress of grey ice | has   | 672 pages | -     | -   | -                |
| #1 | a fortress of grey ice | has   | the isbn number | -     | -   | 0 - 7653 - 0633 - 6 |","| id | sbj                | pred     | obj_d            | obj_i | sig | adv/cl/comp/sent |
|----|--------------------|----------|------------------|-------|-----|------------------|
| #0 | a fortress of grey ice | has      | 672 pages        | -     | -   | -                |
| #1 | a fortress of grey ice | has      | the isbn number  | -     | -   | 0-7653-0633-6    |","| id | sbj                | pred      | obj_d           | obj_i | sig | adv/cl/comp/sent |
|----|--------------------|-----------|-----------------|-------|-----|------------------|
| #0 | a fortress of grey ice | has       | 672 pages       | -     | -   | -                |
| #1 | a fortress of grey ice | has       | the isbn number | -     | -   | 0-7653-0633-6    |"
reference0,48,a long long way has 292 pages and the isbn number is 0 - 670 - 03380 - 4 .,"| id | sbj | pred | obj_d | obj_i | sig | adv/cl/comp/sent |
| - | - | - | - | - | - | - |
| #0 | a long long way | has | 292 pages | - | - | - |
| #1 | a long long way | has | isbn number | - | - | 0 - 670 - 03380 - 4 |","| id | sbj | pred | obj_d | obj_i | sig | adv/cl/comp/sent |
| - | - | - | - | - | - | - |
| #0 | a long long way | has | 292 pages | - | - | - |
| #1 | a long long way | has | isbn number | - | - | 0 - 670 - 03380 - 4 |","| id | sbj | pred | obj_d | obj_i | sig | adv/cl/comp/sent |
| - | - | - | - | - | - | - |
| #0 | a long long way | has | 292 pages | - | - | - |
| #1 | a long long way | has | isbn number | - | - | 0 - 670 - 03380 - 4 |"
reference0,49,the uab is the nickname of the 1 1918 decembrie university in the state of alba .,"| id | sbj | pred | obj_d | obj_i | sig | adv/cl/comp/sent |
| - | - | - | - | - | - | - |
| #0 | the uab | is the nickname of | the 1 1918 decembrie university | in the state of alba | - | - |","| id | sbj | pred | obj_d | obj_i | sig | adv/cl/comp/sent |
| - | - | - | - | - | - | - |
| #0 | the uab | is the nickname of | the 1 1918 decembrie university | in the state of alba | - | - |","| id | sbj | pred | obj_d | obj_i | sig | adv/cl/comp/sent |
| - | - | - | - | - | - | - |
| #0 | the uab | is the nickname of | the 1 1918 decembrie university | in the state of alba | - | - |"
reference0,50,the acharya institute of technology is affiliated with the visvesvaraya technological university in the city of belgaum .,"| id | sbj                           | pred       | obj_d | obj_i | sig | adv/cl/comp/sent             |
|----|-------------------------------|------------|-------|-------|-----|-----------------------------|
| #0 | the acharya institute of technology | is affiliated | -     | with the visvesvaraya technological university | in | the city of belgaum |","| id | sbj                           | pred        | obj_d | obj_i | sig | adv/cl/comp/sent               |
|----|-------------------------------|-------------|-------|-------|-----|--------------------------------|
| #0 | the acharya institute of technology | is affiliated | -     | with the visvesvaraya technological university | in | the city of belgaum |","| id | sbj                           | pred       | obj_d | obj_i | sig | adv/cl/comp/sent          |
|----|-------------------------------|------------|-------|-------|-----|---------------------------|
| #0 | the acharya institute of technology | is affiliated | -     | with the visvesvaraya technological university | in | the city of belgaum |"
reference0,51,awh engineering college is located in kerala whose leader is kochi .,"| id | sbj                | pred     | obj_d | obj_i | sig   | adv/cl/comp/sent |
|----|--------------------|----------|-------|-------|-------|------------------|
| #0 | awh engineering college | is located | -     | in kerala | whose | #1              |
| #1 | kerala              | has leader | kochi | -     | -     | -                |","| id | sbj                | pred    | obj_d                  | obj_i | sig   | adv/cl/comp/sent |
|----|--------------------|---------|------------------------|-------|-------|------------------|
| #0 | awh engineering college | is located | -                      | in kerala | whose | #1              |
| #1 | kerala              | has leader | kochi                  | -     | -     | -                |","| id | sbj                | pred     | obj_d | obj_i | sig   | adv/cl/comp/sent     |
|----|--------------------|----------|-------|-------|-------|---------------------|
| #0 | awh engineering college | is located | -     | in kerala | whose | #1               |
| #1 | kerala              | has leader | kochi | -     | -     | -                   |"
reference0,52,"graeme garden stars in bananaman , which is broadcast by stv .","| id | sbj           | pred     | obj_d     | obj_i | sig | adv/cl/comp/sent |
|----|---------------|----------|-----------|-------|-----|------------------|
| #0 | graeme garden | stars in | bananaman | -     | -   | -                |
| #1 | bananaman     | is broadcast by | stv | -     | -   | -                |","| id | sbj        | pred      | obj_d     | obj_i | sig | adv/cl/comp/sent |
|----|------------|-----------|-----------|-------|-----|------------------|
| #0 | graeme garden | stars in | bananaman | -     | -   | -                |
| #1 | bananaman  | is broadcast | -         | by stv | -   | -                |","| id | sbj           | pred     | obj_d     | obj_i | sig | adv/cl/comp/sent |
|----|---------------|----------|-----------|-------|-----|------------------|
| #0 | graeme garden | stars in | bananaman | -     | -   | -                |
| #1 | bananaman     | is broadcast | -     | by stv | -   | -                |"
reference0,53,"baymax , created by steve t . seagle , is a character in big hero 6 .","| id | sbj     | pred     | obj_d           | obj_i | sig | adv/cl/comp/sent |
|----|---------|----------|-----------------|-------|-----|-----------------|
| #0 | baymax  | is       | a character     | in big hero 6 | -   | -               |
| #1 | baymax  | was created | by steve t. seagle | -     | -   | -               |","| id | sbj     | pred      | obj_d         | obj_i | sig | adv/cl/comp/sent |
|----|---------|-----------|---------------|-------|-----|------------------|
| #0 | baymax  | is        | a character   | in big hero 6 | -   | -                |
| #1 | baymax  | was created | by steve t. seagle | -     | -   | -                |","| id | sbj     | pred       | obj_d     | obj_i | sig | adv/cl/comp/sent |
|----|---------|------------|-----------|-------|-----|------------------|
| #0 | baymax  | is         | a character | in big hero 6 | - | - |
| #1 | baymax  | was created | -         | by steve t. seagle | - | - |"
reference0,54,"bibbo bibbowski , often called bo bibbowski , was created by marv wolfman .","| id | sbj             | pred     | obj_d | obj_i | sig | adv/cl/comp/sent |
|----|-----------------|----------|-------|-------|-----|------------------|
| #0 | bibbo bibbowski | was created | -     | by marv wolfman | -   | -                |
| #1 | bibbo bibbowski | is often called | bo bibbowski | -   | -   | -                |","| id | sbj             | pred       | obj_d | obj_i | sig | adv/cl/comp/sent |
|----|-----------------|------------|-------|-------|-----|------------------|
| #0 | bibbo bibbowski | was created | -     | by    | -   | marv wolfman     |
| #1 | bibbo bibbowski | is often called | bo bibbowski | - | - | -                |","| id | sbj | pred | obj_d | obj_i | sig | adv/cl/comp/sent |
| - | - | - | - | - | - | - |
| #0 | bibbo bibbowski | is often called | bo bibbowski | - | - | - |
| #1 | bibbo bibbowski | was created | - | by marv wolfman | - | - |"
reference0,55,"buzz aldrin was born in glen ridge , located in the essex county in new jersey .","| id | sbj        | pred  | obj_d | obj_i | sig   | adv/cl/comp/sent             |
|----|------------|-------|-------|-------|-------|------------------------------|
| #0 | buzz aldrin| was born | -     | in glen ridge | -     | -                            |
| #1 | glen ridge | is located | -     | in the essex county | -     | -                      |
| #2 | the essex county | is in | new jersey | -     | -     | -                            |","| id | sbj        | pred  | obj_d | obj_i | sig   | adv/cl/comp/sent          |
|----|------------|-------|-------|-------|-------|---------------------------|
| #0 | buzz aldrin | was born | -     | in glen ridge | -     | -                         |
| #1 | glen ridge  | is located | -     | in the essex county | -     | -                         |
| #2 | the essex county | is in  | new jersey | -     | -     | -                         |","| id | sbj       | pred    | obj_d | obj_i | sig  | adv/cl/comp/sent            |
|----|-----------|---------|-------|-------|------|-----------------------------|
| #0 | buzz aldrin | was born | -     | in glen ridge | -    | -                           |
| #1 | glen ridge  | is located | -     | in the essex county | -    | -                           |
| #2 | the essex county | is in  | new jersey | -    | -    | -                           |"
reference0,56,the apollo 8 crew included the british hong kong - born william anders .,"| id | sbj | pred | obj_d | obj_i | sig | adv/cl/comp/sent |
| - | - | - | - | - | - | - |
| #0 | the Apollo 8 crew | included | William Anders | - | - | - |
| #1 | William Anders | was born | - | in British Hong Kong | - | - |","| id | sbj | pred | obj_d | obj_i | sig | adv/cl/comp/sent |
| - | - | - | - | - | - | - |
| #0 | the Apollo 8 crew | included | William Anders | - | - | - |
| #1 | William Anders | was born | - | in British Hong Kong | - | - |","| id | sbj | pred | obj_d | obj_i | sig | adv/cl/comp/sent |
|----|-----|------|-------|-------|-----|-----------------|
| #0 | the Apollo 8 crew | included | William Anders | - | - | - |
| #1 | William Anders | was born | - | in British Hong Kong | - | - |"
reference0,57,"william anders graduated , with an m . s . , from afit in 1962 , and is now retired .","| id | sbj           | pred       | obj_d | obj_i | sig | adv/cl/comp/sent |
|----|---------------|------------|-------|-------|-----|------------------|
| #0 | william anders| graduated  | -     | from afit | with | an m.s. in 1962 |
| #1 | william anders| is         | retired | -    | -   | -                |
| #2 | william anders| graduated  | -     | from afit | in  | 1962            |
| #3 | william anders| has degree | an m.s. | -    | from | afit             |
| #4 | william anders| has degree | an m.s. | -    | in  | 1962             |","| id | sbj          | pred        | obj_d | obj_i | sig | adv/cl/comp/sent |
|----|--------------|-------------|-------|-------|-----|------------------|
| #0 | william anders | graduated   | -     | from afit | with | an m.s. in 1962 |
| #1 | william anders | is          | retired | -     | now | -               |
| #2 | william anders | has         | an m.s. | -     | from | afit            |
| #3 | william anders | graduated   | in 1962 | -     | -    | -               |","| id | sbj          | pred      | obj_d | obj_i | sig | adv/cl/comp/sent |
|----|--------------|-----------|-------|-------|-----|------------------|
| #0 | william anders | graduated | -     | from afit | with | an m.s. in 1962 |
| #1 | william anders | is        | retired | -     | -   | -               |
| #2 | william anders | graduated | -     | from afit | in  | 1962            |"
reference0,58,108 st georges terrace was completed in 1988 and has a floor count of 50 .,"| id | sbj                 | pred       | obj_d      | obj_i | sig | adv/cl/comp/sent |
|----|---------------------|------------|------------|-------|-----|------------------|
| #0 | 108 St Georges Terrace | was completed | -          | -     | in  | 1988             |
| #1 | 108 St Georges Terrace | has          | a floor count | of 50 | -   | -                |","| id | sbj                | pred       | obj_d | obj_i | sig | adv/cl/comp/sent |
|----|--------------------|------------|-------|-------|-----|-----------------|
| #0 | 108 St Georges Terrace | was completed | -     | -    | in  | 1988            |
| #1 | 108 St Georges Terrace | has           | a floor count of 50 | -    | -   | -               |","| id | sbj                | pred      | obj_d | obj_i | sig | adv/cl/comp/sent |
|----|--------------------|-----------|-------|-------|-----|-----------------|
| #0 | 108 St Georges Terrace | was completed | -     | -    | in  | 1988            |
| #1 | 108 St Georges Terrace | has         | a floor count of 50 | -    | -   | -               |"
reference0,59,marriott international is the tenant of ac hotel bella sky and is located in copenhagen .,"| id | sbj                     | pred         | obj_d                | obj_i | sig  | adv/cl/comp/sent      |
|----|-------------------------|--------------|----------------------|-------|------|-----------------------|
| #0 | marriott international  | is the tenant| ac hotel bella sky   | -     | -    | -                     |
| #1 | marriott international  | is located   | -                    | in    | copenhagen | -                     |","| id | sbj                    | pred         | obj_d                  | obj_i | sig | adv/cl/comp/sent      |
|----|------------------------|--------------|------------------------|-------|-----|----------------------|
| #0 | marriott international | is the tenant | ac hotel bella sky     | -     | -   | -                    |
| #1 | marriott international | is located    | -                      | in    | copenhagen             |","| id | sbj                  | pred    | obj_d                | obj_i | sig   | adv/cl/comp/sent        |
|----|----------------------|---------|----------------------|-------|-------|-------------------------|
| #0 | marriott international | is      | the tenant           | of ac hotel bella sky | -     | -                       |
| #1 | marriott international | is located | -                  | in copenhagen | -     | -                       |
| #2 | ac hotel bella sky    | has      | marriott international | as tenant | -     | -                       |"
reference0,60,the 3arena is in dublin which is part of the republic of ireland .,"# Output
| id | sbj      | pred | obj_d | obj_i | sig  | adv/cl/comp/sent |
|----|----------|------|-------|-------|------|------------------|
| #0 | the 3arena | is in | -     | Dublin | -    | -                |
| #1 | Dublin    | is part of | the Republic of Ireland | - | which | -                |","# Output
| id | sbj       | pred | obj_d | obj_i | sig  | adv/cl/comp/sent |
|----|-----------|------|-------|-------|------|------------------|
| #0 | the 3arena | is   | -     | in    | -    | Dublin           |
| #1 | Dublin    | is   | part  | of    | -    | the Republic of Ireland |","| id | sbj       | pred | obj_d | obj_i | sig  | adv/cl/comp/sent        |
|----|-----------|------|-------|-------|------|-------------------------|
| #0 | the 3arena | is   | -     | in    | -    | Dublin                  |
| #1 | Dublin    | is   | part  | of    | -    | the Republic of Ireland |"
reference0,61,"elliot see , a us national , was born in dallas and graduated from the university of texas at austin .","| id | sbj          | pred      | obj_d | obj_i | sig | adv/cl/comp/sent         |
|----|--------------|-----------|-------|-------|-----|--------------------------|
| #0 | Elliot See   | was born   | -     | in    | -   | Dallas                   |
| #1 | Elliot See   | graduated  | -     | from  | -   | the University of Texas  |
| #2 | Elliot See   | is         | a US national | - | -   | -                        |
| #3 | the University of Texas | is located | - | at  | -   | Austin                  |","| id | sbj          | pred         | obj_d | obj_i | sig | adv/cl/comp/sent        |
|----|--------------|--------------|-------|-------|-----|-------------------------|
| #0 | elliot see   | is           | -     | -     | -   | a US national           |
| #1 | elliot see   | was born     | -     | in    | dallas                      |
| #2 | elliot see   | graduated    | -     | from  | the University of Texas at Austin |","| id | sbj          | pred      | obj_d                              | obj_i | sig | adv/cl/comp/sent      |
|----|--------------|-----------|------------------------------------|-------|-----|-----------------------|
| #0 | Elliot See   | is        | a US national                      | -     | -   | -                     |
| #1 | Elliot See   | was born  | -                                  | in    | Dallas                  |
| #2 | Elliot See   | graduated | -                                  | from  | the University of Texas at Austin |"
reference0,62,"elliot see , a past graduate of the university of texas , austin , died in st louis where the leader is francis g slay .","| id | sbj       | pred | obj_d | obj_i | sig  | adv/cl/comp/sent |
|----|-----------|------|-------|-------|------|------------------|
| #0 | elliot see | died | -     | in st louis | where | the leader is francis g slay |
| #1 | elliot see | is a past graduate | - | of the university of texas, austin | - | - |
| #2 | the leader | is | francis g slay | - | - | - |","| id | sbj          | pred  | obj_d | obj_i | sig  | adv/cl/comp/sent |
|----|--------------|-------|-------|-------|------|------------------|
| #0 | elliot see   | died  | -     | in st louis | where | the leader is francis g slay |
| #1 | elliot see   | is    | a past graduate | of the university of texas, austin | - | - |
| #2 | francis g slay | is   | the leader | - | - | - |","| id | sbj            | pred    | obj_d | obj_i | sig   | adv/cl/comp/sent        |
|----|----------------|---------|-------|-------|-------|-------------------------|
| #0 | elliot see     | died    | -     | in st louis | where | the leader is francis g slay |
| #1 | elliot see     | is      | a past graduate | of the university of texas, austin | - | - |
| #2 | the university of texas | is located | in austin | - | - | - |
| #3 | francis g slay | is      | the leader | of st louis | - | - |"
reference0,63,"elliot see died on the 28th of february 1966 in st . louis , which is part of the kingdom of france .","| id | sbj       | pred | obj_d | obj_i | sig | adv/cl/comp/sent            |
|----|-----------|------|-------|-------|-----|-----------------------------|
| #0 | Elliot See | died | -     | -     | on  | the 28th of February 1966   |
| #1 | Elliot See | died | -     | in    | -   | St. Louis                   |
| #2 | St. Louis  | is part of | the Kingdom of France | - | - | -           |","| id | sbj       | pred   | obj_d | obj_i | sig | adv/cl/comp/sent        |
|----|-----------|--------|-------|-------|-----|-------------------------|
| #0 | elliot see| died   | -     | -     | on  | the 28th of february 1966 |
| #1 | elliot see| died   | -     | in    | -   | st. louis               |
| #2 | st. louis | is part| -     | of    | -   | the kingdom of france   |","| id | sbj       | pred | obj_d | obj_i | sig | adv/cl/comp/sent            |
|----|-----------|------|-------|-------|-----|-----------------------------|
| #0 | elliot see | died | -     | -     | on  | the 28th of february 1966   |
| #1 | elliot see | died | -     | in    | -   | st. louis                   |
| #2 | st. louis  | is part of | the kingdom of france | - | - | -            |"
reference0,64,"a severed wasp ( from the united states ) is written in english , which is the language spoken in great britain .","| id | sbj | pred | obj_d | obj_i | sig | adv/cl/comp/sent |
| - | - | - | - | - | - | - |
| #0 | a severed wasp | is written | - | in English | - | - |
| #1 | English | is | the language | - | spoken in | Great Britain |
| #2 | a severed wasp | is from | the United States | - | - | - |","| id | sbj | pred | obj_d | obj_i | sig | adv/cl/comp/sent |
| - | - | - | - | - | - | - |
| #0 | a severed wasp | is written | - | in English | - | - |
| #1 | English | is | the language | - | spoken in | Great Britain |
| #2 | a severed wasp | is from | the United States | - | - | - |","| id | sbj | pred | obj_d | obj_i | sig | adv/cl/comp/sent |
| - | - | - | - | - | - | - |
| #0 | a severed wasp | is written | - | in English | - | - |
| #1 | English | is | the language | - | spoken in | Great Britain |
| #2 | a severed wasp | is from | the United States | - | - | - |"
reference0,65,"above the veil is available in hardcover , has 248 pages and was written by garth nix .","| id | sbj         | pred   | obj_d       | obj_i | sig | adv/cl/comp/sent |
|----|-------------|--------|-------------|-------|-----|------------------|
| #0 | above the veil | is available | - | in hardcover | - | - |
| #1 | above the veil | has | 248 pages | - | - | - |
| #2 | above the veil | was written by | Garth Nix | - | - | - |","| id | sbj       | pred       | obj_d       | obj_i | sig | adv/cl/comp/sent |
|----|-----------|------------|-------------|-------|-----|-----------------|
| #0 | above the veil | is available | -           | in hardcover | -   | -               |
| #1 | above the veil | has          | 248 pages   | -     | -   | -               |
| #2 | above the veil | was written  | -           | by Garth Nix | -   | -               |","| id | sbj | pred | obj_d | obj_i | sig | adv/cl/comp/sent |
|----|-----|------|-------|-------|-----|-----------------|
| #0 | above the veil | is available | - | in hardcover | - | - |
| #1 | above the veil | has | 248 pages | - | - | - |
| #2 | above the veil | was written | - | by Garth Nix | - | - |"
reference0,66,"aenir is written in english by garth nix , the followed book is above the veil .","| id | sbj | pred | obj_d | obj_i | sig | adv/cl/comp/sent |
| - | - | - | - | - | - | - |
| #0 | aenir | is written | - | in English | by | garth nix |
| #1 | the followed book | is | above the veil | - | - | - |","| id | sbj | pred | obj_d | obj_i | sig | adv/cl/comp/sent |
| - | - | - | - | - | - | - |
| #0 | aenir | is written | - | in English | by | garth nix |
| #1 | aenir | is followed by | above the veil | - | - | - |
| #2 | garth nix | wrote | aenir | in English | - | - |","| id | sbj | pred | obj_d | obj_i | sig | adv/cl/comp/sent |
| - | - | - | - | - | - | - |
| #0 | aenir | is written | - | in English | by | garth nix |
| #1 | aenir | is followed by | above the veil | - | - | - |
| #2 | garth nix | wrote | aenir | - | - | - |
| #3 | garth nix | wrote | above the veil | - | - | - |"
reference0,67,"the "" associazione calcio lumezzane spa "" is the full name of a . c . lumezzane who play in lega pro / a and have 4150 members .","| id | sbj | pred | obj_d | obj_i | sig | adv/cl/comp/sent |
| - | - | - | - | - | - | - |
| #0 | the ""associazione calcio lumezzane spa"" | is the full name of | A.C. Lumezzane | - | - | - |
| #1 | A.C. Lumezzane | play in | Lega Pro / A | - | - | - |
| #2 | A.C. Lumezzane | have | 4150 members | - | - | - |","| id | sbj | pred | obj_d | obj_i | sig | adv/cl/comp/sent |
| - | - | - | - | - | - | - |
| #0 | the ""associazione calcio lumezzane spa"" | is the full name of | A.C. Lumezzane | - | - | - |
| #1 | A.C. Lumezzane | play in | Lega Pro / A | - | - | - |
| #2 | A.C. Lumezzane | have | 4150 members | - | - | - |","| id | sbj | pred | obj_d | obj_i | sig | adv/cl/comp/sent |
| - | - | - | - | - | - | - |
| #0 | the ""associazione calcio lumezzane spa"" | is the full name of | A.C. Lumezzane | - | - | - |
| #1 | A.C. Lumezzane | play in | Lega Pro / A | - | - | - |
| #2 | A.C. Lumezzane | have | 4150 members | - | - | - |"
reference0,68,the ground of afc ajax ( amateurs ) can be found in amsterdam . amsterdam - centrum is part of the city and its leader is eberhard van der laan .,"| id | sbj | pred | obj_d | obj_i | sig | adv/cl/comp/sent |
| - | - | - | - | - | - | - |
| #0 | the ground of afc ajax ( amateurs ) | can be found | - | in Amsterdam | - | - |
| #1 | Amsterdam-Centrum | is part | of the city | - | - | - |
| #2 | Eberhard van der Laan | is | the leader | of Amsterdam-Centrum | - | - |","| id | sbj                | pred       | obj_d | obj_i | sig | adv/cl/comp/sent |
|----|--------------------|------------|-------|-------|-----|------------------|
| #0 | the ground of afc ajax (amateurs) | can be found | -     | in Amsterdam     | -   | -                |
| #1 | Amsterdam-Centrum | is part of | the city | -     | -   | -                |
| #2 | Eberhard van der Laan | is | the leader | of Amsterdam-Centrum | -   | -                |","| id | sbj                | pred        | obj_d      | obj_i | sig | adv/cl/comp/sent |
|----|--------------------|-------------|------------|-------|-----|------------------|
| #0 | the ground of afc ajax ( amateurs ) | can be found | - | in amsterdam | - | - |
| #1 | amsterdam-centrum  | is part of  | the city   | -     | -   | - |
| #2 | eberhard van der laan | is          | leader     | of amsterdam-centrum | - | - |"
reference0,69,john van den brom manages the az alkmaar and is in the jong ajax club . he currently plays for istanbulspor a . s .,"| id | sbj              | pred      | obj_d          | obj_i | sig | adv/cl/comp/sent |
|----|------------------|-----------|----------------|-------|-----|------------------|
| #0 | John van den Brom | manages   | the AZ Alkmaar  | -     | -   | -                |
| #1 | John van den Brom | is in     | the Jong Ajax club | -  | -   | -                |
| #2 | John van den Brom | plays for | Istanbulspor A.S.  | -   | -   | currently        |","| id | sbj               | pred      | obj_d         | obj_i | sig | adv/cl/comp/sent |
|----|-------------------|-----------|---------------|-------|-----|------------------|
| #0 | John van den Brom | manages   | the AZ Alkmaar | -     | -   | -                |
| #1 | John van den Brom | is in     | the Jong Ajax club | - | -   | -                |
| #2 | John van den Brom | plays for | Istanbulspor A.S.  | -   | -   | currently        |","| id | sbj             | pred      | obj_d       | obj_i | sig | adv/cl/comp/sent |
|----|-----------------|-----------|-------------|-------|-----|------------------|
| #0 | john van den brom | manages   | the az alkmaar | -     | -   | -                |
| #1 | john van den brom | is in     | the jong ajax club | -     | -   | -                |
| #2 | john van den brom | currently plays for | istanbulspor a.s. | -     | -   | -                |"
reference0,70,"alan b . miller hall was started on march 30 , 2007 and has the mason school of business in the u . s . as a tenant .","| id | sbj                | pred         | obj_d                  | obj_i | sig | adv/cl/comp/sent       |
|----|--------------------|--------------|------------------------|-------|-----|------------------------|
| #0 | alan b . miller hall | was started  | -                      | -     | on  | march 30 , 2007        |
| #1 | alan b . miller hall | has          | the mason school of business | as a tenant | in | the u . s .           |","| id | sbj                | pred       | obj_d                  | obj_i | sig | adv/cl/comp/sent       |
|----|--------------------|------------|------------------------|-------|-----|------------------------|
| #0 | alan b. miller hall| was started| -                      | -     | on  | march 30, 2007         |
| #1 | alan b. miller hall| has         | the mason school of business | in the u.s. | as | a tenant               |
| #2 | the mason school of business | is located | in the u.s. | - | - | - |","| id | sbj                | pred      | obj_d                      | obj_i | sig | adv/cl/comp/sent        |
|----|--------------------|-----------|----------------------------|-------|-----|------------------------|
| #0 | alan b . miller hall | was started | -                          | -     | on  | march 30, 2007         |
| #1 | alan b . miller hall | has        | the mason school of business | -     | as  | a tenant               |
| #2 | the mason school of business | is in | the u . s .                | -     | -   | -                      |"
reference0,71,julia morgan was born in san francisco and is the architect of the grounds of asilomar conference at the riverside art museum .,"| id | sbj        | pred        | obj_d   | obj_i | sig | adv/cl/comp/sent |
|----|------------|-------------|---------|-------|-----|------------------|
| #0 | julia morgan | was born    | -       | in san francisco | -   | -                |
| #1 | julia morgan | is          | the architect | -   | of  | the grounds of asilomar conference at the riverside art museum |","| id | sbj         | pred      | obj_d                          | obj_i | sig | adv/cl/comp/sent      |
|----|-------------|-----------|--------------------------------|-------|-----|----------------------|
| #0 | julia morgan | was born  | -                              | in san francisco | -   | -                    |
| #1 | julia morgan | is        | the architect                  | -     | of  | the grounds of asilomar conference at the riverside art museum |","| id | sbj         | pred       | obj_d                       | obj_i | sig | adv/cl/comp/sent          |
|----|-------------|------------|-----------------------------|-------|-----|---------------------------|
| #0 | julia morgan | was born   | -                           | in san francisco | -   | -                         |
| #1 | julia morgan | is         | the architect               | -     | of  | the grounds of asilomar conference at the riverside art museum |"
reference0,72,"the asser levy public baths was built in 1904 and are in new york city . they were added to the national register of historic places on "" 1980 - 04 - 23 "" .","| id | sbj | pred | obj_d | obj_i | sig | adv/cl/comp/sent |
| - | - | - | - | - | - | - |
| #0 | the asser levy public baths | was built | - | - | in | 1904 |
| #1 | the asser levy public baths | are in | new york city | - | - | - |
| #2 | the asser levy public baths | were added to | the national register of historic places | - | on | ""1980-04-23"" |","| id | sbj | pred | obj_d | obj_i | sig | adv/cl/comp/sent |
| - | - | - | - | - | - | - |
| #0 | the asser levy public baths | was built | - | - | in | 1904 |
| #1 | the asser levy public baths | are in | - | New York City | - | - |
| #2 | the asser levy public baths | were added to | the national register of historic places | - | on | ""1980-04-23"" |","| id | sbj                              | pred      | obj_d                                    | obj_i | sig | adv/cl/comp/sent               |
|----|----------------------------------|-----------|------------------------------------------|-------|-----|--------------------------------|
| #0 | the asser levy public baths      | was built | -                                        | -     | in  | 1904                          |
| #1 | the asser levy public baths      | are        | -                                        | in    | new york city                 |
| #2 | the asser levy public baths      | were added | to the national register of historic places | -     | on  | ""1980-04-23""                  |"
reference0,73,"albuquerque , new mexico , has a population density of 1142 , 3 inhabitants per square kilometre and a total area of 490 . 9 sq . km . the new mexico senate is the political party in albuquerque .","| id | sbj                | pred              | obj_d                         | obj_i | sig | adv/cl/comp/sent         |
|----|--------------------|-------------------|-------------------------------|-------|-----|--------------------------|
| #0 | Albuquerque, New Mexico | has               | a population density of 1142.3 | -     | -   | -                        |
| #1 | Albuquerque, New Mexico | has               | a total area of 490.9 sq. km  | -     | -   | -                        |
| #2 | The New Mexico Senate | is                 | the political party          | in Albuquerque | -   | -                        |
| #3 | Albuquerque, New Mexico | has               | inhabitants                  | per square kilometre | -   | -                        |
| #4 | Albuquerque, New Mexico | has               | a population density         | -     | of  | 1142.3 inhabitants per square kilometre |","| id | sbj | pred | obj_d | obj_i | sig | adv/cl/comp/sent |
| - | - | - | - | - | - | - |
| #0 | Albuquerque, New Mexico | has | a population density of 1142.3 inhabitants per square kilometre | - | - | - |
| #1 | Albuquerque, New Mexico | has | a total area of 490.9 sq. km | - | - | - |
| #2 | The New Mexico Senate | is | the political party | in Albuquerque | - | - |","| id | sbj | pred | obj_d | obj_i | sig | adv/cl/comp/sent |
|----|-----|------|-------|-------|-----|------------------|
| #0 | Albuquerque, New Mexico | has | a population density of 1142.3 inhabitants per square kilometre | - | - | - |
| #1 | Albuquerque, New Mexico | has | a total area | of 490.9 sq. km | - | - |
| #2 | The New Mexico Senate | is | the political party | in Albuquerque | - | - |"
reference0,74,atlantic city is part of new jersey in the u . s . the capital of new jersey is trenton .,"| id | sbj          | pred       | obj_d   | obj_i | sig | adv/cl/comp/sent       |
|----|--------------|------------|---------|-------|-----|------------------------|
| #0 | atlantic city| is part of | new jersey | in   | the u . s .             |
| #1 | new jersey   | has capital| trenton | -     | -   | -                      |","| id | sbj          | pred     | obj_d    | obj_i | sig | adv/cl/comp/sent |
|----|--------------|----------|----------|-------|-----|------------------|
| #0 | atlantic city| is part of| new jersey| -    | in  | the u . s .      |
| #1 | new jersey   | has capital| trenton  | -    | -   | -                |","| id | sbj           | pred         | obj_d    | obj_i | sig | adv/cl/comp/sent |
|----|---------------|--------------|----------|-------|-----|------------------|
| #0 | atlantic city | is part of   | new jersey | in the u . s . | -   | -                |
| #1 | new jersey    | has capital  | trenton  | -     | -   | -                |"
reference0,75,"angola , indiana is located in the united states where the english language is spoken and the native americans are an ethnic group .","| id | sbj        | pred       | obj_d             | obj_i | sig  | adv/cl/comp/sent |
|----|------------|------------|-------------------|-------|------|------------------|
| #0 | Angola, Indiana | is located in | the United States | -     | where | #1, #2          |
| #1 | the English language | is spoken | -                 | in the United States | -    | -                |
| #2 | the Native Americans | are | an ethnic group       | in the United States | -    | -                |","| id | sbj          | pred       | obj_d              | obj_i | sig   | adv/cl/comp/sent |
|----|--------------|------------|--------------------|-------|-------|------------------|
| #0 | Angola, Indiana | is located | -                  | in the United States | where | #1, #2 |
| #1 | the English language | is spoken | -                | -     | -     | -                |
| #2 | the Native Americans | are | an ethnic group     | -     | -     | -                |","| id | sbj        | pred       | obj_d             | obj_i | sig   | adv/cl/comp/sent |
|----|------------|------------|-------------------|-------|-------|------------------|
| #0 | Angola, Indiana | is located | -                 | in the United States | where | #1, #2 |
| #1 | the English language | is spoken | -               | -     | -     | -                |
| #2 | the Native Americans | are | an ethnic group     | -     | -     | -                |"
reference0,76,"adirondack regional airport serves both lake placid and saranac lake , new york . the length of the runway at asirondack regional airport is 2003 .","| id | sbj | pred | obj_d | obj_i | sig | adv/cl/comp/sent |
|----|-----|------|-------|-------|-----|-----------------|
| #0 | adirondack regional airport | serves | - | both lake placid and saranac lake, New York | - | - |
| #1 | adirondack regional airport | has | a runway | - | - | #2 |
| #2 | the runway at adirondack regional airport | is | 2003 | - | in length | - |","# Output
| id | sbj | pred | obj_d | obj_i | sig | adv/cl/comp/sent |
| - | - | - | - | - | - | - |
| #0 | adirondack regional airport | serves | - | both lake placid and saranac lake, New York | - | - |
| #1 | the runway | is | 2003 | at adirondack regional airport | - | - |","| id | sbj | pred | obj_d | obj_i | sig | adv/cl/comp/sent |
| - | - | - | - | - | - | - |
| #0 | adirondack regional airport | serves | - | lake placid and saranac lake, new york | - | - |
| #1 | the runway | is at | adirondack regional airport | - | - | - |
| #2 | the length of the runway | is | 2003 | - | - | - |"
reference0,77,the mcdonnell douglas f - 15 eagle is an aircraft fighter in the united states air force operated al asad airbase and was used during the invasion of grenada .,"| id | sbj | pred | obj_d | obj_i | sig | adv/cl/comp/sent |
| - | - | - | - | - | - | - |
| #0 | the McDonnell Douglas F-15 Eagle | is | an aircraft fighter | in the United States Air Force | - | - |
| #1 | the McDonnell Douglas F-15 Eagle | was operated | - | at Al Asad Airbase | - | - |
| #2 | the McDonnell Douglas F-15 Eagle | was used | - | during | the invasion of Grenada |","| id | sbj | pred | obj_d | obj_i | sig | adv/cl/comp/sent |
| - | - | - | - | - | - | - |
| #0 | the McDonnell Douglas F-15 Eagle | is | an aircraft fighter | in the United States Air Force | - | - |
| #1 | the McDonnell Douglas F-15 Eagle | was operated | - | at Al Asad Airbase | - | - |
| #2 | the McDonnell Douglas F-15 Eagle | was used | - | during the invasion of Grenada | - | - |","| id | sbj | pred | obj_d | obj_i | sig | adv/cl/comp/sent |
|----|-----|------|-------|-------|-----|-----------------|
| #0 | the McDonnell Douglas F-15 Eagle | is | an aircraft fighter | in the United States Air Force | - | - |
| #1 | the McDonnell Douglas F-15 Eagle | was operated | - | at Al Asad Airbase | - | - |
| #2 | the McDonnell Douglas F-15 Eagle | was used | - | during | the invasion of Grenada |"
reference0,78,"andrews county airport is located in texas , austin and the language spoken in texas is english .","| id | sbj                 | pred   | obj_d  | obj_i | sig | adv/cl/comp/sent       |
|----|---------------------|--------|--------|-------|-----|------------------------|
| #0 | andrews county airport | is located | -      | in texas, austin | -   | -                      |
| #1 | texas               | is located | -      | in | austin | -                      |
| #2 | the language        | spoken     | -      | in texas | -   | is english            |","| id | sbj                    | pred      | obj_d                | obj_i | sig | adv/cl/comp/sent        |
|----|------------------------|-----------|----------------------|-------|-----|-------------------------|
| #0 | andrews county airport | is located| -                    | in texas, austin | -   | -                   |
| #1 | texas                  | is located| in austin            | -     | -   | -                       |
| #2 | the language           | spoken    | in texas             | -     | -   | is english              |","| id | sbj                   | pred        | obj_d                | obj_i | sig | adv/cl/comp/sent    |
|----|-----------------------|-------------|----------------------|-------|-----|---------------------|
| #0 | andrews county airport| is located  | -                    | in texas, austin | -   | -                 |
| #1 | texas                 | is located  | -                    | in austin | -   | -                 |
| #2 | the language          | spoken      | -                    | in texas | -   | is english         |"
reference0,79,"the 11th mississippi infantry monument is located in gettysburg , pennsylvania , in adams county , which has carroll county , maryland to its southeast .","| id | sbj | pred | obj_d | obj_i | sig | adv/cl/comp/sent |
| - | - | - | - | - | - | - |
| #0 | the 11th Mississippi Infantry Monument | is located | - | in Gettysburg, Pennsylvania | - | - |
| #1 | Gettysburg, Pennsylvania | is in | Adams County | - | - | - |
| #2 | Adams County | has | Carroll County, Maryland | - | to its southeast | - |","| id | sbj | pred | obj_d | obj_i | sig | adv/cl/comp/sent |
| - | - | - | - | - | - | - |
| #0 | the 11th Mississippi Infantry Monument | is located | - | in Gettysburg, Pennsylvania | - | - |
| #1 | Gettysburg, Pennsylvania | is in | Adams County | - | - | - |
| #2 | Adams County | has | Carroll County, Maryland | - | to its southeast | - |","| id | sbj | pred | obj_d | obj_i | sig | adv/cl/comp/sent |
| - | - | - | - | - | - | - |
| #0 | the 11th Mississippi Infantry Monument | is located | - | in Gettysburg, Pennsylvania | - | - |
| #1 | Gettysburg, Pennsylvania | is in | Adams County | - | - | - |
| #2 | Adams County | has | Carroll County, Maryland | - | to its southeast | - |"
reference0,80,"the baku turkish martyrs ' memorial , known locally as turk sehitleri aniti , is located in baku , the capital city of azerbaijan .","# Output
| id | sbj | pred | obj_d | obj_i | sig | adv/cl/comp/sent |
| - | - | - | - | - | - | - |
| #0 | the Baku Turkish Martyrs' Memorial | is known locally as | Turk Sehitleri Aniti | - | - | - |
| #1 | the Baku Turkish Martyrs' Memorial | is located in | Baku | - | - | - |
| #2 | Baku | is | the capital city | of Azerbaijan | - | - |","| id | sbj | pred | is | obj_d | obj_i | sig | adv/cl/comp/sent |
|----|-----|------|----|-------|-------|-----|-----------------|
| #0 | the Baku Turkish Martyrs' Memorial | is known | locally | as Turk Sehitleri Aniti | - | - | - |
| #1 | the Baku Turkish Martyrs' Memorial | is located | - | in Baku | - | - | - |
| #2 | Baku | is | the capital city | of Azerbaijan | - | - | - |","# Output
| id | sbj | pred | obj_d | obj_i | sig | adv/cl/comp/sent |
| - | - | - | - | - | - | - |
| #0 | the Baku Turkish Martyrs' Memorial | is known | locally | as Turk Sehitleri Aniti | - | - |
| #1 | the Baku Turkish Martyrs' Memorial | is located | in Baku | - | - | - |
| #2 | Baku | is | the capital city | of Azerbaijan | - | - |"
reference0,81,"the baku turkish martyrs ' memorial is located in azerbaijan , where the leader is artur rasizade , and legislature is based in the national assembly .","# Output
| id | sbj | pred | obj_d | obj_i | sig | adv/cl/comp/sent |
| - | - | - | - | - | - | - |
| #0 | the Baku Turkish Martyrs' Memorial | is located | - | in Azerbaijan | - | - |
| #1 | the leader | is | Artur Rasizade | - | in | Azerbaijan |
| #2 | the legislature | is based | - | in the National Assembly | - | - |","| id | sbj | pred | obj_d | obj_i | sig | adv/cl/comp/sent |
| - | - | - | - | - | - | - |
| #0 | the Baku Turkish Martyrs' Memorial | is located | - | in Azerbaijan | - | - |
| #1 | Azerbaijan | has leader | Artur Rasizade | - | - | - |
| #2 | Azerbaijan | has legislature | - | based in the National Assembly | - | - |","# Output
| id | sbj | pred | obj_d | obj_i | sig | adv/cl/comp/sent |
| - | - | - | - | - | - | - |
| #0 | the Baku Turkish Martyrs' Memorial | is located | - | in Azerbaijan | - | - |
| #1 | the leader | is | Artur Rasizade | - | in | Azerbaijan |
| #2 | the legislature | is based | - | in the National Assembly | - | - |"
reference0,82,barny cakes come from france where two of the leaders are claude bartolone and manuel valls .,"| id | sbj | pred | obj_d | obj_i | sig | adv/cl/comp/sent |
| - | - | - | - | - | - | - |
| #0 | barny cakes | come from | France | - | - | - |
| #1 | France | has leaders | Claude Bartolone and Manuel Valls | - | where | barny cakes come from |","| id | sbj | pred | obj_d | obj_i | sig | adv/cl/comp/sent |
| - | - | - | - | - | - | - |
| #0 | barny cakes | come from | France | - | - | - |
| #1 | France | has leaders | Claude Bartolone and Manuel Valls | - | where | barny cakes come from |","| id | sbj | pred | obj_d | obj_i | sig | adv/cl/comp/sent |
| - | - | - | - | - | - | - |
| #0 | barny cakes | come from | France | - | - | - |
| #1 | France | has leaders | Claude Bartolone and Manuel Valls | - | where | barny cakes come from |"
reference0,83,"binignit is a type of dessert with the ingredient sago , a cookie is also a dessert .","| id | sbj | pred | obj_d | obj_i | sig | adv/cl/comp/sent |
|----|-----|------|-------|-------|-----|-----------------|
| #0 | binignit | is | a type of dessert | - | with | the ingredient sago |
| #1 | a cookie | is | a dessert | - | - | - |","| id | sbj | pred | obj_d | obj_i | sig | adv/cl/comp/sent |
|----|-----|------|-------|-------|-----|-----------------|
| #0 | binignit | is | a type of dessert | - | with | the ingredient sago |
| #1 | a cookie | is | a dessert | - | - | - |","| id | sbj | pred | obj_d | obj_i | sig | adv/cl/comp/sent |
|----|-----|------|-------|-------|-----|-----------------|
| #0 | binignit | is | a type of dessert | - | with | the ingredient sago |
| #1 | a cookie | is | a dessert | - | - | - |"
reference0,84,tomatoes which are part of the solanaceae family and solanales order are a key ingredient in amatriciana sauce .,"| id | sbj      | pred       | obj_d               | obj_i | sig | adv/cl/comp/sent |
|----|----------|------------|---------------------|-------|-----|------------------|
| #0 | tomatoes | are part of | the solanaceae family | -     | -   | -                |
| #1 | tomatoes | are part of | the solanales order  | -     | -   | -                |
| #2 | tomatoes | are         | a key ingredient     | in amatriciana sauce | -   | -                |","| id | sbj      | pred        | obj_d           | obj_i | sig | adv/cl/comp/sent |
|----|----------|-------------|-----------------|-------|-----|------------------|
| #0 | tomatoes | are part of | the solanaceae family | -     | -   | -                |
| #1 | tomatoes | are part of | the solanales order | -     | -   | -                |
| #2 | tomatoes | are         | a key ingredient | in amatriciana sauce | -   | -                |","| id | sbj      | pred        | obj_d                | obj_i | sig | adv/cl/comp/sent |
|----|----------|-------------|----------------------|-------|-----|------------------|
| #0 | tomatoes | are part of | the solanaceae family | -     | -   | -                |
| #1 | tomatoes | are part of | solanales order      | -     | -   | -                |
| #2 | tomatoes | are         | a key ingredient     | in amatriciana sauce | - | - |"
reference0,85,"awh engineering college is located in kerala . the leader of kerala is kochi . to the northwest of kerala is mahe , india .","# Output
| id | sbj                | pred      | obj_d | obj_i | sig           | adv/cl/comp/sent |
|----|--------------------|-----------|-------|-------|---------------|------------------|
| #0 | awh engineering college | is located | -     | in kerala      | -                | -                |
| #1 | kerala             | is located | -     | -     | to the northwest of | mahe, india     |
| #2 | kerala             | has leader | kochi | -     | -             | -                |","# Output
| id | sbj                | pred     | obj_d                 | obj_i | sig         | adv/cl/comp/sent |
|----|--------------------|----------|-----------------------|-------|-------------|------------------|
| #0 | awh engineering college | is located | -                     | in kerala | -           | -                |
| #1 | kerala             | is located | -                     | in India | to the northwest of | mahe             |
| #2 | kerala             | has leader | kochi                 | -     | -           | -                |","# Output
| id | sbj                | pred       | obj_d                  | obj_i | sig         | adv/cl/comp/sent |
|----|--------------------|------------|------------------------|-------|-------------|------------------|
| #0 | awh engineering college | is located | -                      | in kerala | -           | -                |
| #1 | kerala             | has leader  | kochi                  | -     | -           | -                |
| #2 | kerala             | is          | to the northwest of    | mahe, India | -           | -                |"
reference0,86,the school of business and social sciences at the aarhus university was established in 1928 . it is affiliated with the european university association in brussels .,"| id | sbj | pred | obj_d | obj_i | sig | adv/cl/comp/sent |
| - | - | - | - | - | - | - |
| #0 | the school of business and social sciences at the Aarhus University | was established | - | - | in | 1928 |
| #1 | it | is affiliated | - | with the European University Association | in | Brussels |","| id | sbj | pred | obj_d | obj_i | sig | adv/cl/comp/sent |
| - | - | - | - | - | - | - |
| #0 | the school of business and social sciences at the aarhus university | was established | - | - | in | 1928 |
| #1 | it | is affiliated | - | with the european university association | in | Brussels |","| id | sbj | pred | obj_d | obj_i | sig | adv/cl/comp/sent |
| - | - | - | - | - | - | - |
| #0 | the school of business and social sciences at the aarhus university | was established | - | - | in | 1928 |
| #1 | it | is affiliated | - | with the european university association | in | brussels |"
reference0,87,"the school of business and social sciences at the aarhus university is in aarhus , denmark . it was established in 1928 .","| id | sbj | pred | obj_d | obj_i | sig | adv/cl/comp/sent |
|----|-----|------|-------|-------|-----|-----------------|
| #0 | the school of business and social sciences | is in | Aarhus, Denmark | at the Aarhus University | - | - |
| #1 | the school of business and social sciences | was established | - | - | in | 1928 |","| id | sbj | pred | obj_d | obj_i | sig | adv/cl/comp/sent |
|----|-----|------|-------|-------|-----|-----------------|
| #0 | the school of business and social sciences | is | - | in Aarhus, Denmark | - | - |
| #1 | the school of business and social sciences | was established | - | - | in | 1928 |
| #2 | the school of business and social sciences | is at | the Aarhus University | - | - | - |","| id | sbj | pred | obj_d | obj_i | sig | adv/cl/comp/sent |
|----|-----|------|-------|-------|-----|-----------------|
| #0 | the school of business and social sciences | is in | Aarhus, Denmark | - | at | the Aarhus University |
| #1 | the school of business and social sciences | was established | - | - | in | 1928 |"
reference0,88,asterix was created by albert uderzo and rene goscinny who is a french national .,"| id | sbj | pred | obj_d | obj_i | sig | adv/cl/comp/sent |
| - | - | - | - | - | - | - |
| #0 | asterix | was created by | - | albert uderzo and rene goscinny | - | - |
| #1 | rene goscinny | is | a french national | - | - | - |","| id | sbj | pred | obj_d | obj_i | sig | adv/cl/comp/sent |
| - | - | - | - | - | - | - |
| #0 | asterix | was created by | albert uderzo and rene goscinny | - | - | - |
| #1 | rene goscinny | is | a french national | - | - | - |
| #2 | albert uderzo and rene goscinny | created | asterix | - | - | - |","| id | sbj | pred | obj_d | obj_i | sig | adv/cl/comp/sent |
| - | - | - | - | - | - | - |
| #0 | asterix | was created by | - | albert uderzo and rene goscinny | - | - |
| #1 | rene goscinny | is | a french national | - | - | - |"
reference0,89,"the comic character blockbuster , aka mark desmond , was created by gardner fox and carmine infantino .","# Output
| id | sbj | pred | obj_d | obj_i | sig | adv/cl/comp/sent |
| - | - | - | - | - | - | - |
| #0 | blockbuster | is also known as | mark desmond | - | - | - |
| #1 | blockbuster | was created by | gardner fox and carmine infantino | - | - | - |
| #2 | mark desmond | is also known as | blockbuster | - | - | - |
| #3 | gardner fox and carmine infantino | created | blockbuster | - | - | - |","# Output
| id | sbj | pred | obj_d | obj_i | sig | adv/cl/comp/sent |
| - | - | - | - | - | - | - |
| #0 | blockbuster | is also known as | mark desmond | - | - | - |
| #1 | blockbuster | was created by | gardner fox and carmine infantino | - | - | - |
| #2 | mark desmond | is | blockbuster | - | - | - |
| #3 | gardner fox | created | blockbuster | - | - | - |
| #4 | carmine infantino | created | blockbuster | - | - | - |","# Output
| id | sbj | pred | obj_d | obj_i | sig | adv/cl/comp/sent |
| - | - | - | - | - | - | - |
| #0 | blockbuster | is also known as | mark desmond | - | - | - |
| #1 | blockbuster | was created by | gardner fox and carmine infantino | - | - | - |
| #2 | mark desmond | is also known as | blockbuster | - | - | - |"
reference0,90,"the comic character of bolt has the alternative name of larry bolatinsky and was created by ernie colon and the comic book writer , gary cohn .","# Output
| id | sbj | pred | obj_d | obj_i | sig | adv/cl/comp/sent |
| - | - | - | - | - | - | - |
| #0 | the comic character of bolt | has the alternative name of | larry bolatinsky | - | - | - |
| #1 | the comic character of bolt | was created by | ernie colon | - | and | #2 |
| #2 | the comic character of bolt | was created by | gary cohn | - | - | - |","# Output
| id | sbj | pred | obj_d | obj_i | sig | adv/cl/comp/sent |
| - | - | - | - | - | - | - |
| #0 | the comic character of bolt | has | the alternative name of larry bolatinsky | - | - | - |
| #1 | the comic character of bolt | was created by | ernie colon and gary cohn | - | - | - |
| #2 | ernie colon | is | a creator of the comic character of bolt | - | - | - |
| #3 | gary cohn | is | a creator of the comic character of bolt | - | - | - |
| #4 | gary cohn | is | a comic book writer | - | - | - |","# Output
| id | sbj | pred | obj_d | obj_i | sig | adv/cl/comp/sent |
| - | - | - | - | - | - | - |
| #0 | the comic character of bolt | has | the alternative name of larry bolatinsky | - | - | - |
| #1 | the comic character of bolt | was created by | ernie colon | - | and | gary cohn |
| #2 | the comic character of bolt | was created by | gary cohn | - | - | - |"
reference0,91,"adare manor is located in adare , county limerick , munster , which is governed by the limerick city and county council .","# Output
| id | sbj        | pred     | obj_d | obj_i | sig  | adv/cl/comp/sent |
|----|------------|----------|-------|-------|------|------------------|
| #0 | adare manor| is located | -     | in adare, county limerick, munster | -    | -                |
| #1 | adare, county limerick, munster | is governed | -     | by the limerick city and county council | -    | -                |","# Output
| id | sbj       | pred     | obj_d | obj_i | sig  | adv/cl/comp/sent |
|----|-----------|----------|-------|-------|------|------------------|
| #0 | adare manor | is located in | -     | adare, county limerick, munster | which | #1 |
| #1 | adare, county limerick, munster | is governed by | the limerick city and county council | - | - | - |","# Output
| id | sbj       | pred     | obj_d | obj_i | sig  | adv/cl/comp/sent |
|----|-----------|----------|-------|-------|------|------------------|
| #0 | adare manor | is located in | - | adare, county limerick, munster | which | #1 |
| #1 | adare, county limerick, munster | is governed by | the limerick city and county council | - | - | - |"
reference0,92,"akita museum of art , located in akita , akita , part of akita prefecture , japan displays art from brazilians , one of the ethnic groups in that country .","| id | sbj                 | pred         | obj_d | obj_i | sig  | adv/cl/comp/sent                 |
|----|---------------------|--------------|-------|-------|------|----------------------------------|
| #0 | Akita Museum of Art | is located   | -     | in Akita, Akita, part of Akita Prefecture, Japan | -    | -                                |
| #1 | Akita Museum of Art | displays     | art   | from Brazilians | -    | -                                |
| #2 | Brazilians          | are one of   | the ethnic groups | in that country | -    | -                                |
| #3 | that country        | is           | Japan | -     | -    | -                                |","| id | sbj                | pred   | obj_d | obj_i | sig  | adv/cl/comp/sent        |
|----|--------------------|--------|-------|-------|------|-------------------------|
| #0 | Akita Museum of Art | is located in | Akita, Akita | -    | -    | -                         |
| #1 | Akita Museum of Art | is part of | Akita Prefecture | -    | -    | -                         |
| #2 | Akita Museum of Art | displays | art  | from Brazilians | -    | -                         |
| #3 | Brazilians         | are one of | the ethnic groups | in that country | -    | -                         |
| #4 | that country       | is | Japan | -    | -    | -                         |","| id | sbj                | pred      | obj_d | obj_i | sig  | adv/cl/comp/sent             |
|----|--------------------|-----------|-------|-------|------|------------------------------|
| #0 | Akita Museum of Art | is located | -     | in Akita, Akita | -    | -                            |
| #1 | Akita Museum of Art | is part of | Akita Prefecture | - | -    | -                            |
| #2 | Akita Museum of Art | displays  | art   | from Brazilians | -    | -                            |
| #3 | Brazilians         | are one of | the ethnic groups | - | in   | that country                 |
| #4 | that country       | is         | Japan | -     | -    | -                            |"
reference0,93,"250 delaware avenue is located in the united states , where english is spoken and the leader has the title president . joe biden is one of the leaders .","| id | sbj                | pred       | obj_d            | obj_i | sig   | adv/cl/comp/sent       |
|----|--------------------|------------|------------------|-------|-------|------------------------|
| #0 | 250 delaware avenue| is located | -                | in the united states | where | #1, #2          |
| #1 | english            | is spoken  | -                | -     | -     | -                      |
| #2 | the leader         | has        | the title president | -   | -     | -                      |
| #3 | joe biden          | is         | one of the leaders | -   | -     | -                      |","| id | sbj             | pred       | obj_d   | obj_i | sig  | adv/cl/comp/sent |
|----|-----------------|------------|---------|-------|------|------------------|
| #0 | 250 delaware avenue | is located | -       | in the united states | -    | -                |
| #1 | the united states   | is located | -       | -    | where | english is spoken and the leader has the title president |
| #2 | the united states   | has leader | -       | -    | with | the title president |
| #3 | joe biden           | is         | one of the leaders | -    | -    | -                |
| #4 | english             | is spoken  | -       | in the united states | -    | -                |","| id | sbj              | pred         | obj_d    | obj_i | sig   | adv/cl/comp/sent |
|----|------------------|--------------|----------|-------|-------|------------------|
| #0 | 250 delaware avenue | is located   | -        | in the United States | -     | -                |
| #1 | the United States   | is located   | -        | -     | in    | 250 delaware avenue |
| #2 | English            | is spoken    | -        | in the United States | where | #0               |
| #3 | the leader         | has the title | president | -     | in    | the United States |
| #4 | Joe Biden          | is one of    | the leaders | -     | -     | -                |
| #5 | the leaders        | are located  | -        | in the United States | -     | -                |"
reference0,94,"the turkish martyrs memorial is located in baku , the capital of azerbaijan , where the leader ( prime minister of azerbaijan ) is called artur rasizade .","| id | sbj | pred | obj_d | obj_i | sig | adv/cl/comp/sent |
| - | - | - | - | - | - | - |
| #0 | the turkish martyrs memorial | is located | - | in Baku | - | - |
| #1 | Baku | is | the capital | of Azerbaijan | - | - |
| #2 | the leader | is called | Artur Rasizade | - | - | - |
| #3 | the leader | is | prime minister | of Azerbaijan | - | - |","| id | sbj | pred | obj_d | obj_i | sig | adv/cl/comp/sent |
| - | - | - | - | - | - | - |
| #0 | the turkish martyrs memorial | is located | - | in Baku | - | - |
| #1 | Baku | is | the capital | of Azerbaijan | - | - |
| #2 | the leader | is called | Artur Rasizade | - | - | - |
| #3 | the leader | is | prime minister | of Azerbaijan | - | - |","| id | sbj | pred | obj_d | obj_i | sig | adv/cl/comp/sent |
|----|-----|------|-------|-------|-----|-----------------|
| #0 | the turkish martyrs memorial | is located | - | in Baku | - | - |
| #1 | Baku | is | the capital | of Azerbaijan | - | - |
| #2 | the leader | is called | Artur Rasizade | - | - | - |
| #3 | the leader | is | prime minister | of Azerbaijan | - | - |"
reference0,95,"the 14th new jersey volunteer infantry monument was established 1907 - 07 - 11 at the monocacy national battlefield in the county of frederick , maryland , with frederick , maryland as its nearest city .","| id | sbj                                            | pred        | obj_d                                           | obj_i | sig | adv/cl/comp/sent                                 |
|----|------------------------------------------------|-------------|-------------------------------------------------|-------|-----|-------------------------------------------------|
| #0 | the 14th New Jersey Volunteer Infantry Monument | was established | -                                               | at the Monocacy National Battlefield | on | 1907-07-11                                       |
| #1 | the Monocacy National Battlefield              | is located in | the county of Frederick, Maryland                | -     | -   | -                                               |
| #2 | Frederick, Maryland                            | is the nearest city | to the 14th New Jersey Volunteer Infantry Monument | -     | -   | -                                               |","# Output
| id | sbj | pred | obj_d | obj_i | sig | adv/cl/comp/sent |
| - | - | - | - | - | - | - |
| #0 | the 14th New Jersey Volunteer Infantry Monument | was established | - | at the Monocacy National Battlefield | on | 1907-07-11 |
| #1 | the Monocacy National Battlefield | is in | the county of Frederick, Maryland | - | - | - |
| #2 | Frederick, Maryland | is the nearest city | to the 14th New Jersey Volunteer Infantry Monument | - | - | - |","# Output
| id | sbj                                                      | pred        | obj_d                                      | obj_i | sig | adv/cl/comp/sent                                      |
|----|----------------------------------------------------------|-------------|-------------------------------------------|-------|-----|------------------------------------------------------|
| #0 | the 14th New Jersey Volunteer Infantry Monument         | was established | -                                         | -     | on  | 1907-07-11                                            |
| #1 | the 14th New Jersey Volunteer Infantry Monument         | was established | -                                         | at    | the Monocacy National Battlefield in the county of Frederick, Maryland |
| #2 | the Monocacy National Battlefield                       | is located  | in the county of Frederick, Maryland       | -     | -   | -                                                     |
| #3 | Frederick, Maryland                                      | is the nearest city | to the 14th New Jersey Volunteer Infantry Monument | -     | -   | -                                                     |"
reference0,96,the capital of turkey is ankara and the leader is ahmet davutoglu . turkey is the location of the bronze ataturk monument .,"| id | sbj | pred | obj_d | obj_i | sig | adv/cl/comp/sent |
| - | - | - | - | - | - | - |
| #0 | the capital of Turkey | is | Ankara | - | - | - |
| #1 | the leader of Turkey | is | Ahmet Davutoglu | - | - | - |
| #2 | Turkey | is the location of | the Bronze Ataturk Monument | - | - | - |","| id | sbj | pred | obj_d | obj_i | sig | adv/cl/comp/sent |
| - | - | - | - | - | - | - |
| #0 | the capital of Turkey | is | Ankara | - | - | - |
| #1 | the leader of Turkey | is | Ahmet Davutoglu | - | - | - |
| #2 | Turkey | is the location of | the Bronze Ataturk Monument | - | - | - |","| id | sbj | pred | obj_d | obj_i | sig | adv/cl/comp/sent |
| - | - | - | - | - | - | - |
| #0 | the capital of Turkey | is | Ankara | - | - | - |
| #1 | the leader of Turkey | is | Ahmet Davutoglu | - | - | - |
| #2 | Turkey | is the location of | the Bronze Ataturk Monument | - | - | - |"
reference0,97,"anderson , indiana is part of adams fall creek , lafayette , richland , union , and is located at 268 . 0 above sea level . the population density of anderson , indiana , is 523 . 9 ( inhabitants per square kilometre ) and the area is 107 . 43 square kilometres .","| id | sbj | pred | obj_d | obj_i | sig | adv/cl/comp/sent |
| - | - | - | - | - | - | - |
| #0 | Anderson, Indiana | is part of | Adams Fall Creek, Lafayette, Richland, Union | - | - | - |
| #1 | Anderson, Indiana | is located at | 268.0 | above sea level | - | - |
| #2 | Anderson, Indiana | has population density of | 523.9 | - | - | inhabitants per square kilometre |
| #3 | Anderson, Indiana | has area of | 107.43 square kilometres | - | - | - |","| id | sbj | pred | obj_d | obj_i | sig | adv/cl/comp/sent |
|----|-----|------|-------|-------|-----|-----------------|
| #0 | Anderson, Indiana | is part of | Adams Fall Creek, Lafayette, Richland, Union | - | - | - |
| #1 | Anderson, Indiana | is located at | 268.0 | above sea level | - | - |
| #2 | Anderson, Indiana | has population density of | 523.9 | - | - | inhabitants per square kilometre |
| #3 | Anderson, Indiana | has area of | 107.43 square kilometres | - | - | - |","# Output
| id | sbj | pred | obj_d | obj_i | sig | adv/cl/comp/sent |
| - | - | - | - | - | - | - |
| #0 | Anderson, Indiana | is part of | Adams Fall Creek, Lafayette, Richland, Union | - | - | - |
| #1 | Anderson, Indiana | is located at | 268.0 | above sea level | - | - |
| #2 | Anderson, Indiana | has population density | 523.9 | - | of | inhabitants per square kilometre |
| #3 | Anderson, Indiana | has area | 107.43 square kilometres | - | - | - |"
reference0,98,"angola is part of pleasant township in steuben county , indiana , in the u . s . and is 16 . 55 square kilometres in size .","| id | sbj   | pred        | obj_d                 | obj_i | sig | adv/cl/comp/sent           |
|----|-------|-------------|-----------------------|-------|-----|----------------------------|
| #0 | angola | is part of  | pleasant township     | in steuben county, indiana | -   | -                          |
| #1 | angola | is          | 16.55 square kilometres | -     | in  | size                       |
| #2 | angola | is located  | -                     | in the U.S. | -   | -                          |","| id | sbj    | pred       | obj_d                  | obj_i | sig | adv/cl/comp/sent                        |
|----|--------|------------|------------------------|-------|-----|-----------------------------------------|
| #0 | Angola | is part of | Pleasant Township      | -     | in  | Steuben County, Indiana, in the U.S.    |
| #1 | Angola | is         | 16.55 square kilometres | -     | in  | size                                    |","| id | sbj   | pred       | obj_d                 | obj_i | sig | adv/cl/comp/sent                |
|----|-------|------------|-----------------------|-------|-----|---------------------------------|
| #0 | angola | is part of | pleasant township     | in steuben county, indiana, in the u.s. | -   | -                               |
| #1 | angola | is         | 16.55 square kilometres | -     | in  | size                            |"
reference0,99,"albuquerque , new mexico is located in the united states and asian americans are an ethnic group there . john sanchez , is one of the leaders , in the new mexico senate which is leading the state .","| id | sbj | pred | obj_d | obj_i | sig | adv/cl/comp/sent |
| - | - | - | - | - | - | - |
| #0 | Albuquerque, New Mexico | is located | - | in the United States | - | - |
| #1 | Asian Americans | are | an ethnic group | in Albuquerque, New Mexico | - | - |
| #2 | John Sanchez | is | one of the leaders | in the New Mexico Senate | - | - |
| #3 | the New Mexico Senate | is leading | the state | - | - | - |","| id | sbj | pred | obj_d | obj_i | sig | adv/cl/comp/sent |
| - | - | - | - | - | - | - |
| #0 | Albuquerque, New Mexico | is located | - | in the United States | - | - |
| #1 | Asian Americans | are | an ethnic group | in Albuquerque, New Mexico | - | - |
| #2 | John Sanchez | is one of | the leaders | in the New Mexico Senate | - | - |
| #3 | the New Mexico Senate | is leading | the state | - | - | - |","| id | sbj | pred | obj_d | obj_i | sig | adv/cl/comp/sent |
| - | - | - | - | - | - | - |
| #0 | Albuquerque, New Mexico | is located in | the United States | - | - | - |
| #1 | Asian Americans | are | an ethnic group | in Albuquerque, New Mexico | - | - |
| #2 | John Sanchez | is one of | the leaders | in the New Mexico Senate | - | - |
| #3 | the New Mexico Senate | is leading | the state | - | - | - |"
reference0,100,"john van den brom , manager for az alkmaar , play for vitesse arnhem and afc ajax , and has played for the netherlands national football team .","| id | sbj                | pred        | obj_d                                 | obj_i | sig | adv/cl/comp/sent |
|----|--------------------|-------------|---------------------------------------|-------|-----|------------------|
| #0 | John van den Brom  | is manager  | -                                     | for AZ Alkmaar | -   | -                |
| #1 | John van den Brom  | played      | -                                     | for Vitesse Arnhem | -   | -                |
| #2 | John van den Brom  | played      | -                                     | for AFC Ajax | -   | -                |
| #3 | John van den Brom  | has played  | -                                     | for the Netherlands national football team | -   | -                |","| id | sbj                | pred        | obj_d                                   | obj_i | sig | adv/cl/comp/sent |
|----|--------------------|-------------|-----------------------------------------|-------|-----|------------------|
| #0 | John van den Brom  | is manager  | -                                       | for AZ Alkmaar | -   | -                |
| #1 | John van den Brom  | played      | -                                       | for Vitesse Arnhem | -   | -                |
| #2 | John van den Brom  | played      | -                                       | for AFC Ajax | -   | -                |
| #3 | John van den Brom  | has played  | -                                       | for the Netherlands national football team | -   | -                |","| id | sbj                | pred         | obj_d                              | obj_i | sig | adv/cl/comp/sent |
|----|--------------------|--------------|------------------------------------|-------|-----|------------------|
| #0 | John van den Brom  | is manager   | -                                  | for AZ Alkmaar | -   | -                |
| #1 | John van den Brom  | played       | -                                  | for Vitesse Arnhem | -   | -                |
| #2 | John van den Brom  | played       | -                                  | for AFC Ajax | -   | -                |
| #3 | John van den Brom  | has played   | -                                  | for the Netherlands national football team | -   | -                |"
reference0,101,agremiacao sportiva arapiraquense play in the campeonato brasileiro serie c league in brazil . their home ground is estadio municipal coaracy da mata fonseca in arapiraca .,"# Output
| id | sbj                                  | pred       | obj_d                                      | obj_i | sig | adv/cl/comp/sent |
|----|--------------------------------------|------------|--------------------------------------------|-------|-----|------------------|
| #0 | agremiacao sportiva arapiraquense    | play       | -                                          | in    | the campeonato brasileiro serie c league in brazil |
| #1 | agremiacao sportiva arapiraquense    | have       | their home ground                          | -     | -   | -                |
| #2 | their home ground                    | is         | estadio municipal coaracy da mata fonseca  | in    | arapiraca | -                |","# Output
| id | sbj | pred | obj_d | obj_i | sig | adv/cl/comp/sent |
| - | - | - | - | - | - | - |
| #0 | agremiacao sportiva arapiraquense | play in | the campeonato brasileiro serie c league | in Brazil | - | - |
| #1 | their home ground | is | estadio municipal coaracy da mata fonseca | in Arapiraca | - | - |","# Output
| id | sbj                                  | pred        | obj_d                                          | obj_i | sig | adv/cl/comp/sent |
|----|--------------------------------------|-------------|------------------------------------------------|-------|-----|-----------------|
| #0 | agremiacao sportiva arapiraquense    | play        | -                                              | in    | in  | the campeonato brasileiro serie c league in Brazil |
| #1 | agremiacao sportiva arapiraquense    | has home ground | estadio municipal coaracy da mata fonseca   | in    | in  | arapiraca |"
reference0,102,"peter stoger is the manager at 1 . fc koln . he is a former player of sk vorwarts steyr , fc admira wacker modling and fk austria wien .","| id | sbj           | pred         | obj_d                        | obj_i | sig | adv/cl/comp/sent |
|----|---------------|--------------|------------------------------|-------|-----|------------------|
| #0 | Peter Stoger  | is           | the manager                  | at 1. FC Koln | -   | -                |
| #1 | Peter Stoger  | is           | a former player              | -     | of  | SK Vorwarts Steyr, FC Admira Wacker Modling, and FK Austria Wien |","| id | sbj           | pred        | obj_d                     | obj_i | sig | adv/cl/comp/sent |
|----|---------------|-------------|---------------------------|-------|-----|------------------|
| #0 | Peter Stoger  | is          | the manager               | at 1. FC Koln | -   | -                |
| #1 | Peter Stoger  | is          | a former player           | -     | of  | SK Vorwarts Steyr, FC Admira Wacker Modling, and FK Austria Wien |","| id | sbj          | pred        | obj_d                      | obj_i | sig | adv/cl/comp/sent |
|----|--------------|-------------|----------------------------|-------|-----|------------------|
| #0 | Peter Stoger | is          | the manager                | at 1. FC Koln | -   | -                |
| #1 | Peter Stoger | is          | a former player            | -     | of  | SK Vorwarts Steyr |
| #2 | Peter Stoger | is          | a former player            | -     | of  | FC Admira Wacker Modling |
| #3 | Peter Stoger | is          | a former player            | -     | of  | FK Austria Wien |"
reference0,103,"atlantic city international airport is located at egg harbor township , new jersey in the united states . the airport ' s owner is south jersey transportation authority headed by stephen dilts .","| id | sbj | pred | obj_d | obj_i | sig | adv/cl/comp/sent |
|----|-----|------|-------|-------|-----|-----------------|
| #0 | Atlantic City International Airport | is located | - | at Egg Harbor Township, New Jersey | in | the United States |
| #1 | Atlantic City International Airport | has owner | South Jersey Transportation Authority | - | - | - |
| #2 | South Jersey Transportation Authority | is headed | - | by Stephen Dilts | - | - |","| id | sbj | pred | obj_d | obj_i | sig | adv/cl/comp/sent |
| - | - | - | - | - | - | - |
| #0 | Atlantic City International Airport | is located at | Egg Harbor Township | - | in | New Jersey in the United States |
| #1 | Atlantic City International Airport | has owner | South Jersey Transportation Authority | - | - | - |
| #2 | South Jersey Transportation Authority | is headed by | Stephen Dilts | - | - | - |","| id | sbj | pred | obj_d | obj_i | sig | adv/cl/comp/sent |
| - | - | - | - | - | - | - |
| #0 | Atlantic City International Airport | is located at | Egg Harbor Township | - | in | New Jersey in the United States |
| #1 | Atlantic City International Airport | has owner | South Jersey Transportation Authority | - | - | - |
| #2 | South Jersey Transportation Authority | is headed by | Stephen Dilts | - | - | - |"
reference0,104,"al - taqaddum air base serves the city of fallujah , in iraq , where kurdish languages are spoken and fuad masum is the leader .","| id | sbj                  | pred  | obj_d               | obj_i | sig | adv/cl/comp/sent    |
|----|----------------------|-------|---------------------|-------|-----|---------------------|
| #0 | al-taqaddum air base | serves| the city of Fallujah| -     | in  | Iraq                |
| #1 | the city of Fallujah | is    | -                   | in    | Iraq| where kurdish languages are spoken and Fuad Masum is the leader |
| #2 | Kurdish languages    | are   | spoken              | -     | -   | -                   |
| #3 | Fuad Masum           | is    | the leader          | -     | -   | -                   |","| id | sbj                 | pred   | obj_d             | obj_i | sig | adv/cl/comp/sent       |
|----|---------------------|--------|-------------------|-------|-----|------------------------|
| #0 | al-taqaddum air base| serves | the city of Fallujah | -     | in  | Iraq                   |
| #1 | the city of Fallujah| is in  | Iraq              | -     | -   | -                      |
| #2 | Iraq                | is where| Kurdish languages are spoken | - | - | -                  |
| #3 | Iraq                | has leader | Fuad Masum     | -     | -   | -                      |","| id | sbj                | pred  | obj_d             | obj_i | sig | adv/cl/comp/sent         |
|----|--------------------|-------|-------------------|-------|-----|--------------------------|
| #0 | al-taqaddum air base | serves | the city of Fallujah | -     | in  | Iraq                     |
| #1 | the city of Fallujah | is in | Iraq              | -     | -   | -                        |
| #2 | Kurdish languages | are spoken | -               | in the city of Fallujah | -   | -                        |
| #3 | Fuad Masum        | is     | the leader        | of the city of Fallujah | -   | -                        |"
reference0,105,al - taqaddum air base serves the city of fallujah in iraq . the country is led by haider al - abadi and uses the kurdish languages .,"| id | sbj                  | pred   | obj_d                | obj_i | sig  | adv/cl/comp/sent         |
|----|----------------------|--------|----------------------|-------|------|--------------------------|
| #0 | al-taqaddum air base | serves | the city of Fallujah | in    | Iraq | -                        |
| #1 | Iraq                 | is led | -                    | by    | Haider al-Abadi            | -                        |
| #2 | Iraq                 | uses   | the Kurdish languages | -     | -    | -                        |","| id | sbj                | pred    | obj_d                | obj_i | sig | adv/cl/comp/sent             |
|----|--------------------|---------|----------------------|-------|-----|------------------------------|
| #0 | al-taqaddum air base | serves  | the city of Fallujah | in Iraq | -   | -                            |
| #1 | Iraq               | is led  | -                    | by Haider al-Abadi | -   | -                            |
| #2 | Iraq               | uses    | the Kurdish languages | -     | -   | -                            |","| id | sbj | pred | obj_d | obj_i | sig | adv/cl/comp/sent |
|----|-----|------|-------|-------|-----|-----------------|
| #0 | al-taqaddum air base | serves | - | the city of Fallujah | in | Iraq |
| #1 | Iraq | is led by | Haider al-Abadi | - | - | - |
| #2 | Iraq | uses | the Kurdish languages | - | - | - |"
reference0,106,bananaman first aired on 3 october 1983 and starred jill shilling . it was created by steve bright and broadcast by stv .,"| id | sbj       | pred      | obj_d           | obj_i | sig | adv/cl/comp/sent        |
|----|-----------|-----------|-----------------|-------|-----|-------------------------|
| #0 | bananaman | first aired | -              | -     | on  | 3 October 1983          |
| #1 | bananaman | starred    | Jill Shilling  | -     | -   | -                       |
| #2 | bananaman | was created | -              | by    | Steve Bright              |
| #3 | bananaman | was broadcast | -            | by    | STV                        |","| id | sbj       | pred    | obj_d         | obj_i | sig | adv/cl/comp/sent      |
|----|-----------|---------|---------------|-------|-----|-----------------------|
| #0 | bananaman | first aired | -           | -     | on  | 3 October 1983        |
| #1 | bananaman | starred  | Jill Shilling | -     | -   | -                     |
| #2 | bananaman | was created | -           | by    | Steve Bright            |
| #3 | bananaman | was broadcast | -         | by    | STV                      |","# Output
| id | sbj       | pred       | obj_d       | obj_i | sig | adv/cl/comp/sent |
|----|-----------|------------|-------------|-------|-----|------------------|
| #0 | bananaman | first aired | -           | -     | on  | 3 october 1983   |
| #1 | bananaman | starred     | jill shilling | -     | -   | -                |
| #2 | bananaman | was created | -           | by    | steve bright       |
| #3 | bananaman | was broadcast | -         | by    | stv                |"
reference0,107,baymax is a character which was created by american duncan rouleau and featured in the film big hero 6 ( starring ryan potter ) .,"# Output
| id | sbj    | pred       | obj_d      | obj_i | sig   | adv/cl/comp/sent |
|----|--------|------------|------------|-------|-------|------------------|
| #0 | baymax | is         | a character | -     | -     | -                |
| #1 | baymax | was created | -          | by american duncan rouleau | -     | -                |
| #2 | baymax | was featured | -         | in the film big hero 6 | -     | -                |
| #3 | big hero 6 | starring | ryan potter | -   | -     | -                |","| id | sbj | pred | obj_d | obj_i | sig | adv/cl/comp/sent |
|----|-----|------|-------|-------|-----|-----------------|
| #0 | baymax | is | a character | - | - | - |
| #1 | baymax | was created | - | by american Duncan Rouleau | - | - |
| #2 | baymax | was featured | - | in the film Big Hero 6 | - | - |
| #3 | the film Big Hero 6 | stars | Ryan Potter | - | - | - |","# Output
| id | sbj    | pred        | obj_d     | obj_i | sig   | adv/cl/comp/sent                 |
|----|--------|-------------|-----------|-------|-------|----------------------------------|
| #0 | baymax | is          | a character | -     | -     | -                                |
| #1 | baymax | was created | -         | by    | american duncan rouleau             |
| #2 | baymax | was featured| -         | in    | the film big hero 6                 |
| #3 | big hero 6 | starred  | ryan potter | -     | -     | -                                |"
reference0,108,"the comic character bolt , who has the alternative name of larry bolatinsky , was created by gary cohn and the puerto rican national , ernie colon .","| id | sbj | pred | obj_d | obj_i | sig | adv/cl/comp/sent |
| - | - | - | - | - | - | - |
| #0 | bolt | has alternative name | larry bolatinsky | - | - | - |
| #1 | bolt | was created by | gary cohn and ernie colon | - | - | - |
| #2 | ernie colon | is | puerto rican national | - | - | - |
| #3 | bolt | is | comic character | - | - | - |","| id | sbj | pred | obj_d | obj_i | sig | adv/cl/comp/sent |
| - | - | - | - | - | - | - |
| #0 | bolt | has alternative name | larry bolatinsky | - | - | - |
| #1 | bolt | was created by | gary cohn and ernie colon | - | - | - |
| #2 | ernie colon | is | puerto rican national | - | - | - |
| #3 | bolt | is | comic character | - | - | - |","| id | sbj | pred | obj_d | obj_i | sig | adv/cl/comp/sent |
| - | - | - | - | - | - | - |
| #0 | bolt | has alternative name | larry bolatinsky | - | - | - |
| #1 | bolt | was created by | gary cohn and ernie colon | - | - | - |
| #2 | ernie colon | is | puerto rican national | - | - | - |
| #3 | bolt | is | comic character | - | - | - |"
reference0,109,"a fortress of grey ice , by j v jones , has the oclc number 51969173 , the isbn number 0 - 7653 - 0633 - 6 and is available in hardcover .","| id | sbj | pred | obj_d | obj_i | sig | adv/cl/comp/sent |
| - | - | - | - | - | - | - |
| #0 | A Fortress of Grey Ice | is written by | J V Jones | - | - | - |
| #1 | A Fortress of Grey Ice | has | the OCLC number 51969173 | - | - | - |
| #2 | A Fortress of Grey Ice | has | the ISBN number 0-7653-0633-6 | - | - | - |
| #3 | A Fortress of Grey Ice | is available | - | in hardcover | - | - |","# Output
| id | sbj | pred | obj_d | obj_i | sig | adv/cl/comp/sent |
| - | - | - | - | - | - | - |
| #0 | A fortress of grey ice | is written by | J V Jones | - | - | - |
| #1 | A fortress of grey ice | has | the OCLC number 51969173 | - | - | - |
| #2 | A fortress of grey ice | has | the ISBN number 0-7653-0633-6 | - | - | - |
| #3 | A fortress of grey ice | is available in | hardcover | - | - | - |","| id | sbj | pred | obj_d | obj_i | sig | adv/cl/comp/sent |
| - | - | - | - | - | - | - |
| #0 | A Fortress of Grey Ice | has | the OCLC number 51969173 | - | - | - |
| #1 | A Fortress of Grey Ice | has | the ISBN number 0-7653-0633-6 | - | - | - |
| #2 | A Fortress of Grey Ice | is available | - | in hardcover | - | - |
| #3 | A Fortress of Grey Ice | is written by | J V Jones | - | - | - |"
reference0,110,"the book , a loyal character dancer , has the isbn number of 1 - 56947 - 301 - 3 and the oclc number is 49805501 . it was penned by qiu xiaolong and can be found in hardcover .","| id | sbj | pred | obj_d | obj_i | sig | adv/cl/comp/sent |
| - | - | - | - | - | - | - |
| #0 | the book | is titled | A Loyal Character Dancer | - | - | - |
| #1 | the book | has | the ISBN number of 1-56947-301-3 | - | - | - |
| #2 | the book | has | the OCLC number of 49805501 | - | - | - |
| #3 | Qiu Xiaolong | penned | the book | - | - | - |
| #4 | the book | can be found | in hardcover | - | - | - |","| id | sbj | pred | obj_d | obj_i | sig | adv/cl/comp/sent |
| - | - | - | - | - | - | - |
| #0 | the book | has | the isbn number | - | of | 1-56947-301-3 |
| #1 | the book | has | the oclc number | - | - | 49805501 |
| #2 | the book | was penned by | Qiu Xiaolong | - | - | - |
| #3 | the book | can be found | - | in hardcover | - | - |
| #4 | the book | is titled | A Loyal Character Dancer | - | - | - |","| id | sbj | pred | obj_d | obj_i | sig | adv/cl/comp/sent |
| - | - | - | - | - | - | - |
| #0 | the book | has | the ISBN number | - | of | 1-56947-301-3 |
| #1 | the book | has | the OCLC number | - | - | 49805501 |
| #2 | the book | was penned by | Qiu Xiaolong | - | - | - |
| #3 | the book | can be found | - | in hardcover | - | - |
| #4 | the book | is titled | A Loyal Character Dancer | - | - | - |"
reference0,111,english is spoken in great britain and the united states where african americans are an ethnic group . alcatraz versus the evil librarians is from the united states and is written in the english language .,"| id | sbj | pred | obj_d | obj_i | sig | adv/cl/comp/sent |
| - | - | - | - | - | - | - |
| #0 | English | is spoken | - | in Great Britain | and | in the United States |
| #1 | African Americans | are | an ethnic group | - | in | the United States |
| #2 | Alcatraz versus the Evil Librarians | is from | the United States | - | - | - |
| #3 | Alcatraz versus the Evil Librarians | is written | - | in the English language | - | - |","| id | sbj | pred | obj_d | obj_i | sig | adv/cl/comp/sent |
| - | - | - | - | - | - | - |
| #0 | English | is spoken | - | in Great Britain | and | #1 |
| #1 | English | is spoken | - | in the United States | where | #2 |
| #2 | African Americans | are | an ethnic group | - | - | - |
| #3 | Alcatraz versus the Evil Librarians | is from | the United States | - | and | #4 |
| #4 | Alcatraz versus the Evil Librarians | is written | - | in the English language | - | - |","| id | sbj | pred | obj_d | obj_i | sig | adv/cl/comp/sent |
| - | - | - | - | - | - | - |
| #0 | English | is spoken | - | in Great Britain | and | in the United States |
| #1 | African Americans | are | an ethnic group | - | in | the United States |
| #2 | Alcatraz versus the Evil Librarians | is from | the United States | - | - | - |
| #3 | Alcatraz versus the Evil Librarians | is written | - | in the English language | - | - |
| #4 | English | is spoken | - | in the United States | where | African Americans are an ethnic group |"
reference0,112,"alan bean was born in wheeler , texas in the united states . he was selected by nasa in 1963 , and spent 100305 . 0 minutes in space .","| id | sbj      | pred        | obj_d | obj_i | sig | adv/cl/comp/sent         |
|----|----------|-------------|-------|-------|-----|--------------------------|
| #0 | Alan Bean | was born    | -     | in Wheeler, Texas, United States | -   | -                        |
| #1 | Alan Bean | was selected | -     | by NASA | in  | 1963                     |
| #2 | Alan Bean | spent       | 100305.0 minutes | in space | -   | -                        |","| id | sbj     | pred        | obj_d | obj_i | sig | adv/cl/comp/sent     |
|----|---------|-------------|-------|-------|-----|----------------------|
| #0 | Alan Bean | was born    | -     | in Wheeler, Texas | in | the United States |
| #1 | Alan Bean | was selected | -     | by NASA | in | 1963 |
| #2 | Alan Bean | spent       | 100305.0 minutes | in space | - | - |","| id | sbj      | pred           | obj_d | obj_i | sig | adv/cl/comp/sent            |
|----|----------|----------------|-------|-------|-----|-----------------------------|
| #0 | Alan Bean | was born       | -     | in Wheeler, Texas, the United States | -   | -                           |
| #1 | Alan Bean | was selected   | by NASA | -   | in  | 1963                        |
| #2 | Alan Bean | spent          | 100305.0 minutes | in space | -   | -                           |"
reference0,113,buzz aldrin ( born as edwin eugene aldrin jr ) was a crew member for nasa ' s apollo 11 and had 20 awards .,"| id | sbj | pred | obj_d | obj_i | sig | adv/cl/comp/sent |
| - | - | - | - | - | - | - |
| #0 | buzz aldrin | was born as | edwin eugene aldrin jr | - | - | - |
| #1 | buzz aldrin | was a crew member | - | for nasa's apollo 11 | - | - |
| #2 | buzz aldrin | had | 20 awards | - | - | - |","| id | sbj | pred | obj_d | obj_i | sig | adv/cl/comp/sent |
| - | - | - | - | - | - | - |
| #0 | Buzz Aldrin | was born as | Edwin Eugene Aldrin Jr | - | - | - |
| #1 | Buzz Aldrin | was | a crew member | for NASA's Apollo 11 | - | - |
| #2 | Buzz Aldrin | had | 20 awards | - | - | - |","| id | sbj | pred | obj_d | obj_i | sig | adv/cl/comp/sent |
|----|-----|------|-------|-------|-----|------------------|
| #0 | buzz aldrin | was born as | edwin eugene aldrin jr | - | - | - |
| #1 | buzz aldrin | was a crew member | - | for nasa ' s apollo 11 | - | - |
| #2 | buzz aldrin | had | 20 awards | - | - | - |"
reference0,114,"alan shepard , who was awarded the distinguished service medal from the u . s . navy , an award that is higher than the department of commerce gold medal , was born in new hampshire and died in california .","| id | sbj | pred | obj_d | obj_i | sig | adv/cl/comp/sent |
| - | - | - | - | - | - | - |
| #0 | Alan Shepard | was awarded | the Distinguished Service Medal | from the U.S. Navy | - | - |
| #1 | the Distinguished Service Medal | is higher than | the Department of Commerce Gold Medal | - | - | - |
| #2 | Alan Shepard | was born | - | in New Hampshire | - | - |
| #3 | Alan Shepard | died | - | in California | - | - |","| id | sbj | pred | obj_d | obj_i | sig | adv/cl/comp/sent |
| - | - | - | - | - | - | - |
| #0 | Alan Shepard | was awarded | the Distinguished Service Medal | from the U.S. Navy | - | - |
| #1 | the Distinguished Service Medal | is higher than | the Department of Commerce Gold Medal | - | - | - |
| #2 | Alan Shepard | was born | - | in New Hampshire | - | - |
| #3 | Alan Shepard | died | - | in California | - | - |
| #4 | Alan Shepard | was awarded | the Distinguished Service Medal | from the U.S. Navy | which | #1 |","| id | sbj | pred | obj_d | obj_i | sig | adv/cl/comp/sent |
| - | - | - | - | - | - | - |
| #0 | Alan Shepard | was awarded | the Distinguished Service Medal | from the U.S. Navy | - | - |
| #1 | Alan Shepard | was born | - | in New Hampshire | - | - |
| #2 | Alan Shepard | died | - | in California | - | - |
| #3 | the Distinguished Service Medal | is higher than | the Department of Commerce Gold Medal | - | - | - |"
reference0,115,"awh engineering college ( kuttikkattoor , india ) was established in 2001 . one of the rivers in india is the ganges .","| id | sbj                     | pred         | obj_d    | obj_i | sig | adv/cl/comp/sent          |
|----|-------------------------|--------------|----------|-------|-----|---------------------------|
| #0 | awh engineering college | was established | -      | in    | -   | 2001                      |
| #1 | awh engineering college | is located at  | kuttikkattoor, India | -   | -   | -                         |
| #2 | one of the rivers       | is            | the Ganges | in India | - | -                         |","| id | sbj                   | pred         | obj_d    | obj_i | sig | adv/cl/comp/sent |
|----|-----------------------|--------------|----------|-------|-----|-----------------|
| #0 | awh engineering college | was established | -        | -     | in  | 2001            |
| #1 | awh engineering college | is located in   | kuttikkattoor, India | -     | -   | -               |
| #2 | one of the rivers in India | is           | the Ganges | -     | -   | -               |","| id | sbj                    | pred          | obj_d    | obj_i | sig | adv/cl/comp/sent         |
|----|------------------------|---------------|----------|-------|-----|--------------------------|
| #0 | awh engineering college | was established | -        | -     | in  | 2001                    |
| #1 | awh engineering college | is located     | -        | in    | at  | kuttikkattoor, india    |
| #2 | one of the rivers in india | is           | the ganges | -     | -   | -                      |"
reference0,116,"the acharya institute of technology offers tennis as its sport and it was given the "" technical campus "" status by the all india council for technical education ( located in mumbai ) . the sports governing body for tennis is the international tennis federation .","| id | sbj                              | pred          | obj_d                        | obj_i | sig | adv/cl/comp/sent             |
|----|----------------------------------|---------------|------------------------------|-------|-----|-----------------------------|
| #0 | the acharya institute of technology | offers       | tennis                       | as its sport | -   | -                           |
| #1 | the acharya institute of technology | was given    | the ""technical campus"" status | by the all india council for technical education | -   | -                           |
| #2 | the all india council for technical education | is located | in mumbai                  | -     | -   | -                           |
| #3 | the sports governing body for tennis | is          | the international tennis federation | -     | -   | -                           |","| id | sbj | pred | obj_d | obj_i | sig | adv/cl/comp/sent |
| - | - | - | - | - | - | - |
| #0 | the Acharya Institute of Technology | offers | tennis | as its sport | - | - |
| #1 | the Acharya Institute of Technology | was given | the ""technical campus"" status | by the All India Council for Technical Education | - | - |
| #2 | the All India Council for Technical Education | is located in | Mumbai | - | - | - |
| #3 | the sports governing body for tennis | is | the International Tennis Federation | - | - | - |","| id | sbj                           | pred           | obj_d                      | obj_i | sig | adv/cl/comp/sent            |
|----|-------------------------------|----------------|----------------------------|-------|-----|-----------------------------|
| #0 | the acharya institute of technology | offers        | tennis                     | as its sport | -   | -                           |
| #1 | the acharya institute of technology | was given     | the ""technical campus"" status | by the all india council for technical education | -   | -                           |
| #2 | the all india council for technical education | is located | -                          | in mumbai | -   | -                           |
| #3 | the sports governing body for tennis | is           | the international tennis federation | -     | -   | -                           |"
reference0,117,"the awh engineering college is located in kuttikkattoor , kerala and it has 250 academic staff . the leader of kerala is kochi .","| id | sbj                    | pred     | obj_d          | obj_i | sig | adv/cl/comp/sent            |
|----|------------------------|----------|----------------|-------|-----|-----------------------------|
| #0 | the awh engineering college | is located | -              | in kuttikkattoor, kerala | -   | -                           |
| #1 | the awh engineering college | has        | 250 academic staff | -     | -   | -                           |
| #2 | kerala                  | is        | -              | -     | -   | -                           |
| #3 | the leader of kerala    | is        | kochi          | -     | -   | -                           |","| id | sbj                  | pred        | obj_d         | obj_i | sig | adv/cl/comp/sent         |
|----|----------------------|-------------|---------------|-------|-----|--------------------------|
| #0 | the awh engineering college | is located in | kuttikkattoor, Kerala | -     | -   | -                        |
| #1 | the awh engineering college | has           | 250 academic staff  | -     | -   | -                        |
| #2 | Kerala                | has leader   | Kochi         | -     | -   | -                        |","| id | sbj                   | pred      | obj_d          | obj_i | sig | adv/cl/comp/sent               |
|----|-----------------------|-----------|----------------|-------|-----|--------------------------------|
| #0 | the awh engineering college | is located | -              | in kuttikkattoor, Kerala | -   | -                              |
| #1 | the awh engineering college | has        | 250 academic staff | -     | -   | -                              |
| #2 | the leader of Kerala  | is         | Kochi          | -     | -   | -                              |"
reference0,118,"bandeja paisa is a colombian cuisine from the paisa region . the main ingredients of bandeja paisa are : red beans , pork belly , white rice , ground meat , chicharon , fried egg , plantain ( patacones ) , chorizo , arepa , hogao sauce , black pudding ( morcilla ) , avocado and lemon "" .","| id | sbj | pred | obj_d | obj_i | sig | adv/cl/comp/sent |
| - | - | - | - | - | - | - |
| #0 | bandeja paisa | is | a colombian cuisine | from the paisa region | - | - |
| #1 | bandeja paisa | has main ingredients | red beans, pork belly, white rice, ground meat, chicharon, fried egg, plantain, chorizo, arepa, hogao sauce, black pudding, avocado, lemon | - | - | - |
| #2 | plantain | is also known as | patacones | - | - | - |
| #3 | black pudding | is also known as | morcilla | - | - | - |","| id | sbj | pred | obj_d | obj_i | sig | adv/cl/comp/sent |
| - | - | - | - | - | - | - |
| #0 | bandeja paisa | is | a colombian cuisine | from the paisa region | - | - |
| #1 | bandeja paisa | has main ingredients | red beans, pork belly, white rice, ground meat, chicharon, fried egg, plantain, chorizo, arepa, hogao sauce, black pudding, avocado, lemon | - | - | - |
| #2 | plantain | is also known as | patacones | - | - | - |
| #3 | black pudding | is also known as | morcilla | - | - | - |","| id | sbj | pred | obj_d | obj_i | sig | adv/cl/comp/sent |
| - | - | - | - | - | - | - |
| #0 | bandeja paisa | is | a colombian cuisine | from the paisa region | - | - |
| #1 | bandeja paisa | has main ingredients | red beans, pork belly, white rice, ground meat, chicharon, fried egg, plantain, chorizo, arepa, hogao sauce, black pudding, avocado, lemon | - | - | - |
| #2 | plantain | is also known as | patacones | - | - | - |
| #3 | black pudding | is also known as | morcilla | - | - | - |"
reference0,119,"beef kway teow is a dish commonly found in indonesia . the same dish is found in singapore , where halimah yacob is a leader and standard chinese is the language spoken .","| id | sbj | pred | obj_d | obj_i | sig | adv/cl/comp/sent |
| - | - | - | - | - | - | - |
| #0 | beef kway teow | is | a dish | - | - | - |
| #1 | beef kway teow | is found | - | in Indonesia | - | - |
| #2 | beef kway teow | is found | - | in Singapore | - | - |
| #3 | Halimah Yacob | is | a leader | - | in | Singapore |
| #4 | standard Chinese | is | the language spoken | - | in | Singapore |","| id | sbj | pred | obj_d | obj_i | sig | adv/cl/comp/sent |
|----|-----|------|-------|-------|-----|-----------------|
| #0 | beef kway teow | is | a dish | - | - | - |
| #1 | beef kway teow | is found | - | in Indonesia | - | - |
| #2 | beef kway teow | is found | - | in Singapore | - | - |
| #3 | Halimah Yacob | is | a leader | - | in | Singapore |
| #4 | standard Chinese | is | the language spoken | - | in | Singapore |","| id | sbj | pred | obj_d | obj_i | sig | adv/cl/comp/sent |
| - | - | - | - | - | - | - |
| #0 | beef kway teow | is | a dish | - | - | - |
| #1 | beef kway teow | is found | - | in Indonesia | - | - |
| #2 | beef kway teow | is found | - | in Singapore | - | - |
| #3 | Halimah Yacob | is | a leader | - | in | Singapore |
| #4 | standard Chinese | is | the language spoken | - | in | Singapore |"
reference0,120,"sandesh and binignit are desserts . binignit comes from the philippines , where the language is philippine english .","| id | sbj | pred | obj_d | obj_i | sig | adv/cl/comp/sent |
| - | - | - | - | - | - | - |
| #0 | sandesh | is | a dessert | - | - | - |
| #1 | binignit | is | a dessert | - | - | - |
| #2 | binignit | comes from | the Philippines | - | - | - |
| #3 | the Philippines | has | the language | Philippine English | - | - |","| id | sbj | pred | obj_d | obj_i | sig | adv/cl/comp/sent |
| - | - | - | - | - | - | - |
| #0 | sandesh | is | a dessert | - | - | - |
| #1 | binignit | is | a dessert | - | - | - |
| #2 | binignit | comes from | the Philippines | - | - | - |
| #3 | the Philippines | is where | - | - | the language is Philippine English | - |","| id | sbj | pred | obj_d | obj_i | sig | adv/cl/comp/sent |
| - | - | - | - | - | - | - |
| #0 | sandesh | is | a dessert | - | - | - |
| #1 | binignit | is | a dessert | - | - | - |
| #2 | binignit | comes from | the Philippines | - | - | - |
| #3 | the Philippines | has | the language | philippine English | - | - |"
reference0,121,the english language is spoken in great britain and the united states where native americans are an ethnic group . a loyal character dancer is published in the united states by soho press .,"| id | sbj | pred | obj_d | obj_i | sig | adv/cl/comp/sent |
| - | - | - | - | - | - | - |
| #0 | the english language | is spoken | - | in Great Britain and the United States | - | - |
| #1 | the United States | is where | native Americans | - | - | are an ethnic group |
| #2 | A Loyal Character Dancer | is published | - | in the United States | by | Soho Press |","| id | sbj | pred | obj_d | obj_i | sig | adv/cl/comp/sent |
| - | - | - | - | - | - | - |
| #0 | the English language | is spoken | - | in Great Britain and the United States | - | - |
| #1 | Native Americans | are | an ethnic group | - | in | the United States |
| #2 | ""A Loyal Character Dancer"" | is published | - | in the United States | by | Soho Press |","| id | sbj | pred | obj_d | obj_i | sig | adv/cl/comp/sent |
| - | - | - | - | - | - | - |
| #0 | the English language | is spoken | - | in Great Britain and the United States | - | - |
| #1 | Native Americans | are | an ethnic group | - | in | the United States |
| #2 | A Loyal Character Dancer | is published | - | in the United States | by | Soho Press |"
reference0,122,a severed wasp is from the united states where the native americans are an ethnic group . the capital city is washington dc and uses the english language which is also spoken in great britain .,"| id | sbj | pred | obj_d | obj_i | sig | adv/cl/comp/sent |
| - | - | - | - | - | - | - |
| #0 | a severed wasp | is from | the United States | - | - | - |
| #1 | the United States | has | native Americans | - | where | native Americans are an ethnic group |
| #2 | the capital city | is | Washington DC | - | - | - |
| #3 | the capital city | uses | the English language | - | - | - |
| #4 | the English language | is spoken | - | in Great Britain | which | also |
| #5 | the English language | is spoken | - | in the United States | - | - |","| id | sbj | pred | obj_d | obj_i | sig | adv/cl/comp/sent |
|----|-----|------|-------|-------|-----|-----------------|
| #0 | a severed wasp | is from | the United States | - | - | - |
| #1 | the United States | has | Native Americans | - | where | Native Americans are an ethnic group |
| #2 | the capital city | is | Washington DC | - | - | - |
| #3 | the capital city | uses | the English language | - | - | - |
| #4 | the English language | is spoken | - | in Great Britain | which | also |
| #5 | the English language | is spoken | - | in the United States | - | - |","| id | sbj | pred | obj_d | obj_i | sig | adv/cl/comp/sent |
|----|-----|------|-------|-------|-----|-----------------|
| #0 | a severed wasp | is from | the United States | - | - | - |
| #1 | the United States | has | Native Americans | - | where | Native Americans are an ethnic group |
| #2 | the capital city | is | Washington DC | - | - | - |
| #3 | the capital city | uses | the English language | - | - | - |
| #4 | the English language | is spoken | - | in Great Britain | which | also |
| #5 | the English language | is also spoken | - | in Great Britain | - | - |"
reference0,123,"the demonym for people living in the united states is americans and there is an ethnic group called african american . the leader of the united states is barack obama , the capital is washington d . c . and 1634 the ram rebellion was written there .","| id | sbj | pred | obj_d | obj_i | sig | adv/cl/comp/sent |
| - | - | - | - | - | - | - |
| #0 | people living in the United States | are called | Americans | - | - | - |
| #1 | there | is | an ethnic group | - | called | African American |
| #2 | the leader of the United States | is | Barack Obama | - | - | - |
| #3 | the capital of the United States | is | Washington D.C. | - | - | - |
| #4 | 1634 The Ram Rebellion | was written | - | in Washington D.C. | - | - |","| id | sbj | pred | obj_d | obj_i | sig | adv/cl/comp/sent |
| - | - | - | - | - | - | - |
| #0 | people living in the United States | have demonym | Americans | - | - | - |
| #1 | there | is | an ethnic group | - | called | African American |
| #2 | the leader of the United States | is | Barack Obama | - | - | - |
| #3 | the capital of the United States | is | Washington D.C. | - | - | - |
| #4 | 1634 The Ram Rebellion | was written | - | in | Washington D.C. |","| id | sbj | pred | obj_d | obj_i | sig | adv/cl/comp/sent |
| - | - | - | - | - | - | - |
| #0 | people living in the United States | have demonym | Americans | - | - | - |
| #1 | there | is | an ethnic group | - | called | African American |
| #2 | the leader of the United States | is | Barack Obama | - | - | - |
| #3 | the capital of the United States | is | Washington D.C. | - | - | - |
| #4 | 1634 The Ram Rebellion | was written | - | in Washington D.C. | - | - |"
reference0,124,"the capital of the united states is washington d . c , the language of this country is english . amarillo , that its a beautiful place located in this country is part of potter county in the state of texas .","| id | sbj | pred | obj_d | obj_i | sig | adv/cl/comp/sent |
| - | - | - | - | - | - | - |
| #0 | the capital of the United States | is | Washington D.C. | - | - | - |
| #1 | the language of the United States | is | English | - | - | - |
| #2 | Amarillo | is located in | - | the United States | - | - |
| #3 | Amarillo | is part of | Potter County | - | in | the state of Texas |
| #4 | Amarillo | is | a beautiful place | - | - | - |","# Output
| id | sbj | pred | obj_d | obj_i | sig | adv/cl/comp/sent |
| - | - | - | - | - | - | - |
| #0 | the capital of the United States | is | Washington D.C. | - | - | - |
| #1 | the language of the United States | is | English | - | - | - |
| #2 | Amarillo | is | a beautiful place | - | - | - |
| #3 | Amarillo | is located in | the United States | - | - | - |
| #4 | Amarillo | is part of | Potter County | - | in | the state of Texas |","| id | sbj | pred | obj_d | obj_i | sig | adv/cl/comp/sent |
| - | - | - | - | - | - | - |
| #0 | the capital of the United States | is | Washington D.C. | - | - | - |
| #1 | the language of the United States | is | English | - | - | - |
| #2 | Amarillo | is | a beautiful place | - | - | - |
| #3 | Amarillo | is located | - | in the United States | - | - |
| #4 | Amarillo | is part of | Potter County | - | in | the state of Texas |"
reference0,125,"the population density of auburn is 914 . 8 person for each of its 77 . 21 square kilometres . auburn forms part of king county and pierce county , both of washington , united states .","| id | sbj | pred | obj_d | obj_i | sig | adv/cl/comp/sent |
| - | - | - | - | - | - | - |
| #0 | the population density of Auburn | is | 914.8 persons | for each of its 77.21 square kilometres | - | - |
| #1 | Auburn | forms part of | King County | - | - | - |
| #2 | Auburn | forms part of | Pierce County | - | - | - |
| #3 | King County | is | part of | Washington, United States | - | - |
| #4 | Pierce County | is | part of | Washington, United States | - | - |","| id | sbj | pred | obj_d | obj_i | sig | adv/cl/comp/sent |
| - | - | - | - | - | - | - |
| #0 | the population density of auburn | is | 914.8 persons | for each of its 77.21 square kilometres | - | - |
| #1 | auburn | forms part of | king county and pierce county | - | - | - |
| #2 | king county and pierce county | are both part of | washington | - | - | - |
| #3 | washington | is located in | united states | - | - | - |","# Output
| id | sbj | pred | obj_d | obj_i | sig | adv/cl/comp/sent |
| - | - | - | - | - | - | - |
| #0 | the population density of auburn | is | 914.8 person for each of its 77.21 square kilometres | - | - | - |
| #1 | auburn | forms part of | king county and pierce county | - | - | - |
| #2 | king county and pierce county | are both part of | washington | - | - | - |
| #3 | washington | is in | united states | - | - | - |"
reference0,126,"americans live in the united states , where english is spoken and where asian americans are an ethnic group . the us is the location of angola , which is in steuben county , indiana .","| id | sbj | pred | obj_d | obj_i | sig | adv/cl/comp/sent |
| - | - | - | - | - | - | - |
| #0 | americans | live | - | in the united states | - | - |
| #1 | english | is spoken | - | - | in | the united states |
| #2 | asian americans | are | an ethnic group | - | in | the united states |
| #3 | the us | is the location of | angola | - | - | - |
| #4 | angola | is | - | in steuben county, indiana | - | - |
| #5 | steuben county | is | - | in indiana | - | - |","| id | sbj | pred | obj_d | obj_i | sig | adv/cl/comp/sent |
| - | - | - | - | - | - | - |
| #0 | americans | live | - | in the United States | - | - |
| #1 | English | is spoken | - | in the United States | where | - |
| #2 | Asian Americans | are | an ethnic group | - | in the United States | where |
| #3 | the US | is the location of | Angola | - | - | - |
| #4 | Angola | is | - | in Steuben County, Indiana | - | - |
| #5 | Steuben County | is | - | in Indiana | - | - |","| id | sbj | pred | obj_d | obj_i | sig | adv/cl/comp/sent |
| - | - | - | - | - | - | - |
| #0 | Americans | live | - | in the United States | - | - |
| #1 | English | is spoken | - | in the United States | where | - |
| #2 | Asian Americans | are | an ethnic group | - | in the United States | where |
| #3 | the US | is the location of | Angola | - | - | #4 |
| #4 | Angola | is | - | in Steuben County, Indiana | which | - |"
reference0,127,azerbaijan ' s leader is artur rasizade and his official title is prime minister of azerbaijan . baku is the capital and the baku turkish martyrs memorial which is dedicated to the ottoman army soldiers killed in the battle of baku is located in the country .,"| id | sbj | pred | obj_d | obj_i | sig | adv/cl/comp/sent |
| - | - | - | - | - | - | - |
| #0 | Azerbaijan's leader | is | Artur Rasizade | - | - | - |
| #1 | Artur Rasizade | has official title | prime minister of Azerbaijan | - | - | - |
| #2 | Baku | is | the capital of Azerbaijan | - | - | - |
| #3 | the Baku Turkish Martyrs Memorial | is located | in Azerbaijan | - | - | - |
| #4 | the Baku Turkish Martyrs Memorial | is dedicated | to the Ottoman army soldiers | - | who were killed | in the Battle of Baku |","| id | sbj | pred | obj_d | obj_i | sig | adv/cl/comp/sent |
| - | - | - | - | - | - | - |
| #0 | Azerbaijan's leader | is | Artur Rasizade | - | - | - |
| #1 | Artur Rasizade | has official title | Prime Minister of Azerbaijan | - | - | - |
| #2 | Baku | is | the capital | of Azerbaijan | - | - |
| #3 | the Baku Turkish Martyrs Memorial | is located | in Azerbaijan | - | - | - |
| #4 | the Baku Turkish Martyrs Memorial | is dedicated | to the Ottoman army soldiers killed | in the Battle of Baku | - | - |","| id | sbj | pred | obj_d | obj_i | sig | adv/cl/comp/sent |
| - | - | - | - | - | - | - |
| #0 | Azerbaijan's leader | is | Artur Rasizade | - | - | - |
| #1 | Artur Rasizade | has official title | Prime Minister of Azerbaijan | - | - | - |
| #2 | Baku | is | the capital | of Azerbaijan | - | - |
| #3 | the Baku Turkish Martyrs Memorial | is located | in Azerbaijan | - | - | - |
| #4 | the Baku Turkish Martyrs Memorial | is dedicated | to the Ottoman army soldiers killed | in the Battle of Baku | - | - |"
reference0,128,baku is the capital of azerbaijan where the legislature is the national assembly and the leader is artur rasizade . the country is the location of the baku turkish martyrs memorial which is dedicated to the soldiers of the ottoman army who lost their lives in the battle of baku .,"| id | sbj | pred | obj_d | obj_i | sig | adv/cl/comp/sent |
| - | - | - | - | - | - | - |
| #0 | baku | is | the capital | of azerbaijan | where | #1 |
| #1 | baku | has | the legislature | - | as | the national assembly |
| #2 | baku | has | the leader | - | as | artur rasizade |
| #3 | azerbaijan | is | the location | of the baku turkish martyrs memorial | - | - |
| #4 | the baku turkish martyrs memorial | is dedicated | to the soldiers of the ottoman army | - | who | #5 |
| #5 | the soldiers of the ottoman army | lost their lives | in the battle of baku | - | - | - |","| id | sbj | pred | obj_d | obj_i | sig | adv/cl/comp/sent |
| - | - | - | - | - | - | - |
| #0 | baku | is | the capital | of azerbaijan | where | #1 |
| #1 | baku | has | the legislature | as the national assembly | and | #2 |
| #2 | baku | has | the leader | as artur rasizade | - | - |
| #3 | azerbaijan | is | the location | of the baku turkish martyrs memorial | - | #4 |
| #4 | the baku turkish martyrs memorial | is dedicated | to the soldiers of the ottoman army | - | who | #5 |
| #5 | the soldiers of the ottoman army | lost their lives | in the battle of baku | - | - | - |","| id | sbj | pred | obj_d | obj_i | sig | adv/cl/comp/sent |
| - | - | - | - | - | - | - |
| #0 | baku | is the capital | - | of azerbaijan | where | #1 |
| #1 | baku | has | the legislature | - | - | the national assembly |
| #2 | baku | has | the leader | - | - | artur rasizade |
| #3 | azerbaijan | is the location | - | of | the baku turkish martyrs memorial |
| #4 | the baku turkish martyrs memorial | is dedicated | - | to | the soldiers of the ottoman army |
| #5 | the soldiers of the ottoman army | lost their lives | - | in | the battle of baku |"
reference0,129,"ahmet davutoglu is the president of turkey ( the leader ) . while the capital of turkey is ankara , the largest city is istanbul . turkey is the location of the ataturk monument ( izmir ) .","| id | sbj | pred | obj_d | obj_i | sig | adv/cl/comp/sent |
| - | - | - | - | - | - | - |
| #0 | Ahmet Davutoglu | is | the president of Turkey | - | - | - |
| #1 | Ahmet Davutoglu | is | the leader | - | - | - |
| #2 | the capital of Turkey | is | Ankara | - | - | - |
| #3 | the largest city of Turkey | is | Istanbul | - | - | - |
| #4 | Turkey | is | the location of the Ataturk Monument | - | - | - |
| #5 | the Ataturk Monument | is located in | Izmir | - | - | - |","| id | sbj             | pred         | obj_d             | obj_i | sig   | adv/cl/comp/sent        |
|----|-----------------|--------------|-------------------|-------|-------|-------------------------|
| #0 | Ahmet Davutoglu | is           | the president      | of Turkey | -     | -                       |
| #1 | Ahmet Davutoglu | is           | the leader         | -     | -     | -                       |
| #2 | Turkey          | has capital  | Ankara            | -     | while | -                       |
| #3 | Turkey          | has city     | Istanbul          | -     | -     | the largest city        |
| #4 | Turkey          | is           | the location       | of the Ataturk Monument | -     | -                       |
| #5 | the Ataturk Monument | is located | in Izmir        | -     | -     | -                       |","| id | sbj | pred | obj_d | obj_i | sig | adv/cl/comp/sent |
| - | - | - | - | - | - | - |
| #0 | Ahmet Davutoglu | is | the president of Turkey | - | - | - |
| #1 | Turkey | has president | Ahmet Davutoglu | - | - | - |
| #2 | Ahmet Davutoglu | is | the leader | - | - | - |
| #3 | Turkey | has leader | Ahmet Davutoglu | - | - | - |
| #4 | Turkey | has capital | Ankara | - | - | - |
| #5 | Turkey | has largest city | Istanbul | - | - | - |
| #6 | Turkey | is | the location of the Ataturk Monument | - | - | - |
| #7 | Ataturk Monument | is located in | Izmir | - | - | - |
| #8 | Ataturk Monument | is in | Turkey | - | - | - |"
reference0,130,"awh engineering college is located southeast of mahe in kuttikkattoor , kerala , india . the college was established in 2001 and has 250 academic staff .","| id | sbj                | pred        | obj_d | obj_i | sig | adv/cl/comp/sent                 |
|----|--------------------|-------------|-------|-------|-----|----------------------------------|
| #0 | awh engineering college | is located | -     | southeast of mahe in kuttikkattoor, kerala, india | -   | -                                |
| #1 | awh engineering college | was established | -     | -     | in  | 2001                       |
| #2 | awh engineering college | has         | 250 academic staff | -     | -   | -                                |","| id | sbj                | pred         | obj_d            | obj_i | sig | adv/cl/comp/sent         |
|----|--------------------|--------------|------------------|-------|-----|--------------------------|
| #0 | awh engineering college | is located  | southeast of mahe | in kuttikkattoor, kerala, india | -   | -                            |
| #1 | awh engineering college | was established | -                | -     | in  | 2001                         |
| #2 | awh engineering college | has          | 250 academic staff | -     | -   | -                            |","| id | sbj                | pred         | obj_d | obj_i | sig | adv/cl/comp/sent                  |
|----|--------------------|--------------|-------|-------|-----|-----------------------------------|
| #0 | awh engineering college | is located  | -     | southeast of mahe in kuttikkattoor, kerala, india | -   | -                                 |
| #1 | awh engineering college | was established | -     | -     | in  | 2001                          |
| #2 | awh engineering college | has          | 250 academic staff | -     | -   | -                                 |"
reference0,131,awh engineering college is located in kerala india . kochi is the leader of kerala . ganges is the main river in india and mumbai is the largest city .,"| id | sbj                | pred           | obj_d           | obj_i | sig | adv/cl/comp/sent        |
|----|--------------------|----------------|-----------------|-------|-----|-------------------------|
| #0 | awh engineering college | is located in | -               | Kerala, India | -   | -                       |
| #1 | Kochi              | is the leader of | Kerala          | -     | -   | -                       |
| #2 | Ganges             | is the main river in | India         | -     | and | #3                      |
| #3 | Mumbai             | is the largest city in | India        | -     | -   | -                       |","| id | sbj                | pred      | obj_d       | obj_i | sig | adv/cl/comp/sent      |
|----|--------------------|-----------|-------------|-------|-----|-----------------------|
| #0 | awh engineering college | is located | -           | in kerala, India | -   | -                     |
| #1 | kochi              | is the leader | -           | of kerala | -   | -                     |
| #2 | ganges             | is the main river | -       | in India | -   | -                     |
| #3 | mumbai             | is the largest city | -     | in India | and | #2                     |","| id | sbj                 | pred     | obj_d           | obj_i | sig | adv/cl/comp/sent        |
|----|---------------------|----------|-----------------|-------|-----|-------------------------|
| #0 | awh engineering college | is located | -               | in kerala, india | -   | -                         |
| #1 | kochi               | is the leader | -               | of kerala | -   | -                         |
| #2 | ganges              | is the main river | -            | in india | -   | -                         |
| #3 | mumbai              | is the largest city | -          | in india | -   | -                         |"
reference0,132,the school of business and social sciences at the aarhus university in aarhus is affiliated to the european university association ( headquarters in brussels ) . aarhus has a magistrate government . aarhus has mols to its northeast .,"| id | sbj | pred | obj_d | obj_i | sig | adv/cl/comp/sent |
| - | - | - | - | - | - | - |
| #0 | the school of business and social sciences | is affiliated | - | to the european university association | - | - |
| #1 | the european university association | has headquarters | in Brussels | - | - | - |
| #2 | Aarhus | has | a magistrate government | - | - | - |
| #3 | Aarhus | has | Mols | to its northeast | - | - |","| id | sbj | pred | obj_d | obj_i | sig | adv/cl/comp/sent |
| - | - | - | - | - | - | - |
| #0 | the school of business and social sciences | is affiliated to | the european university association | - | at | the aarhus university in aarhus |
| #1 | the european university association | has headquarters | in Brussels | - | - | - |
| #2 | aarhus | has | a magistrate government | - | - | - |
| #3 | aarhus | has | mols | to its northeast | - | - |","| id | sbj | pred | obj_d | obj_i | sig | adv/cl/comp/sent |
| - | - | - | - | - | - | - |
| #0 | the school of business and social sciences | is affiliated | - | to the european university association | at | the aarhus university in aarhus |
| #1 | the european university association | has headquarters | - | in brussels | - | - |
| #2 | aarhus | has | a magistrate government | - | - | - |
| #3 | aarhus | has | mols | to its northeast | - | - |"
reference0,133,baymax was created by american duncan rouleau and steven t . seagle . baymax is a character in big hero 6 which stars alan tudyk .,"| id | sbj | pred | obj_d | obj_i | sig | adv/cl/comp/sent |
|----|-----|------|-------|-------|-----|-----------------|
| #0 | baymax | was created by | - | american Duncan Rouleau and Steven T. Seagle | - | - |
| #1 | baymax | is a character in | Big Hero 6 | - | - | - |
| #2 | Big Hero 6 | stars | Alan Tudyk | - | - | - |","# Output
| id | sbj | pred | obj_d | obj_i | sig | adv/cl/comp/sent |
| - | - | - | - | - | - | - |
| #0 | baymax | was created by | - | american duncan rouleau and steven t. seagle | - | - |
| #1 | baymax | is a character in | big hero 6 | - | - | - |
| #2 | big hero 6 | stars | alan tudyk | - | - | - |","| id | sbj | pred | obj_d | obj_i | sig | adv/cl/comp/sent |
| - | - | - | - | - | - | - |
| #0 | baymax | was created by | - | american Duncan Rouleau and Steven T. Seagle | - | - |
| #1 | baymax | is a character in | Big Hero 6 | - | which | stars Alan Tudyk |"
reference0,134,italy is led by pietro grasso and is where ac lumezzane play . their manager is michele marcolini who is in the vicenza calcio club and plays for fc bari 1908 .,"# Output
| id | sbj | pred | obj_d | obj_i | sig | adv/cl/comp/sent |
| - | - | - | - | - | - | - |
| #0 | Italy | is led by | Pietro Grasso | - | - | - |
| #1 | AC Lumezzane | play | - | in Italy | - | - |
| #2 | Michele Marcolini | is | manager | of AC Lumezzane | - | - |
| #3 | Michele Marcolini | is in | Vicenza Calcio club | - | - | - |
| #4 | Michele Marcolini | plays for | FC Bari 1908 | - | - | - |","| id | sbj | pred | obj_d | obj_i | sig | adv/cl/comp/sent |
| - | - | - | - | - | - | - |
| #0 | Italy | is led by | Pietro Grasso | - | - | - |
| #1 | Italy | is | where AC Lumezzane play | - | - | - |
| #2 | their manager, Michele Marcolini | is | - | in the Vicenza Calcio club | - | - |
| #3 | their manager, Michele Marcolini | plays for | FC Bari 1908 | - | - | - |
| #4 | Michele Marcolini | is | their manager | - | - | - |
| #5 | AC Lumezzane | has manager | Michele Marcolini | - | - | - |","# Output
| id | sbj | pred | obj_d | obj_i | sig | adv/cl/comp/sent |
| - | - | - | - | - | - | - |
| #0 | Italy | is led by | Pietro Grasso | - | - | - |
| #1 | AC Lumezzane | play | - | in Italy | - | - |
| #2 | Michele Marcolini | is | their manager | - | of | AC Lumezzane |
| #3 | Michele Marcolini | is | - | in | the Vicenza Calcio club |
| #4 | Michele Marcolini | plays for | FC Bari 1908 | - | - | - |"
reference0,135,gus poyet is in the real zaragoza club and previously played for chelsea fc . he now manages aek athens who have their home ground at the olympic stadium ( athens ) at marousi .,"| id | sbj        | pred          | obj_d        | obj_i | sig       | adv/cl/comp/sent         |
|----|------------|---------------|--------------|-------|-----------|--------------------------|
| #0 | Gus Poyet  | is in         | Real Zaragoza club | -     | -         | -                        |
| #1 | Gus Poyet  | played        | -            | for Chelsea FC | previously | -                        |
| #2 | Gus Poyet  | now manages   | AEK Athens   | -     | -         | -                        |
| #3 | AEK Athens | have          | their home ground | at the Olympic Stadium (Athens) at Marousi | - | - |","| id | sbj       | pred        | obj_d         | obj_i | sig      | adv/cl/comp/sent         |
|----|-----------|-------------|---------------|-------|----------|--------------------------|
| #0 | Gus Poyet | is in       | the Real Zaragoza club | -     | -        | -                        |
| #1 | Gus Poyet | played for  | Chelsea FC    | -     | previously | -                        |
| #2 | Gus Poyet | now manages | AEK Athens    | -     | -        | -                        |
| #3 | AEK Athens | have       | their home ground | at the Olympic Stadium (Athens) at Marousi | - | - |","| id | sbj       | pred          | obj_d           | obj_i | sig      | adv/cl/comp/sent                 |
|----|-----------|---------------|-----------------|-------|----------|----------------------------------|
| #0 | Gus Poyet | is in         | the Real Zaragoza club | -     | -        | -                                |
| #1 | Gus Poyet | played        | -               | for Chelsea FC | previously | -                        |
| #2 | Gus Poyet | now manages   | AEK Athens      | -     | -        | -                                |
| #3 | AEK Athens | have         | their home ground | at the Olympic Stadium (Athens) at Marousi | - | - |"
reference0,136,the capital of rome is italy whose language is italian . the leader of the country is sergio mattarella and it is occupied by italians . a . s . gubbio 1910 is located there .,"| id | sbj | pred | obj_d | obj_i | sig | adv/cl/comp/sent |
| - | - | - | - | - | - | - |
| #0 | the capital of Rome | is | Italy | - | whose | #1 |
| #1 | Italy | has language | Italian | - | - | - |
| #2 | the country | has leader | Sergio Mattarella | - | - | - |
| #3 | the country | is occupied by | Italians | - | - | - |
| #4 | A.S. Gubbio 1910 | is located | - | there | - | - |
| #5 | Rome | has capital | Italy | - | - | - |
| #6 | Italy | has leader | Sergio Mattarella | - | - | - |
| #7 | Italy | is occupied by | Italians | - | - | - |","| id | sbj | pred | obj_d | obj_i | sig | adv/cl/comp/sent |
| - | - | - | - | - | - | - |
| #0 | the capital of Rome | is | Italy | - | whose | #1 |
| #1 | Italy | has language | Italian | - | - | - |
| #2 | the country | has leader | Sergio Mattarella | - | - | - |
| #3 | the country | is occupied by | Italians | - | - | - |
| #4 | A.S. Gubbio 1910 | is located | - | there | - | - |","| id | sbj | pred | obj_d | obj_i | sig | adv/cl/comp/sent |
| - | - | - | - | - | - | - |
| #0 | the capital of Rome | is | Italy | - | - | - |
| #1 | Italy | has language | Italian | - | whose | - |
| #2 | the country | has leader | Sergio Mattarella | - | - | - |
| #3 | the country | is occupied by | Italians | - | - | - |
| #4 | A.S. Gubbio 1910 | is located | - | there | - | - |
| #5 | Rome | has capital | Italy | - | - | - |
| #6 | Italy | has leader | Sergio Mattarella | - | - | - |
| #7 | Italy | is occupied by | Italians | - | - | - |"
reference0,137,"bhajji , alternative names : bhaji and bajji , originate from the karnataka region of india and contain the main ingredients of gram flour and vegetables .","| id | sbj | pred | obj_d | obj_i | sig | adv/cl/comp/sent |
| - | - | - | - | - | - | - |
| #0 | bhajji | has alternative names | bhaji and bajji | - | - | - |
| #1 | bhajji | originate from | the Karnataka region of India | - | - | - |
| #2 | bhajji | contain | the main ingredients | - | of | gram flour and vegetables |","| id | sbj  | pred      | obj_d          | obj_i | sig | adv/cl/comp/sent        |
|----|------|-----------|----------------|-------|-----|-------------------------|
| #0 | bhajji | has alternative names | bhaji and bajji | -     | -   | -                       |
| #1 | bhajji | originate from | the Karnataka region of India | -     | -   | -                       |
| #2 | bhajji | contain | the main ingredients | -     | -   | gram flour and vegetables |","| id | sbj | pred | obj_d | obj_i | sig | adv/cl/comp/sent |
| - | - | - | - | - | - | - |
| #0 | bhajji | originate from | the Karnataka region of India | - | - | - |
| #1 | bhajji | contain | the main ingredients | - | - | gram flour and vegetables |
| #2 | bhajji | has alternative names | bhaji and bajji | - | - | - |"
reference0,138,among the languages spoken in the philippines are arabic and philippine spanish . the zamboangans are a group in the philippines and another group is the chinese filipino . batchoy comes from the philippines .,"| id | sbj | pred | obj_d | obj_i | sig | adv/cl/comp/sent |
| - | - | - | - | - | - | - |
| #0 | Arabic and Philippine Spanish | are spoken | - | in the Philippines | - | - |
| #1 | The Zamboangans | are a group | - | in the Philippines | - | - |
| #2 | The Chinese Filipino | are another group | - | in the Philippines | - | - |
| #3 | Batchoy | comes from | the Philippines | - | - | - |","| id | sbj | pred | obj_d | obj_i | sig | adv/cl/comp/sent |
|----|-----|------|-------|-------|-----|------------------|
| #0 | Arabic and Philippine Spanish | are spoken | - | in the Philippines | among | the languages |
| #1 | The Zamboangans | are a group | - | in the Philippines | - | - |
| #2 | The Chinese Filipino | are another group | - | in the Philippines | - | - |
| #3 | Batchoy | comes from | the Philippines | - | - | - |","| id | sbj | pred | obj_d | obj_i | sig | adv/cl/comp/sent |
| - | - | - | - | - | - | - |
| #0 | Arabic and Philippine Spanish | are spoken | - | in the Philippines | - | - |
| #1 | The Zamboangans | are a group | - | in the Philippines | - | - |
| #2 | The Chinese Filipino | are another group | - | in the Philippines | - | - |
| #3 | Batchoy | comes from | the Philippines | - | - | - |"
reference0,139,"ajoblanco is a spanish dish that originates andalusia , where the leader is susana diaz . felipe vi is the leader of spain , where the people that live there are called spaniards .","# Output
| id | sbj | pred | obj_d | obj_i | sig | adv/cl/comp/sent |
| - | - | - | - | - | - | - |
| #0 | ajoblanco | is | a Spanish dish | - | - | - |
| #1 | ajoblanco | originates | - | in Andalusia | - | - |
| #2 | Andalusia | has leader | Susana Diaz | - | - | - |
| #3 | Felipe VI | is the leader of | Spain | - | - | - |
| #4 | Spain | has people | - | - | called | Spaniards |","# Output
| id | sbj | pred | obj_d | obj_i | sig | adv/cl/comp/sent |
| - | - | - | - | - | - | - |
| #0 | ajoblanco | is | a Spanish dish | - | - | - |
| #1 | ajoblanco | originates | - | in Andalusia | - | - |
| #2 | Andalusia | has leader | Susana Diaz | - | - | - |
| #3 | Felipe VI | is | the leader of Spain | - | - | - |
| #4 | Spain | has people | - | called Spaniards | - | - |","# Output
| id | sbj | pred | obj_d | obj_i | sig | adv/cl/comp/sent |
| - | - | - | - | - | - | - |
| #0 | ajoblanco | is | a Spanish dish | - | - | - |
| #1 | ajoblanco | originates | - | in Andalusia | - | - |
| #2 | Andalusia | has leader | Susana Diaz | - | - | - |
| #3 | Felipe VI | is | the leader of Spain | - | - | - |
| #4 | Spain | has people | - | - | that are called | Spaniards |"
reference0,140,"alan shepard was born in new hampshire and he was a member of the nasa apollo 14 crew . he was awarded the united states navy distinguished service medal , which is higher than the department of commerce gold medal .","| id | sbj         | pred       | obj_d                                       | obj_i | sig    | adv/cl/comp/sent |
|----|-------------|------------|---------------------------------------------|-------|--------|------------------|
| #0 | Alan Shepard | was born   | -                                           | in New Hampshire | -      | -                |
| #1 | Alan Shepard | was        | a member                                    | of the NASA Apollo 14 crew | -      | -                |
| #2 | Alan Shepard | was awarded | the United States Navy Distinguished Service Medal | -     | -      | #3               |
| #3 | the United States Navy Distinguished Service Medal | is higher | - | than the Department of Commerce Gold Medal | - | - |","| id | sbj         | pred      | obj_d                                      | obj_i | sig   | adv/cl/comp/sent                |
|----|-------------|-----------|--------------------------------------------|-------|-------|---------------------------------|
| #0 | Alan Shepard| was born  | -                                          | in New Hampshire | -     | -                               |
| #1 | Alan Shepard| was       | a member                                   | of the NASA Apollo 14 crew | -     | -                               |
| #2 | Alan Shepard| was awarded| the United States Navy Distinguished Service Medal | -     | -     | -                               |
| #3 | the United States Navy Distinguished Service Medal | is higher than | the Department of Commerce Gold Medal | -     | -     | -                               |","| id | sbj         | pred          | obj_d                                     | obj_i | sig   | adv/cl/comp/sent          |
|----|-------------|---------------|-------------------------------------------|-------|-------|---------------------------|
| #0 | Alan Shepard | was born      | -                                         | in New Hampshire | -     | -                         |
| #1 | Alan Shepard | was a member  | -                                         | of the NASA Apollo 14 crew | -     | -                         |
| #2 | Alan Shepard | was awarded   | the United States Navy Distinguished Service Medal | -     | which | #3                        |
| #3 | the United States Navy Distinguished Service Medal | is higher | - | than the Department of Commerce Gold Medal | -     | -                         |"
reference0,141,"buzz aldrin was a us national who was born in glen ridge , new jersey . he was a fighter pilot and crew member on the apollo 11 program organized by nasa .","| id | sbj        | pred            | obj_d           | obj_i | sig | adv/cl/comp/sent        |
|----|------------|-----------------|-----------------|-------|-----|-------------------------|
| #0 | buzz aldrin| was             | a us national   | -     | -   | -                       |
| #1 | buzz aldrin| was born        | -               | in glen ridge, new jersey | -   | -                       |
| #2 | buzz aldrin| was             | a fighter pilot | -     | -   | -                       |
| #3 | buzz aldrin| was             | crew member     | on the apollo 11 program  | -   | -                       |
| #4 | apollo 11 program | was organized | -         | by nasa | -   | -                       |","| id | sbj        | pred        | obj_d           | obj_i | sig | adv/cl/comp/sent |
|----|------------|-------------|-----------------|-------|-----|------------------|
| #0 | buzz aldrin | was         | a us national   | -     | -   | -                |
| #1 | buzz aldrin | was born    | -               | in glen ridge, new jersey | -   | -                |
| #2 | buzz aldrin | was         | a fighter pilot | -     | -   | -                |
| #3 | buzz aldrin | was         | a crew member   | -     | on  | the apollo 11 program organized by nasa |","| id | sbj        | pred        | obj_d        | obj_i | sig | adv/cl/comp/sent |
|----|------------|-------------|--------------|-------|-----|------------------|
| #0 | Buzz Aldrin | was         | a US national | -     | -   | -                |
| #1 | Buzz Aldrin | was born    | -             | in Glen Ridge, New Jersey | -   | -                |
| #2 | Buzz Aldrin | was         | a fighter pilot | -   | -   | -                |
| #3 | Buzz Aldrin | was         | a crew member | on the Apollo 11 program | -   | -                |
| #4 | Apollo 11 program | was organized | by NASA | -   | -   | -                |"
reference0,142,"alan shepard was born in new hampshire ( united states ) and died in california . he was awarded the distinguished service medal by the united states navy , which is higher than the department of commerce gold medal .","| id | sbj         | pred          | obj_d                            | obj_i | sig  | adv/cl/comp/sent              |
|----|-------------|---------------|----------------------------------|-------|------|------------------------------|
| #0 | Alan Shepard| was born      | -                                | in New Hampshire, United States | -    | -                            |
| #1 | Alan Shepard| died          | -                                | in California                  | -    | -                            |
| #2 | Alan Shepard| was awarded   | the Distinguished Service Medal  | by the United States Navy      | -    | -                            |
| #3 | the Distinguished Service Medal | is higher than | the Department of Commerce Gold Medal | - | -    | -                            |","| id | sbj         | pred        | obj_d                        | obj_i | sig | adv/cl/comp/sent            |
|----|-------------|-------------|------------------------------|-------|-----|-----------------------------|
| #0 | Alan Shepard| was born     | -                            | in New Hampshire, United States | -   | -                           |
| #1 | Alan Shepard| died         | -                            | in California                 | -   | -                           |
| #2 | Alan Shepard| was awarded  | the Distinguished Service Medal | by the United States Navy   | -   | -                           |
| #3 | the Distinguished Service Medal | is higher than | the Department of Commerce Gold Medal | -   | -   | -                           |
| #4 | the United States Navy | awarded | the Distinguished Service Medal | to Alan Shepard | -   | -                           |","| id | sbj          | pred         | obj_d                         | obj_i | sig | adv/cl/comp/sent            |
|----|--------------|--------------|-------------------------------|-------|-----|-----------------------------|
| #0 | Alan Shepard | was born      | -                             | in New Hampshire, United States | -   | -                           |
| #1 | Alan Shepard | died          | -                             | in California                 | -   | -                           |
| #2 | Alan Shepard | was awarded   | the Distinguished Service Medal | by the United States Navy     | -   | -                           |
| #3 | the Distinguished Service Medal | is higher than | the Department of Commerce Gold Medal | -   | -   | -                           |"
reference0,143,al asad airbase is operated by the united states air force who were involved in battles at the invasion of grenada and during operation enduring freedom . they deploy the lockheed ac - 130 as an attack aircraft and the lockheed c - 130 hercules as a transport aircraft .,"| id | sbj | pred | obj_d | obj_i | sig | adv/cl/comp/sent |
| - | - | - | - | - | - | - |
| #0 | al asad airbase | is operated | - | by the united states air force | - | - |
| #1 | the united states air force | were involved | in battles | at the invasion of grenada | and | #2 |
| #2 | the united states air force | were involved | in battles | during operation enduring freedom | - | - |
| #3 | they | deploy | the lockheed ac-130 | as an attack aircraft | - | - |
| #4 | they | deploy | the lockheed c-130 hercules | as a transport aircraft | - | - |","| id | sbj | pred | obj_d | obj_i | sig | adv/cl/comp/sent |
| - | - | - | - | - | - | - |
| #0 | al asad airbase | is operated | - | by the united states air force | - | - |
| #1 | the united states air force | were involved | - | in battles | at | the invasion of grenada |
| #2 | the united states air force | were involved | - | in battles | during | operation enduring freedom |
| #3 | they | deploy | the lockheed ac - 130 | as an attack aircraft | - | - |
| #4 | they | deploy | the lockheed c - 130 hercules | as a transport aircraft | - | - |","| id | sbj | pred | obj_d | obj_i | sig | adv/cl/comp/sent |
|----|-----|------|-------|-------|-----|-----------------|
| #0 | al asad airbase | is operated | - | by the united states air force | - | - |
| #1 | the united states air force | were involved | in battles | at the invasion of grenada and during operation enduring freedom | - | - |
| #2 | al asad airbase | deploy | the lockheed ac-130 | as an attack aircraft | - | - |
| #3 | al asad airbase | deploy | the lockheed c-130 hercules | as a transport aircraft | - | - |"
reference0,144,"operated by the pakistan civil aviation authority and located in pakistan , is allama iqbal international airport . this airport ; serves the city of lahore , has a runway length of 3310 . 0 and a runway with the name 18l / 36r .","| id | sbj | pred | obj_d | obj_i | sig | adv/cl/comp/sent |
| - | - | - | - | - | - | - |
| #0 | Allama Iqbal International Airport | is operated by | the Pakistan Civil Aviation Authority | - | - | - |
| #1 | Allama Iqbal International Airport | is located in | Pakistan | - | - | - |
| #2 | Allama Iqbal International Airport | serves | the city of Lahore | - | - | - |
| #3 | Allama Iqbal International Airport | has | a runway length of 3310.0 | - | - | - |
| #4 | Allama Iqbal International Airport | has | a runway | with the name 18L/36R | - | - |","# Output
| id | sbj | pred | obj_d | obj_i | sig | adv/cl/comp/sent |
| - | - | - | - | - | - | - |
| #0 | allama iqbal international airport | is operated by | the pakistan civil aviation authority | - | - | - |
| #1 | allama iqbal international airport | is located in | pakistan | - | - | - |
| #2 | allama iqbal international airport | serves | the city of lahore | - | - | - |
| #3 | allama iqbal international airport | has | a runway length of 3310.0 | - | - | - |
| #4 | allama iqbal international airport | has | a runway | with the name 18L/36R | - | - |","# Output
| id | sbj | pred | obj_d | obj_i | sig | adv/cl/comp/sent |
| - | - | - | - | - | - | - |
| #0 | Allama Iqbal International Airport | is operated by | the Pakistan Civil Aviation Authority | - | - | - |
| #1 | Allama Iqbal International Airport | is located in | Pakistan | - | - | - |
| #2 | Allama Iqbal International Airport | serves | the city of Lahore | - | - | - |
| #3 | Allama Iqbal International Airport | has | a runway length of 3310.0 | - | - | - |
| #4 | Allama Iqbal International Airport | has | a runway | with the name 18L/36R | - | - |"
reference0,145,"athens international airport serves the city of athens , in greek speaking greece . two of the leaders of which are alexis tsipras and prokopis pavlopoulos .","# Output
| id | sbj                         | pred   | obj_d                    | obj_i | sig | adv/cl/comp/sent          |
|----|-----------------------------|--------|--------------------------|-------|-----|---------------------------|
| #0 | athens international airport| serves | the city of athens       | -     | in  | greek speaking greece     |
| #1 | greece                      | has    | leaders                  | -     | -   | #2, #3                    |
| #2 | greece                      | has    | leader                   | -     | -   | alexis tsipras            |
| #3 | greece                      | has    | leader                   | -     | -   | prokopis pavlopoulos      |","# Output
| id | sbj                      | pred  | obj_d                   | obj_i | sig | adv/cl/comp/sent          |
|----|--------------------------|-------|-------------------------|-------|-----|---------------------------|
| #0 | Athens International Airport | serves | the city of Athens     | -     | in  | Greek speaking Greece     |
| #1 | Greece                   | has   | Greek as official language | -     | -   | -                         |
| #2 | Greece                   | has   | leaders                  | -     | -   | #3, #4                    |
| #3 | Greece                   | has   | Alexis Tsipras           | as leader | -   | -                         |
| #4 | Greece                   | has   | Prokopis Pavlopoulos     | as leader | -   | -                         |","| id | sbj | pred | obj_d | obj_i | sig | adv/cl/comp/sent |
| - | - | - | - | - | - | - |
| #0 | athens international airport | serves | - | the city of athens | - | - |
| #1 | athens | is in | greek speaking greece | - | - | - |
| #2 | greece | has leaders | alexis tsipras and prokopis pavlopoulos | - | - | - |"
reference0,146,"the 200 public square was completed in 1985 in cuyahoga county , cleveland , ohio , united states .","| id | sbj | pred | obj_d | obj_i | sig | adv/cl/comp/sent |
|----|-----|------|-------|-------|-----|-----------------|
| #0 | the 200 public square | was completed | - | - | in | 1985 |
| #1 | the 200 public square | is located in | cuyahoga county, Cleveland, Ohio, United States | - | - | - |","| id | sbj               | pred       | obj_d | obj_i | sig | adv/cl/comp/sent          |
|----|-------------------|------------|-------|-------|-----|---------------------------|
| #0 | the 200 public square | was completed | -     | in Cuyahoga County, Cleveland, Ohio, United States | in  | 1985                      |","| id | sbj                | pred       | obj_d            | obj_i | sig | adv/cl/comp/sent             |
|----|--------------------|------------|------------------|-------|-----|------------------------------|
| #0 | the 200 public square | was completed | -                | in cuyahoga county, cleveland, ohio, United States | in  | 1985 |"
reference0,147,"ac hotel bella sky copenhagen is in denmark where the leader is lars lokke rasmussen and greenlandic is one of the languages spoken there . the tenant of the ac hotel bella sky copenhagen is the marriott international hotel which was founded in washington , d . c .","| id | sbj | pred | obj_d | obj_i | sig | adv/cl/comp/sent |
| - | - | - | - | - | - | - |
| #0 | AC Hotel Bella Sky Copenhagen | is in | Denmark | - | - | - |
| #1 | Denmark | has leader | Lars Lokke Rasmussen | - | - | - |
| #2 | Denmark | has language | Greenlandic | - | - | - |
| #3 | AC Hotel Bella Sky Copenhagen | has tenant | Marriott International Hotel | - | - | - |
| #4 | Marriott International Hotel | was founded in | Washington, D.C. | - | - | - |","| id | sbj | pred | obj_d | obj_i | sig | adv/cl/comp/sent |
| - | - | - | - | - | - | - |
| #0 | AC Hotel Bella Sky Copenhagen | is in | Denmark | - | - | - |
| #1 | Denmark | has leader | Lars Lokke Rasmussen | - | - | - |
| #2 | Denmark | has spoken language | Greenlandic | - | - | - |
| #3 | AC Hotel Bella Sky Copenhagen | has tenant | the Marriott International Hotel | - | - | - |
| #4 | the Marriott International Hotel | was founded in | Washington, D.C. | - | - | - |","| id | sbj | pred | obj_d | obj_i | sig | adv/cl/comp/sent |
| - | - | - | - | - | - | - |
| #0 | AC Hotel Bella Sky Copenhagen | is in | Denmark | - | - | - |
| #1 | Denmark | has leader | Lars Lokke Rasmussen | - | - | - |
| #2 | Denmark | has language spoken | Greenlandic | - | - | - |
| #3 | AC Hotel Bella Sky Copenhagen | has tenant | Marriott International Hotel | - | - | - |
| #4 | Marriott International Hotel | was founded in | Washington, D.C. | - | - | - |"
reference0,148,"akita museum of art is an art museum at 1 - 4 - 2 nakadori , akita , akita prefecture , japan . it was constructed with 3 floors .","| id | sbj                  | pred          | obj_d        | obj_i | sig | adv/cl/comp/sent             |
|----|----------------------|---------------|--------------|-------|-----|------------------------------|
| #0 | Akita Museum of Art  | is            | an art museum| at 1 - 4 - 2 Nakadori, Akita, Akita Prefecture, Japan | -   | -                            |
| #1 | Akita Museum of Art  | was constructed | -          | -     | with| 3 floors                    |","| id | sbj                 | pred          | obj_d        | obj_i | sig | adv/cl/comp/sent            |
|----|---------------------|---------------|--------------|-------|-----|-----------------------------|
| #0 | Akita Museum of Art | is            | an art museum| at 1 - 4 - 2 Nakadori, Akita, Akita Prefecture, Japan | -   | -                           |
| #1 | Akita Museum of Art | was constructed | -          | with 3 floors | -   | -                           |","| id | sbj                  | pred        | obj_d       | obj_i | sig | adv/cl/comp/sent            |
|----|----------------------|-------------|-------------|-------|-----|-----------------------------|
| #0 | Akita Museum of Art  | is          | an art museum | at 1 - 4 - 2 Nakadori, Akita, Akita Prefecture, Japan | -   | -                           |
| #1 | Akita Museum of Art  | was constructed | -           | -     | with | 3 floors                    |"
reference0,149,"knightsbridge , london is the birthplace of airey neave .","| id | sbj           | pred          | obj_d      | obj_i | sig | adv/cl/comp/sent |
|----|---------------|---------------|------------|-------|-----|------------------|
| #0 | knightsbridge | is birthplace | of airey neave | in london | -   | -                |","| id | sbj          | pred        | obj_d     | obj_i | sig | adv/cl/comp/sent |
|----|--------------|-------------|-----------|-------|-----|------------------|
| #0 | knightsbridge, london | is | the birthplace | of airey neave | -   | -                |","| id | sbj           | pred       | obj_d      | obj_i | sig | adv/cl/comp/sent |
|----|---------------|------------|------------|-------|-----|------------------|
| #0 | knightsbridge | is located | in London  | -     | -   | -                |
| #1 | airey neave   | was born   | -          | in    | knightsbridge, London |"
reference0,150,alvah sabin was a member of the united states whig party .,"| id | sbj        | pred      | obj_d | obj_i | sig | adv/cl/comp/sent |
|----|------------|-----------|-------|-------|-----|-----------------|
| #0 | Alvah Sabin | was a member | -     | of the United States Whig Party | -   | -               |","| id | sbj       | pred      | obj_d | obj_i | sig | adv/cl/comp/sent |
|----|-----------|-----------|-------|-------|-----|-----------------|
| #0 | Alvah Sabin | was a member of | the United States Whig Party | - | - | - |","| id | sbj        | pred     | obj_d | obj_i | sig | adv/cl/comp/sent |
|----|------------|----------|-------|-------|-----|------------------|
| #0 | Alvah Sabin | was a member of | the United States Whig Party | - | - | - |"
reference0,151,juan peron was a member of the labour party in argentina .,"| id | sbj       | pred      | obj_d            | obj_i | sig | adv/cl/comp/sent  |
|----|-----------|-----------|------------------|-------|-----|-------------------|
| #0 | Juan Peron| was a member | of the Labour Party | in Argentina | -   | -                 |","# Output
| id | sbj       | pred       | obj_d            | obj_i | sig | adv/cl/comp/sent |
|----|-----------|------------|------------------|-------|-----|------------------|
| #0 | Juan Peron | was a member | of the Labour Party | in Argentina | - | - |","| id | sbj       | pred      | obj_d            | obj_i | sig | adv/cl/comp/sent |
|----|-----------|-----------|------------------|-------|-----|------------------|
| #0 | Juan Peron | was a member | of the Labour Party | in Argentina | -   | -                |"
reference0,152,the acura tlx has an awd vehicle layout .,"| id | sbj       | pred | obj_d          | obj_i | sig | adv/cl/comp/sent |
|----|-----------|------|----------------|-------|-----|------------------|
| #0 | Acura TLX | has  | vehicle layout | -     | -   | -                |
| #1 | vehicle layout | is | -              | -     | -   | AWD              |","| id | sbj       | pred | obj_d        | obj_i | sig | adv/cl/comp/sent |
|----|-----------|------|--------------|-------|-----|------------------|
| #0 | Acura TLX | has  | vehicle layout | -     | with | an AWD           |","| id | sbj       | pred | obj_d          | obj_i | sig | adv/cl/comp/sent |
|----|-----------|------|----------------|-------|-----|------------------|
| #0 | the acura tlx | has | an awd vehicle layout | -     | -   | -                |"
reference0,153,alfa romeo 164 and lancia thema are related types of transportation .,"| id | sbj            | pred     | obj_d    | obj_i | sig | adv/cl/comp/sent |
|----|----------------|----------|----------|-------|-----|------------------|
| #0 | alfa romeo 164 | is       | -        | -     | -   | -                |
| #1 | lancia thema   | is       | -        | -     | -   | -                |
| #2 | alfa romeo 164 | is related | -      | to lancia thema | - | -          |
| #3 | lancia thema   | is related | -      | to alfa romeo 164 | - | -        |
| #4 | alfa romeo 164 | is       | a type of transportation | - | - | -       |
| #5 | lancia thema   | is       | a type of transportation | - | - | -       |","| id | sbj             | pred     | obj_d  | obj_i | sig | adv/cl/comp/sent |
|----|-----------------|----------|--------|-------|-----|------------------|
| #0 | alfa romeo 164  | is       | -      | -     | -   | -                |
| #1 | lancia thema    | is       | -      | -     | -   | -                |
| #2 | alfa romeo 164  | is related to | lancia thema | - | - | -                |
| #3 | lancia thema    | is related to | alfa romeo 164 | - | - | -                |
| #4 | alfa romeo 164  | is       | a type of transportation | - | - | -                |
| #5 | lancia thema    | is       | a type of transportation | - | - | -                |","| id | sbj           | pred        | obj_d | obj_i | sig | adv/cl/comp/sent |
|----|---------------|-------------|-------|-------|-----|------------------|
| #0 | alfa romeo 164 | is related to | -     | lancia thema | -   | -                |
| #1 | alfa romeo 164 and lancia thema | are | types of transportation | - | - | - |"
reference0,154,native americans are on of the ethnic groups in the united states .,"| id | sbj             | pred  | obj_d          | obj_i | sig | adv/cl/comp/sent |
|----|-----------------|-------|----------------|-------|-----|------------------|
| #0 | native americans | are   | one of the ethnic groups | in the United States | -   | -                |","| id | sbj             | pred | obj_d          | obj_i | sig | adv/cl/comp/sent |
|----|-----------------|------|----------------|-------|-----|------------------|
| #0 | Native Americans | are  | one of the ethnic groups | in the United States | -   | -                |","| id | sbj             | pred | obj_d          | obj_i | sig | adv/cl/comp/sent |
|----|-----------------|------|----------------|-------|-----|------------------|
| #0 | Native Americans | are  | one of the ethnic groups | in the United States | -   | -                |"
reference0,155,abel hernandez ' s club is the uruguay national football team .,"| id | sbj           | pred | obj_d                              | obj_i | sig | adv/cl/comp/sent |
|----|---------------|------|------------------------------------|-------|-----|------------------|
| #0 | abel hernandez | has  | club                               | -     | -   | -                |
| #1 | abel hernandez's club | is | the uruguay national football team | -     | -   | -                |","| id | sbj            | pred | obj_d                             | obj_i | sig | adv/cl/comp/sent |
|----|----------------|------|-----------------------------------|-------|-----|-----------------|
| #0 | Abel Hernandez | has  | the Uruguay national football team | as club | -   | -               |","| id | sbj            | pred  | obj_d                              | obj_i | sig | adv/cl/comp/sent |
|----|----------------|-------|------------------------------------|-------|-----|-----------------|
| #0 | Abel Hernandez | has   | club                               | -     | -   | -               |
| #1 | club           | is    | the Uruguay national football team | -     | -   | -               |"
reference0,156,basim qasim is the manager of al - zawra ' a sc .,"| id | sbj        | pred     | obj_d | obj_i | sig | adv/cl/comp/sent |
|----|------------|----------|-------|-------|-----|------------------|
| #0 | basim qasim | is       | the manager | of al - zawra ' a sc | -   | -                |","| id | sbj       | pred      | obj_d | obj_i | sig | adv/cl/comp/sent |
|----|-----------|-----------|-------|-------|-----|------------------|
| #0 | basim qasim | is manager | -     | of al - zawra ' a sc | -   | -                  |","| id | sbj       | pred       | obj_d | obj_i | sig | adv/cl/comp/sent |
|----|-----------|------------|-------|-------|-----|------------------|
| #0 | basim qasim | is manager | -     | of al - zawra ' a sc | -   | -                |"
reference0,157,alessio romagnoli plays for the a . s . roma youth team .,"| id | sbj             | pred  | obj_d                | obj_i | sig | adv/cl/comp/sent |
|----|-----------------|-------|----------------------|-------|-----|------------------|
| #0 | alessio romagnoli | plays | -                    | for the a . s . roma youth team | -   | -                |","# Output
| id | sbj             | pred | obj_d                | obj_i | sig | adv/cl/comp/sent |
|----|-----------------|------|----------------------|-------|-----|------------------|
| #0 | alessio romagnoli | plays | -                    | for the a . s . roma youth team | -   | -                |","| id | sbj             | pred  | obj_d                    | obj_i | sig | adv/cl/comp/sent |
|----|-----------------|-------|--------------------------|-------|-----|------------------|
| #0 | alessio romagnoli | plays | for the a . s . roma youth team | -     | -   | -                |"
reference0,158,abradab has a background as a solo singer .,"| id | sbj       | pred        | obj_d      | obj_i | sig | adv/cl/comp/sent |
|----|-----------|-------------|------------|-------|-----|------------------|
| #0 | abradab   | has         | a background | as a solo singer | -   | -                |","| id | sbj     | pred      | obj_d           | obj_i | sig | adv/cl/comp/sent |
|----|---------|-----------|-----------------|-------|-----|------------------|
| #0 | abradab | has       | a background    | -     | as  | a solo singer    |","| id | sbj      | pred        | obj_d          | obj_i | sig | adv/cl/comp/sent |
|----|----------|-------------|----------------|-------|-----|------------------|
| #0 | abradab  | has         | a background   | -     | as  | a solo singer    |"
reference0,159,aleksandra kovac is a solo singer .,"| id | sbj             | pred | obj_d       | obj_i | sig | adv/cl/comp/sent |
|----|-----------------|------|-------------|-------|-----|------------------|
| #0 | aleksandra kovac | is   | a solo singer | -     | -   | -                |","| id | sbj             | pred | obj_d       | obj_i | sig | adv/cl/comp/sent |
|----|-----------------|------|-------------|-------|-----|------------------|
| #0 | aleksandra kovac | is   | a solo singer | -     | -   | -                |","| id | sbj             | pred | obj_d       | obj_i | sig | adv/cl/comp/sent |
|----|-----------------|------|-------------|-------|-----|------------------|
| #0 | aleksandra kovac | is   | a solo singer | -     | -   | -                |"
reference0,160,people from the united kingdom are called british people .,"| id | sbj | pred | obj_d | obj_i | sig | adv/cl/comp/sent |
|----|-----|------|-------|-------|-----|-----------------|
| #0 | people from the United Kingdom | are called | British people | - | - | - |","| id | sbj | pred | obj_d | obj_i | sig | adv/cl/comp/sent |
|----|-----|------|-------|-------|-----|-----------------|
| #0 | people from the united kingdom | are called | british people | - | - | - |","| id | sbj | pred | obj_d | obj_i | sig | adv/cl/comp/sent |
| - | - | - | - | - | - | - |
| #0 | people from the United Kingdom | are called | British people | - | - | - |"
reference0,161,( 29075 ) 1950 da was discovered by carl a wirtanen .,"| id | sbj             | pred      | obj_d | obj_i | sig | adv/cl/comp/sent |
|----|-----------------|-----------|-------|-------|-----|------------------|
| #0 | 1950 da         | was discovered | -     | by Carl A. Wirtanen | -   | -                |","| id | sbj            | pred      | obj_d | obj_i | sig | adv/cl/comp/sent |
|----|----------------|-----------|-------|-------|-----|------------------|
| #0 | 1950 DA        | was discovered | -     | by Carl A. Wirtanen | -   | -                |
| #1 | Carl A. Wirtanen | discovered | 1950 DA | -   | -   | -                |","| id | sbj             | pred      | obj_d | obj_i | sig | adv/cl/comp/sent |
|----|-----------------|-----------|-------|-------|-----|------------------|
| #0 | 1950 da         | was discovered | -     | by Carl A. Wirtanen | -   | -                |"
reference0,162,1001 gaussia was formerly known as 1923 oaa907 xc .,"| id | sbj          | pred        | obj_d   | obj_i | sig | adv/cl/comp/sent |
|----|--------------|-------------|---------|-------|-----|------------------|
| #0 | 1001 gaussia | was known as | 1923 oaa907 xc | -     | formerly | -                  |","| id | sbj | pred | obj_d | obj_i | sig | adv/cl/comp/sent |
| - | - | - | - | - | - | - |
| #0 | 1001 gaussia | was formerly known as | 1923 oaa907 xc | - | - | - |","| id | sbj | pred | obj_d | obj_i | sig | adv/cl/comp/sent |
|----|-----|------|-------|-------|-----|-----------------|
| #0 | 1001 gaussia | was formerly known as | 1923 oaa907 xc | - | - | - |"
reference0,163,101 helena has an apoapsis of 441092000 . 0 ( kilometres ) .,"# Output
| id | sbj | pred | obj_d | obj_i | sig | adv/cl/comp/sent |
| - | - | - | - | - | - | - |
| #0 | 101 helena | has | an apoapsis | - | of | 441092000.0 (kilometres) |","# Output
| id | sbj     | pred           | obj_d | obj_i | sig | adv/cl/comp/sent |
|----|---------|----------------|-------|-------|-----|------------------|
| #0 | 101 helena | has an apoapsis | -     | -     | of  | 441092000.0 (kilometres) |","# Output
| id | sbj    | pred     | obj_d | obj_i | sig | adv/cl/comp/sent |
|----|--------|----------|-------|-------|-----|------------------|
| #0 | 101 helena | has | an apoapsis | - | of | 441092000.0 (kilometres) |"
reference0,164,aaron s daggett fought at the battle of gettysburg and was awarded the purple heart .,"| id | sbj            | pred     | obj_d           | obj_i | sig | adv/cl/comp/sent |
|----|----------------|----------|-----------------|-------|-----|------------------|
| #0 | aaron s daggett| fought   | -               | at the battle of gettysburg | -   | -                |
| #1 | aaron s daggett| was awarded | the purple heart | -     | -   | -                |","| id | sbj             | pred        | obj_d         | obj_i | sig | adv/cl/comp/sent |
|----|-----------------|-------------|---------------|-------|-----|------------------|
| #0 | Aaron S Daggett | fought      | -             | at the Battle of Gettysburg | -   | -                |
| #1 | Aaron S Daggett | was awarded | the Purple Heart | -   | -   | -                |","| id | sbj             | pred     | obj_d          | obj_i | sig | adv/cl/comp/sent |
|----|-----------------|----------|----------------|-------|-----|------------------|
| #0 | aaron s daggett | fought   | -              | at the battle of gettysburg | -   | -                |
| #1 | aaron s daggett | was awarded | the purple heart | -   | -   | -                |"
reference0,165,"abdulsalami abubakar , was born in minna , and has the technical institute kaduna , for an almar mater .","| id | sbj                | pred      | obj_d                      | obj_i | sig | adv/cl/comp/sent         |
|----|--------------------|-----------|----------------------------|-------|-----|--------------------------|
| #0 | abdulsalami abubakar | was born  | -                          | in minna | -   | -                        |
| #1 | abdulsalami abubakar | has       | the technical institute kaduna | -     | for | an alma mater            |","| id | sbj                | pred        | obj_d                      | obj_i | sig | adv/cl/comp/sent       |
|----|--------------------|-------------|----------------------------|-------|-----|------------------------|
| #0 | Abdulsalami Abubakar | was born    | -                          | in Minna | -   | -                      |
| #1 | Abdulsalami Abubakar | has         | the Technical Institute Kaduna | -     | for | an alma mater          |","| id | sbj                | pred       | obj_d                       | obj_i | sig | adv/cl/comp/sent         |
|----|--------------------|------------|-----------------------------|-------|-----|--------------------------|
| #0 | abdulsalami abubakar | was born    | -                           | in minna | -   | -                        |
| #1 | abdulsalami abubakar | has        | the technical institute kaduna | -     | for | an alma mater            |"
reference0,166,airey neave was involved in the battle of france in which hugo sperrle was a commander .,"| id | sbj         | pred       | obj_d | obj_i | sig  | adv/cl/comp/sent |
|----|-------------|------------|-------|-------|------|------------------|
| #0 | airey neave | was involved | -     | in the battle of france | in which | #1 |
| #1 | hugo sperrle | was a commander | -     | -    | -    | -                |","| id | sbj        | pred     | obj_d | obj_i | sig  | adv/cl/comp/sent |
|----|------------|----------|-------|-------|------|------------------|
| #0 | airey neave | was involved | -     | in the battle of france | in which | #1 |
| #1 | hugo sperrle | was a commander | -     | -    | -    | -                |","| id | sbj        | pred       | obj_d | obj_i | sig  | adv/cl/comp/sent |
|----|------------|------------|-------|-------|------|------------------|
| #0 | airey neave | was involved | -     | in the battle of france | in which | #1 |
| #1 | hugo sperrle | was a commander | -     | -    | -    | -                |"
reference0,167,alaa abdul zahra ' s club is al kharaitiyat sc managed by amar osim .,"| id | sbj | pred | obj_d | obj_i | sig | adv/cl/comp/sent |
| - | - | - | - | - | - | - |
| #0 | Alaa Abdul Zahra | has club | Al Kharaitiyat SC | - | - | - |
| #1 | Al Kharaitiyat SC | is managed by | Amar Osim | - | - | - |","| id | sbj | pred | obj_d | obj_i | sig | adv/cl/comp/sent |
| - | - | - | - | - | - | - |
| #0 | Alaa Abdul Zahra | has club | Al Kharaitiyat SC | - | - | - |
| #1 | Al Kharaitiyat SC | is managed by | Amar Osim | - | - | - |","| id | sbj             | pred    | obj_d           | obj_i | sig | adv/cl/comp/sent |
|----|-----------------|---------|-----------------|-------|-----|------------------|
| #0 | alaa abdul zahra| has club| al kharaitiyat sc| -     | -   | -                |
| #1 | al kharaitiyat sc| is managed | by amar osim  | -     | -   | -                |"
reference0,168,"aleksander barkov jr . was born in tampere , finland and played with the florida panthers .","# Output
| id | sbj                | pred     | obj_d | obj_i | sig | adv/cl/comp/sent     |
|----|--------------------|----------|-------|-------|-----|----------------------|
| #0 | aleksander barkov jr. | was born | -     | in    | -   | tampere, finland     |
| #1 | aleksander barkov jr. | played   | -     | with  | -   | the florida panthers |","# Output
| id | sbj                | pred     | obj_d | obj_i | sig | adv/cl/comp/sent      |
|----|--------------------|----------|-------|-------|-----|-----------------------|
| #0 | aleksander barkov jr. | was born | -     | in    | -   | tampere, finland      |
| #1 | aleksander barkov jr. | played   | -     | with  | -   | the florida panthers  |","# Output
| id | sbj                | pred      | obj_d | obj_i | sig | adv/cl/comp/sent |
|----|--------------------|-----------|-------|-------|-----|------------------|
| #0 | aleksander barkov jr. | was born  | -     | in    | tampere, finland  |
| #1 | aleksander barkov jr. | played    | -     | with  | the florida panthers |"
reference0,169,aleksandre guruli played for fc dinamo batumi managed by levan khomeriki .,"| id | sbj             | pred   | obj_d            | obj_i | sig | adv/cl/comp/sent |
|----|-----------------|--------|------------------|-------|-----|------------------|
| #0 | aleksandre guruli | played | -                | for fc dinamo batumi | -   | -                |
| #1 | fc dinamo batumi | is managed | -            | by levan khomeriki   | -   | -                |","| id | sbj             | pred   | obj_d           | obj_i | sig | adv/cl/comp/sent       |
|----|-----------------|--------|-----------------|-------|-----|------------------------|
| #0 | aleksandre guruli | played | -               | for fc dinamo batumi | -   | -                      |
| #1 | fc dinamo batumi | was managed | -          | by levan khomeriki  | -   | -                      |","# Output
| id | sbj             | pred  | obj_d             | obj_i | sig | adv/cl/comp/sent |
|----|-----------------|-------|-------------------|-------|-----|------------------|
| #0 | aleksandre guruli | played for | fc dinamo batumi | -     | -   | -                |
| #1 | fc dinamo batumi | was managed by | levan khomeriki | -     | -   | -                |"
reference0,170,ace wilder has a background as a solo singer and is signed to the record label warner music group .,"| id | sbj        | pred     | obj_d                   | obj_i | sig | adv/cl/comp/sent |
|----|------------|----------|-------------------------|-------|-----|------------------|
| #0 | ace wilder | has      | a background            | -     | as  | a solo singer    |
| #1 | ace wilder | is signed| -                       | to    | the record label warner music group |","| id | sbj         | pred     | obj_d              | obj_i | sig | adv/cl/comp/sent |
|----|-------------|----------|--------------------|-------|-----|------------------|
| #0 | Ace Wilder  | has      | a background       | -     | as  | a solo singer    |
| #1 | Ace Wilder  | is signed| -                  | to    | the record label Warner Music Group |","# Output
| id | sbj         | pred        | obj_d                | obj_i | sig | adv/cl/comp/sent |
|----|-------------|-------------|----------------------|-------|-----|------------------|
| #0 | ace wilder  | has         | a background         | -     | as  | a solo singer    |
| #1 | ace wilder  | is signed   | -                    | to    | the record label warner music group |"
reference0,171,"the musical genre of alfredo zitarrosa , who started out as a solo singer , is milonga .","| id | sbj                | pred        | obj_d   | obj_i | sig | adv/cl/comp/sent |
|----|--------------------|-------------|---------|-------|-----|------------------|
| #0 | alfredo zitarrosa  | started out | -       | as a solo singer | -   | -                |
| #1 | the musical genre  | is          | milonga | -     | of  | alfredo zitarrosa |","| id | sbj                | pred         | obj_d   | obj_i | sig | adv/cl/comp/sent |
|----|--------------------|--------------|---------|-------|-----|------------------|
| #0 | alfredo zitarrosa  | started out  | -       | as a solo singer | -   | -                |
| #1 | the musical genre  | is           | milonga | -     | of  | alfredo zitarrosa |","| id | sbj                | pred          | obj_d  | obj_i | sig | adv/cl/comp/sent |
|----|--------------------|---------------|--------|-------|-----|------------------|
| #0 | alfredo zitarrosa  | started out   | -      | as a solo singer | -   | -                |
| #1 | the musical genre  | is            | milonga| -     | of  | alfredo zitarrosa |"
reference0,172,rhythm and blues artist anders osborne is signed with rabadash records .,"| id | sbj            | pred  | obj_d          | obj_i | sig | adv/cl/comp/sent |
|----|----------------|-------|----------------|-------|-----|------------------|
| #0 | anders osborne | is    | signed         | -     | with| rabadash records |
| #1 | anders osborne | is    | rhythm and blues artist | - | -   | -                |","| id | sbj               | pred   | obj_d            | obj_i | sig | adv/cl/comp/sent |
|----|-------------------|--------|------------------|-------|-----|-----------------|
| #0 | anders osborne    | is signed | -              | with rabadash records | -   | -               |
| #1 | anders osborne    | is     | rhythm and blues artist | -   | -   | -               |","| id | sbj             | pred  | obj_d            | obj_i | sig | adv/cl/comp/sent |
|----|-----------------|-------|------------------|-------|-----|------------------|
| #0 | anders osborne  | is    | signed           | with rabadash records | -   | -                |"
reference0,173,"james craig watson , who died from peritonitis , discovered 101 helena .","| id | sbj                | pred      | obj_d     | obj_i | sig | adv/cl/comp/sent |
|----|--------------------|-----------|-----------|-------|-----|------------------|
| #0 | james craig watson | discovered | 101 helena | -     | -   | -                |
| #1 | james craig watson | died       | -         | from  | peritonitis        |","| id | sbj                | pred      | obj_d     | obj_i | sig | adv/cl/comp/sent |
|----|--------------------|-----------|-----------|-------|-----|------------------|
| #0 | james craig watson | died      | -         | from  | peritonitis        |
| #1 | james craig watson | discovered| 101 helena| -     | -   | -                |","| id | sbj                | pred     | obj_d    | obj_i | sig | adv/cl/comp/sent |
|----|--------------------|----------|----------|-------|-----|-----------------|
| #0 | James Craig Watson | died     | -        | from peritonitis | -   | -               |
| #1 | James Craig Watson | discovered | 101 Helena | -     | -   | -               |
| #2 | who                | is       | James Craig Watson | -   | -   | -               |"
reference0,174,"james craig watson , who died of peritonitis , was the discoverer of 103 hera .","| id | sbj | pred | obj_d | obj_i | sig | adv/cl/comp/sent |
|----|-----|------|-------|-------|-----|-----------------|
| #0 | James Craig Watson | died | - | of peritonitis | - | - |
| #1 | James Craig Watson | was the discoverer of | 103 Hera | - | - | - |","| id | sbj | pred | obj_d | obj_i | sig | adv/cl/comp/sent |
| - | - | - | - | - | - | - |
| #0 | James Craig Watson | died | - | of peritonitis | - | - |
| #1 | James Craig Watson | was the discoverer of | 103 Hera | - | - | - |","| id | sbj | pred | obj_d | obj_i | sig | adv/cl/comp/sent |
| - | - | - | - | - | - | - |
| #0 | james craig watson | died | - | of peritonitis | - | - |
| #1 | james craig watson | was the discoverer of | 103 hera | - | - | - |"
reference0,175,the epoch date of 110 lydia is 31 december 2006 and it has an orbital period of 142603000 . 0 .,"| id | sbj          | pred            | obj_d      | obj_i | sig | adv/cl/comp/sent         |
|----|--------------|-----------------|------------|-------|-----|--------------------------|
| #0 | 110 Lydia    | has epoch date  | 31 December 2006 | -     | -   | -                        |
| #1 | 110 Lydia    | has orbital period | 142603000.0 | -     | -   | -                        |","| id | sbj          | pred         | obj_d         | obj_i | sig | adv/cl/comp/sent |
|----|--------------|--------------|---------------|-------|-----|------------------|
| #0 | 110 Lydia    | has epoch date | 31 December 2006 | -     | -   | -                |
| #1 | 110 Lydia    | has orbital period | 142603000.0 seconds | -     | -   | -                |","| id | sbj          | pred        | obj_d     | obj_i | sig | adv/cl/comp/sent     |
|----|--------------|-------------|-----------|-------|-----|----------------------|
| #0 | 110 Lydia    | has epoch date | 31 December 2006 | -     | -   | -                    |
| #1 | 110 Lydia    | has orbital period | 142603000.0 | -     | -   | -                    |"
reference0,176,the aidaluna is operated by aida cruises which are located at rostock .,"| id | sbj       | pred     | obj_d       | obj_i | sig | adv/cl/comp/sent        |
|----|-----------|----------|-------------|-------|-----|-------------------------|
| #0 | aidaluna  | is operated | -         | by aida cruises | -   | -                   |
| #1 | aida cruises | are located | -         | at rostock     | -   | -                   |","| id | sbj       | pred     | obj_d       | obj_i | sig | adv/cl/comp/sent       |
|----|-----------|----------|-------------|-------|-----|------------------------|
| #0 | aidaluna  | is operated | -         | by aida cruises | -   | -                  |
| #1 | aida cruises | are located | -         | at rostock | -   | -                  |","| id | sbj       | pred     | obj_d       | obj_i | sig | adv/cl/comp/sent       |
|----|-----------|----------|-------------|-------|-----|------------------------|
| #0 | aidaluna  | is operated by | aida cruises | -     | -   | -                      |
| #1 | aida cruises | are located at | rostock     | -     | -   | -                      |"
reference0,177,airbus group is the parent company of airbus defence & space ; where ariane 5 was manufactured .,"| id | sbj | pred | obj_d | obj_i | sig | adv/cl/comp/sent |
| - | - | - | - | - | - | - |
| #0 | airbus group | is the parent company of | airbus defence & space | - | - | - |
| #1 | airbus defence & space | manufactured | ariane 5 | - | where | - |","| id | sbj | pred | obj_d | obj_i | sig | adv/cl/comp/sent |
| - | - | - | - | - | - | - |
| #0 | airbus group | is the parent company of | airbus defence & space | - | - | - |
| #1 | airbus defence & space | manufactured | ariane 5 | - | where | - |","| id | sbj | pred | obj_d | obj_i | sig | adv/cl/comp/sent |
| - | - | - | - | - | - | - |
| #0 | airbus group | is the parent company of | airbus defence & space | - | - | - |
| #1 | airbus defence & space | manufactured | ariane 5 | - | where | - |"
reference0,178,"atlas ii , which is 3 . 04m in diameter , had its final flight on march 16th 1998 .","# Output
| id | sbj  | pred       | obj_d         | obj_i | sig  | adv/cl/comp/sent        |
|----|------|------------|---------------|-------|------|-------------------------|
| #0 | atlas ii | is          | 3.04m in diameter | -     | -    | -                       |
| #1 | atlas ii | had         | its final flight  | -     | on   | march 16th 1998         |","# Output
| id | sbj     | pred        | obj_d        | obj_i | sig | adv/cl/comp/sent                |
|----|---------|-------------|--------------|-------|-----|---------------------------------|
| #0 | atlas ii| had         | its final flight | -     | on  | march 16th 1998                |
| #1 | atlas ii| is          | -             | -     | -   | 3.04m in diameter               |
| #2 | atlas ii| is          | -             | -     | -   | which                           |","| id | sbj      | pred        | obj_d         | obj_i | sig  | adv/cl/comp/sent            |
|----|----------|-------------|---------------|-------|------|-----------------------------|
| #0 | atlas ii | is          | 3.04m         | in    | -    | diameter                    |
| #1 | atlas ii | had         | its final flight | -   | on   | march 16th 1998             |
| #2 | atlas ii | is referred | -             | as    | -    | which                       |"
reference0,179,"the polish - soviet war , which was part of the russian civil war , was where adam koc fought and where leon trotsky was a commander .","| id | sbj         | pred       | obj_d | obj_i | sig   | adv/cl/comp/sent |
|----|-------------|------------|-------|-------|-------|------------------|
| #0 | the polish-soviet war | was part of | the russian civil war | -     | -     | -                |
| #1 | the polish-soviet war | was where   | -     | -     | -     | #2, #3           |
| #2 | adam koc    | fought     | -     | in the polish-soviet war | -     | -                |
| #3 | leon trotsky | was a commander | -     | in the polish-soviet war | -     | -                |","| id | sbj       | pred       | obj_d  | obj_i | sig  | adv/cl/comp/sent  |
|----|-----------|------------|--------|-------|------|-------------------|
| #0 | the polish-soviet war | was part of | the russian civil war | -     | -    | -                 |
| #1 | the polish-soviet war | was where  | -      | -     | -    | #2 and #3         |
| #2 | adam koc  | fought     | -      | in the polish-soviet war | -    | -                 |
| #3 | leon trotsky | was a commander | -      | in the polish-soviet war | -    | -                 |","| id | sbj          | pred        | obj_d | obj_i | sig  | adv/cl/comp/sent         |
|----|--------------|-------------|-------|-------|------|--------------------------|
| #0 | the polish-soviet war | was part of | the russian civil war | -    | -    | -                        |
| #1 | the polish-soviet war | was where   | -     | -    | -    | #2 and #3               |
| #2 | adam koc     | fought      | -     | in    | the polish-soviet war      |
| #3 | leon trotsky | was a commander | -     | in    | the polish-soviet war      |"
reference0,180,agnes kant was born in west germany and was a member of the house of representatives . he attended the radboud university nijmegen .,"| id | sbj         | pred      | obj_d                        | obj_i | sig | adv/cl/comp/sent       |
|----|-------------|-----------|------------------------------|-------|-----|-----------------------|
| #0 | agnes kant  | was born  | -                            | in    | -   | west germany          |
| #1 | agnes kant  | was       | a member of the house of representatives | -     | -   | -                     |
| #2 | agnes kant  | attended  | the radboud university nijmegen | -     | -   | -                     |","| id | sbj        | pred     | obj_d                   | obj_i | sig | adv/cl/comp/sent          |
|----|------------|----------|-------------------------|-------|-----|---------------------------|
| #0 | agnes kant | was born | -                       | in    | -   | west germany              |
| #1 | agnes kant | was      | a member                | of    | -   | the house of representatives |
| #2 | agnes kant | attended | the radboud university  | in    | -   | nijmegen                  |","| id | sbj         | pred          | obj_d                        | obj_i | sig | adv/cl/comp/sent        |
|----|-------------|---------------|------------------------------|-------|-----|-------------------------|
| #0 | agnes kant  | was born      | -                            | in    | west germany             |
| #1 | agnes kant  | was           | a member of the house of representatives | -     | -   | -                       |
| #2 | agnes kant  | attended      | the radboud university nijmegen | -     | -   | -                       |"
reference0,181,"albert jennings fountain was born in staten island , new york city and died in the new mexico territory .","| id | sbj                    | pred      | obj_d | obj_i | sig | adv/cl/comp/sent |
|----|------------------------|-----------|-------|-------|-----|------------------|
| #0 | Albert Jennings Fountain | was born  | -     | in Staten Island, New York City | -   | -                |
| #1 | Albert Jennings Fountain | died      | -     | in the New Mexico Territory     | -   | -                |","| id | sbj                    | pred      | obj_d | obj_i | sig | adv/cl/comp/sent |
|----|------------------------|-----------|-------|-------|-----|------------------|
| #0 | Albert Jennings Fountain | was born  | -     | in Staten Island, New York City | -   | -                |
| #1 | Albert Jennings Fountain | died      | -     | in the New Mexico Territory     | -   | -                |","| id | sbj                    | pred  | obj_d | obj_i | sig | adv/cl/comp/sent |
|----|------------------------|-------|-------|-------|-----|-----------------|
| #0 | Albert Jennings Fountain | was born | -     | in Staten Island, New York City | -   | -               |
| #1 | Albert Jennings Fountain | died    | -     | in the New Mexico Territory     | -   | -               |"
reference0,182,107 camilla was discovered by the british nr pogson who was born in nottingham .,"# Output
| id | sbj | pred | obj_d | obj_i | sig | adv/cl/comp/sent |
| - | - | - | - | - | - | - |
| #0 | 107 Camilla | was discovered | - | by the British N.R. Pogson | - | - |
| #1 | N.R. Pogson | was born | - | in Nottingham | - | - |
| #2 | N.R. Pogson | is British | - | - | - | - |","| id | sbj | pred | obj_d | obj_i | sig | adv/cl/comp/sent |
|----|-----|------|-------|-------|-----|-----------------|
| #0 | 107 Camilla | was discovered | - | by the British N.R. Pogson | - | - |
| #1 | N.R. Pogson | was born | - | in Nottingham | - | - |
| #2 | N.R. Pogson | is British | - | - | - | - |","# Output
| id | sbj | pred | obj_d | obj_i | sig | adv/cl/comp/sent |
| - | - | - | - | - | - | - |
| #0 | 107 Camilla | was discovered | - | by the British N.R. Pogson | - | - |
| #1 | N.R. Pogson | was born | - | in Nottingham | - | - |
| #2 | N.R. Pogson | is British | - | - | - | - |"
reference0,183,"109 felicitas has an epoch date of 31 december 2006 , a mass of 7 . 5 kg and an orbital period of 139705000 . 0 .","| id | sbj       | pred           | obj_d           | obj_i | sig | adv/cl/comp/sent |
|----|-----------|----------------|-----------------|-------|-----|------------------|
| #0 | 109 felicitas | has an epoch date | 31 December 2006 | -     | -   | -                |
| #1 | 109 felicitas | has a mass         | 7.5 kg           | -     | -   | -                |
| #2 | 109 felicitas | has an orbital period | 139705000.0    | -     | -   | -                |","| id | sbj       | pred        | obj_d            | obj_i | sig | adv/cl/comp/sent |
|----|-----------|-------------|------------------|-------|-----|------------------|
| #0 | 109 felicitas | has         | an epoch date    | -     | of  | 31 December 2006 |
| #1 | 109 felicitas | has         | a mass           | -     | of  | 7.5 kg           |
| #2 | 109 felicitas | has         | an orbital period | -     | of  | 139705000.0      |","| id | sbj       | pred       | obj_d | obj_i | sig | adv/cl/comp/sent |
|----|-----------|------------|-------|-------|-----|------------------|
| #0 | 109 felicitas | has | an epoch date | - | of | 31 December 2006 |
| #1 | 109 felicitas | has | a mass | - | of | 7.5 kg |
| #2 | 109 felicitas | has | an orbital period | - | of | 139705000.0 |"
reference0,184,"110 lydia ' s epoch is 31st december 2006 , it has a mass of 6 . 7kg and a periapsis of 377016000000 . 0 .","| id | sbj | pred | obj_d | obj_i | sig | adv/cl/comp/sent |
| - | - | - | - | - | - | - |
| #0 | lydia's epoch | is | 31st December 2006 | - | - | - |
| #1 | lydia | has | a mass | - | of | 6.7kg |
| #2 | lydia | has | a periapsis | - | of | 377016000000.0 |","| id | sbj | pred | obj_d | obj_i | sig | adv/cl/comp/sent |
| - | - | - | - | - | - | - |
| #0 | lydia's epoch | is | 31st December 2006 | - | - | - |
| #1 | lydia's epoch | has | a mass of 6.7kg | - | - | - |
| #2 | lydia's epoch | has | a periapsis of 377016000000.0 | - | - | - |","| id | sbj | pred | obj_d | obj_i | sig | adv/cl/comp/sent |
| - | - | - | - | - | - | - |
| #0 | lydia's epoch | is | 31st December 2006 | - | - | - |
| #1 | it | has | a mass | - | of | 6.7kg |
| #2 | it | has | a periapsis | - | of | 377016000000.0 |"
reference0,185,"aleksandra kovac plays pop music for the k2 band . he knows musician , bebi dol .","| id | sbj             | pred  | obj_d     | obj_i        | sig | adv/cl/comp/sent |
|----|-----------------|-------|-----------|--------------|-----|------------------|
| #0 | aleksandra kovac| plays | pop music | for the k2 band | -   | -                |
| #1 | aleksandra kovac| knows | bebi dol  | -            | -   | -                |
| #2 | bebi dol        | is    | musician  | -            | -   | -                |","| id | sbj             | pred  | obj_d     | obj_i        | sig | adv/cl/comp/sent |
|----|-----------------|-------|-----------|--------------|-----|------------------|
| #0 | aleksandra kovac| plays | pop music | for the k2 band | -   | -                |
| #1 | he              | knows | musician  | bebi dol     | -   | -                |","| id | sbj             | pred  | obj_d     | obj_i       | sig | adv/cl/comp/sent |
|----|-----------------|-------|-----------|-------------|-----|------------------|
| #0 | aleksandra kovac| plays | pop music | for the k2 band | -   | -                |
| #1 | he              | knows | musician  | bebi dol    | -   | -                |"
reference0,186,aleksandra kovac is an artist for the band k2 and has the musical genre of rhythm and blues . she is musically involved with kristina kovac .,"| id | sbj              | pred             | obj_d | obj_i | sig | adv/cl/comp/sent |
|----|------------------|------------------|-------|-------|-----|------------------|
| #0 | aleksandra kovac | is               | an artist | for the band k2 | -   | -                |
| #1 | aleksandra kovac | has              | the musical genre | of rhythm and blues | -   | -                |
| #2 | aleksandra kovac | is musically involved | -     | with kristina kovac | -   | -                |
| #3 | the band k2      | has              | aleksandra kovac | as an artist | -   | -                |
| #4 | kristina kovac   | is musically involved | -     | with aleksandra kovac | -   | -                |","| id | sbj             | pred               | obj_d | obj_i | sig | adv/cl/comp/sent |
|----|-----------------|--------------------|-------|-------|-----|------------------|
| #0 | aleksandra kovac | is an artist       | -     | for the band k2 | -   | -                |
| #1 | aleksandra kovac | has                | the musical genre of rhythm and blues | - | -   | -                |
| #2 | aleksandra kovac | is musically involved | -     | with kristina kovac | -   | -                |
| #3 | kristina kovac   | is                 | -     | -     | -   | -                |","| id | sbj             | pred               | obj_d | obj_i | sig | adv/cl/comp/sent |
|----|-----------------|--------------------|-------|-------|-----|------------------|
| #0 | aleksandra kovac| is                 | an artist | for the band k2 | - | - |
| #1 | aleksandra kovac| has                | the musical genre | of rhythm and blues | - | - |
| #2 | aleksandra kovac| is musically involved | - | with kristina kovac | - | - |
| #3 | the band k2      | has artist         | aleksandra kovac | - | - | - |"
reference0,187,"the musical genre of alex day , is synthpop , which originated from disco and has its stylistic origins in pop music .","| id | sbj | pred | obj_d | obj_i | sig | adv/cl/comp/sent |
| - | - | - | - | - | - | - |
| #0 | the musical genre of Alex Day | is | synthpop | - | - | - |
| #1 | synthpop | originated from | disco | - | - | - |
| #2 | synthpop | has its stylistic origins | in pop music | - | - | - |","| id | sbj | pred | obj_d | obj_i | sig | adv/cl/comp/sent |
| - | - | - | - | - | - | - |
| #0 | the musical genre of Alex Day | is | synthpop | - | - | - |
| #1 | synthpop | originated from | disco | - | - | - |
| #2 | synthpop | has its stylistic origins | in pop music | - | - | - |","| id | sbj | pred | obj_d | obj_i | sig | adv/cl/comp/sent |
| - | - | - | - | - | - | - |
| #0 | the musical genre of Alex Day | is | synthpop | - | - | - |
| #1 | synthpop | originated from | disco | - | - | - |
| #2 | synthpop | has its stylistic origins | in pop music | - | - | - |"
reference0,188,the fiat croma and the alfa romeo 164 are both cars . the latter was built in italy where the capital is rome .,"# Output
| id | sbj | pred | obj_d | obj_i | sig | adv/cl/comp/sent |
| - | - | - | - | - | - | - |
| #0 | the fiat croma and the alfa romeo 164 | are | cars | - | - | - |
| #1 | the alfa romeo 164 | was built | - | in Italy | where | the capital is Rome | 
| #2 | the capital | is | Rome | - | - | - |","| id | sbj | pred | obj_d | obj_i | sig | adv/cl/comp/sent |
| - | - | - | - | - | - | - |
| #0 | the fiat croma | is | a car | - | - | - |
| #1 | the alfa romeo 164 | is | a car | - | - | - |
| #2 | the alfa romeo 164 | was built | - | in Italy | where | the capital is Rome |
| #3 | Italy | has capital | Rome | - | - | - |","| id | sbj | pred | obj_d | obj_i | sig | adv/cl/comp/sent |
| - | - | - | - | - | - | - |
| #0 | the fiat croma | is | a car | - | - | - |
| #1 | the alfa romeo 164 | is | a car | - | - | - |
| #2 | the alfa romeo 164 | was built | - | in Italy | where | the capital is Rome |
| #3 | Italy | has capital | Rome | - | - | - |"
reference0,189,"the alfa romeo 164 , which was assembled in italy , and the lancia thema are related types of transportation . the capital of italy is rome .","| id | sbj | pred | obj_d | obj_i | sig | adv/cl/comp/sent |
|----|-----|------|-------|-------|-----|-----------------|
| #0 | the alfa romeo 164 | was assembled | - | in Italy | - | - |
| #1 | the alfa romeo 164 and the lancia thema | are related | types of transportation | - | - | - |
| #2 | the capital of Italy | is | Rome | - | - | - |
| #3 | Italy | has capital | Rome | - | - | - |","| id | sbj | pred | obj_d | obj_i | sig | adv/cl/comp/sent |
|----|-----|------|-------|-------|-----|-----------------|
| #0 | the alfa romeo 164 | was assembled | - | in Italy | - | - |
| #1 | the alfa romeo 164 and the lancia thema | are related | types of transportation | - | - | - |
| #2 | the capital of Italy | is | Rome | - | - | - |
| #3 | Italy | has capital | Rome | - | - | - |","# Output
| id | sbj | pred | obj_d | obj_i | sig | adv/cl/comp/sent |
| - | - | - | - | - | - | - |
| #0 | the alfa romeo 164 | was assembled | - | in Italy | - | - |
| #1 | the alfa romeo 164 and the lancia thema | are related | types of transportation | - | - | - |
| #2 | the capital of Italy | is | Rome | - | - | - |
| #3 | Italy | has capital | Rome | - | - | - |"
reference0,190,"caterpillar inc . of illinois powers the aida cruise owned , aidaluna .","| id | sbj             | pred   | obj_d  | obj_i | sig | adv/cl/comp/sent |
|----|-----------------|--------|--------|-------|-----|------------------|
| #0 | caterpillar inc | powers | aidaluna | -     | -   | -                |
| #1 | caterpillar inc | is of  | illinois | -     | -   | -                |
| #2 | aidaluna        | is owned by | aida cruise | - | -   | -                |","# Output
| id | sbj             | pred   | obj_d  | obj_i | sig | adv/cl/comp/sent |
|----|-----------------|--------|--------|-------|-----|------------------|
| #0 | caterpillar inc | powers | aidaluna | -     | of  | illinois         |
| #1 | aidaluna        | is owned by | aida cruise | - | - | -               |","# Output
| id | sbj             | pred   | obj_d  | obj_i | sig | adv/cl/comp/sent |
|----|-----------------|--------|--------|-------|-----|------------------|
| #0 | caterpillar inc | powers | aidaluna | -     | of  | illinois         |
| #1 | aidaluna        | is owned by | aida cruise | - | - | -              |"
reference0,191,aaron hunt plays for vfl wolfsburg and sv werder bremen . he was a member of the goslarer sc 08 youth team .,"# Output
| id | sbj      | pred      | obj_d                 | obj_i | sig | adv/cl/comp/sent |
|----|----------|-----------|-----------------------|-------|-----|------------------|
| #0 | Aaron Hunt | plays for | VfL Wolfsburg         | -     | and | #1               |
| #1 | Aaron Hunt | plays for | SV Werder Bremen      | -     | -   | -                |
| #2 | Aaron Hunt | was a member of | the Goslarer SC 08 youth team | -     | -   | -                |","# Output
| id | sbj      | pred     | obj_d                | obj_i | sig | adv/cl/comp/sent |
|----|----------|----------|----------------------|-------|-----|------------------|
| #0 | Aaron Hunt | plays for | VfL Wolfsburg        | -     | and | #1               |
| #1 | Aaron Hunt | plays for | SV Werder Bremen     | -     | -   | -                |
| #2 | Aaron Hunt | was a member of | the Goslarer SC 08 youth team | -     | -   | -                |","# Output
| id | sbj      | pred        | obj_d                | obj_i | sig | adv/cl/comp/sent |
|----|----------|-------------|----------------------|-------|-----|------------------|
| #0 | Aaron Hunt | plays for   | VfL Wolfsburg        | -     | and | #1               |
| #1 | Aaron Hunt | plays for   | SV Werder Bremen     | -     | -   | -                |
| #2 | Aaron Hunt | was a member of | the Goslarer SC 08 youth team | -     | -   | -                |"
reference0,192,akeem ayers used to play for the st . louis rams . he was number 39 in the draft pick in draft round 2 .,"| id | sbj         | pred        | obj_d       | obj_i | sig | adv/cl/comp/sent |
|----|-------------|-------------|-------------|-------|-----|------------------|
| #0 | Akeem Ayers | used to play| -           | for the St. Louis Rams | -   | -                |
| #1 | Akeem Ayers | was         | number 39   | -     | in  | the draft pick   |
| #2 | the draft pick | was in    | draft round 2 | -   | -   | -                |","| id | sbj         | pred        | obj_d       | obj_i | sig | adv/cl/comp/sent |
|----|-------------|-------------|-------------|-------|-----|------------------|
| #0 | Akeem Ayers | used to play| -           | for the St. Louis Rams | -   | -                |
| #1 | Akeem Ayers | was         | number 39   | -     | in  | the draft pick in draft round 2 |","| id | sbj        | pred       | obj_d         | obj_i | sig | adv/cl/comp/sent |
|----|------------|------------|---------------|-------|-----|------------------|
| #0 | akeem ayers | used to play | -             | for the st. louis rams | -   | -                |
| #1 | akeem ayers | was         | number 39     | -     | in  | the draft pick   |
| #2 | the draft pick | was in   | draft round 2 | -     | -   | -                |"
reference0,193,"alan martin , whose club is motherwell fc , played for accrington stanley fc who have their ground in accrington .","# Output
| id | sbj       | pred      | obj_d                  | obj_i | sig  | adv/cl/comp/sent          |
|----|-----------|-----------|------------------------|-------|------|---------------------------|
| #0 | alan martin | played for | accrington stanley fc | -     | -    | -                         |
| #1 | alan martin | has club  | motherwell fc         | -     | -    | -                         |
| #2 | accrington stanley fc | have | their ground       | in accrington | - | -                   |","| id | sbj | pred | obj_d | obj_i | sig | adv/cl/comp/sent |
|----|-----|------|-------|-------|-----|-----------------|
| #0 | Alan Martin | played for | Accrington Stanley FC | - | - | - |
| #1 | Alan Martin | has club | Motherwell FC | - | - | - |
| #2 | Accrington Stanley FC | have | their ground | in Accrington | - | - |","| id | sbj | pred | obj_d | obj_i | sig | adv/cl/comp/sent |
| - | - | - | - | - | - | - |
| #0 | Alan Martin | played for | Accrington Stanley FC | - | - | - |
| #1 | Alan Martin | has club | Motherwell FC | - | - | - |
| #2 | Accrington Stanley FC | have | their ground | in Accrington | - | - |"
reference0,194,alaa abdul zahra has played for al kharaitiyat sc and al - zawra ' a sc . al kharaitiyat sc . are managed by amar osim and play their home games at al khor .,"| id | sbj                | pred        | obj_d                  | obj_i | sig | adv/cl/comp/sent |
|----|--------------------|-------------|------------------------|-------|-----|------------------|
| #0 | Alaa Abdul Zahra   | has played  | -                      | for Al Kharaitiyat SC | -   | -                |
| #1 | Alaa Abdul Zahra   | has played  | -                      | for Al-Zawra'a SC     | -   | -                |
| #2 | Al Kharaitiyat SC  | are managed | -                      | by Amar Osim          | -   | -                |
| #3 | Al Kharaitiyat SC  | play        | their home games       | at Al Khor            | -   | -                |","| id | sbj                | pred        | obj_d                 | obj_i | sig | adv/cl/comp/sent      |
|----|--------------------|-------------|-----------------------|-------|-----|-----------------------|
| #0 | alaa abdul zahra   | has played  | -                     | for al kharaitiyat sc | -   | -                     |
| #1 | alaa abdul zahra   | has played  | -                     | for al - zawra ' a sc | -   | -                     |
| #2 | al kharaitiyat sc  | are managed | by amar osim          | -     | and | #3                    |
| #3 | al kharaitiyat sc  | play        | their home games      | at al khor | -   | -                     |","| id | sbj | pred | obj_d | obj_i | sig | adv/cl/comp/sent |
| - | - | - | - | - | - | - |
| #0 | alaa abdul zahra | has played for | al kharaitiyat sc | - | - | - |
| #1 | alaa abdul zahra | has played for | al-zawra'a sc | - | - | - |
| #2 | al kharaitiyat sc | are managed by | amar osim | - | - | - |
| #3 | al kharaitiyat sc | play | their home games | at al khor | - | - |"
reference0,195,alaa abdul zahra plays for al kharaitiyat sc which is located at al khor and managed by amar osim . the shabab al - ordon club is associated with alaa abdul - zahra .,"| id | sbj                | pred        | obj_d            | obj_i | sig     | adv/cl/comp/sent           |
|----|--------------------|-------------|------------------|-------|---------|----------------------------|
| #0 | alaa abdul zahra   | plays for   | al kharaitiyat sc | -     | -       | -                          |
| #1 | al kharaitiyat sc  | is located  | -                | at    | al khor | -                          |
| #2 | al kharaitiyat sc  | is managed  | -                | by    | amar osim | -                        |
| #3 | the shabab al-ordon club | is associated | with     | alaa abdul-zahra | - | -                 |","| id | sbj                | pred      | obj_d            | obj_i | sig | adv/cl/comp/sent              |
|----|--------------------|-----------|------------------|-------|-----|------------------------------|
| #0 | alaa abdul zahra   | plays for | al kharaitiyat sc | -     | -   | #1                           |
| #1 | al kharaitiyat sc  | is located| -                | at al khor | and | #2                          |
| #2 | al kharaitiyat sc  | is managed| -                | by amar osim | -   | -                          |
| #3 | the shabab al-ordon club | is associated | with alaa abdul-zahra | - | - | -                      |","| id | sbj                | pred        | obj_d             | obj_i | sig     | adv/cl/comp/sent           |
|----|--------------------|-------------|-------------------|-------|---------|----------------------------|
| #0 | alaa abdul zahra   | plays for   | al kharaitiyat sc | -     | -       | -                          |
| #1 | al kharaitiyat sc  | is located  | -                 | at    | al khor | -                          |
| #2 | al kharaitiyat sc  | is managed  | -                 | by    | amar osim | -                        |
| #3 | the shabab al-ordon club | is associated | -        | with  | alaa abdul-zahra | -               |"
reference0,196,"aleksandr prudnikov , who is 185cm tall and was born on 24 february 1989 , plays for both fc kuban krasnodar and fc dynamo moscow .","| id | sbj               | pred | obj_d | obj_i | sig | adv/cl/comp/sent |
|----|-------------------|------|-------|-------|-----|------------------|
| #0 | aleksandr prudnikov | is   | 185cm tall | -   | -   | -                |
| #1 | aleksandr prudnikov | was born | -     | on  | 24 february 1989  |
| #2 | aleksandr prudnikov | plays | -     | for  | fc kuban krasnodar |
| #3 | aleksandr prudnikov | plays | -     | for  | fc dynamo moscow   |","| id | sbj               | pred      | obj_d                  | obj_i | sig | adv/cl/comp/sent         |
|----|-------------------|-----------|------------------------|-------|-----|--------------------------|
| #0 | aleksandr prudnikov | plays     | -                      | for both FC Kuban Krasnodar and FC Dynamo Moscow | -   | -                        |
| #1 | aleksandr prudnikov | is        | 185cm tall             | -     | -   | -                        |
| #2 | aleksandr prudnikov | was born  | -                      | on    | 24 February 1989           |
| #3 | aleksandr prudnikov | plays for | FC Kuban Krasnodar     | -     | -   | -                        |
| #4 | aleksandr prudnikov | plays for | FC Dynamo Moscow       | -     | -   | -                        |","| id | sbj              | pred  | obj_d                | obj_i | sig | adv/cl/comp/sent          |
|----|------------------|-------|----------------------|-------|-----|---------------------------|
| #0 | aleksandr prudnikov | plays | -                    | for fc kuban krasnodar | -   | -                         |
| #1 | aleksandr prudnikov | plays | -                    | for fc dynamo moscow   | -   | -                         |
| #2 | aleksandr prudnikov | is    | 185cm tall           | -     | -   | -                         |
| #3 | aleksandr prudnikov | was born | on 24 february 1989 | -     | -   | -                         |"
reference0,197,n . r . pogson was born in nottingham and died in chennai . he discovered the 107 camilla asteroid on the 1st march 2001 .,"| id | sbj          | pred       | obj_d           | obj_i | sig | adv/cl/comp/sent        |
|----|--------------|------------|-----------------|-------|-----|-------------------------|
| #0 | N. R. Pogson | was born    | -               | in    | -   | Nottingham              |
| #1 | N. R. Pogson | died        | -               | in    | -   | Chennai                 |
| #2 | N. R. Pogson | discovered  | the 107 Camilla | -     | on  | the 1st March 2001      |
| #3 | the 107 Camilla | is       | an asteroid     | -     | -   | -                       |","| id | sbj         | pred        | obj_d            | obj_i | sig | adv/cl/comp/sent |
|----|-------------|-------------|------------------|-------|-----|------------------|
| #0 | N. R. Pogson | was born    | -                | in Nottingham | -   | -                |
| #1 | N. R. Pogson | died        | -                | in Chennai     | -   | -                |
| #2 | N. R. Pogson | discovered  | the 107 Camilla asteroid | -       | on  | the 1st March 2001 |","| id | sbj           | pred        | obj_d          | obj_i | sig | adv/cl/comp/sent |
|----|---------------|-------------|----------------|-------|-----|------------------|
| #0 | N. R. Pogson  | was born    | -              | in Nottingham | -   | -                |
| #1 | N. R. Pogson  | died        | -              | in Chennai    | -   | -                |
| #2 | N. R. Pogson  | discovered  | the 107 Camilla asteroid | -   | on  | the 1st March 2001 |"
reference0,198,"the epoch of 1101 clematis is on the 31st of july 2016 and it has an orbital period of 183309000 . 0 . its former name is "" 1928 sj "" and it has a periapsis of 445895000000 .","| id | sbj               | pred          | obj_d            | obj_i | sig | adv/cl/comp/sent        |
|----|-------------------|---------------|------------------|-------|-----|-------------------------|
| #0 | the epoch of 1101 clematis | is on         | the 31st of July 2016 | -     | -   | -                       |
| #1 | 1101 clematis     | has           | an orbital period | -     | of  | 183309000.0             |
| #2 | 1101 clematis     | is formerly known as | ""1928 SJ""        | -     | -   | -                       |
| #3 | 1101 clematis     | has           | a periapsis       | -     | of  | 445895000000            |","| id | sbj               | pred            | obj_d            | obj_i | sig | adv/cl/comp/sent        |
|----|-------------------|-----------------|------------------|-------|-----|-------------------------|
| #0 | 1101 Clematis     | has epoch       | -                | on    | -   | the 31st of July 2016   |
| #1 | 1101 Clematis     | has orbital period | 183309000.0    | -     | -   | -                       |
| #2 | 1101 Clematis     | has former name | ""1928 SJ""        | -     | -   | -                       |
| #3 | 1101 Clematis     | has periapsis   | 445895000000     | -     | -   | -                       |","| id | sbj               | pred           | obj_d             | obj_i | sig | adv/cl/comp/sent |
|----|-------------------|----------------|-------------------|-------|-----|------------------|
| #0 | 1101 Clematis     | has epoch      | -                 | on    | -   | the 31st of July 2016 |
| #1 | 1101 Clematis     | has orbital period | 183309000.0 seconds | -     | -   | -                |
| #2 | 1101 Clematis     | is formerly known as | ""1928 SJ""         | -     | -   | -                |
| #3 | 1101 Clematis     | has periapsis | 445895000000 meters | -     | -   | -                |"
reference0,199,"1101 clematis has an epoch date of december 31st 2006 . it has an escape velocity of 0 . 02 kilometres per second , a periapsis of 445895000000 , and an orbital period of 183309000 . 0 .","| id | sbj | pred | obj_d | obj_i | sig | adv/cl/comp/sent |
| - | - | - | - | - | - | - |
| #0 | 1101 clematis | has | an epoch date | - | of | december 31st 2006 |
| #1 | 1101 clematis | has | an escape velocity | - | of | 0.02 kilometres per second |
| #2 | 1101 clematis | has | a periapsis | - | of | 445895000000 |
| #3 | 1101 clematis | has | an orbital period | - | of | 183309000.0 |","| id | sbj | pred | obj_d | obj_i | sig | adv/cl/comp/sent |
| - | - | - | - | - | - | - |
| #0 | 1101 clematis | has | an epoch date | - | of | december 31st 2006 |
| #1 | 1101 clematis | has | an escape velocity | - | of | 0.02 kilometres per second |
| #2 | 1101 clematis | has | a periapsis | - | of | 445895000000 |
| #3 | 1101 clematis | has | an orbital period | - | of | 183309000.0 |","| id | sbj | pred | obj_d | obj_i | sig | adv/cl/comp/sent |
| - | - | - | - | - | - | - |
| #0 | 1101 clematis | has | an epoch date | - | of | december 31st 2006 |
| #1 | 1101 clematis | has | an escape velocity | - | of | 0.02 kilometres per second |
| #2 | 1101 clematis | has | a periapsis | - | of | 445895000000 |
| #3 | 1101 clematis | has | an orbital period | - | of | 183309000.0 |"
reference0,200,the american locomotive company built the alco rs - 3 and it was produced between may 1950 and august 1956 . it ' s length is 17068 . 8 millimetres and it has a v12 engine .,"| id | sbj                          | pred         | obj_d         | obj_i | sig    | adv/cl/comp/sent              |
|----|------------------------------|--------------|---------------|-------|--------|-------------------------------|
| #0 | the American Locomotive Company | built        | the ALCO RS-3 | -     | -      | -                             |
| #1 | the ALCO RS-3                 | was produced | -             | -     | between | May 1950 and August 1956      |
| #2 | it                           | has          | a length      | of    | -      | 17068.8 millimetres           |
| #3 | it                           | has          | a V12 engine  | -     | -      | -                             |","| id | sbj                          | pred      | obj_d       | obj_i | sig     | adv/cl/comp/sent          |
|----|------------------------------|-----------|-------------|-------|---------|---------------------------|
| #0 | the american locomotive company | built     | the alco rs-3 | -     | -       | -                         |
| #1 | the alco rs-3                 | was produced | -           | -     | between | may 1950 and august 1956  |
| #2 | it                           | has length | 17068.8 millimetres | -     | -       | -                         |
| #3 | it                           | has        | a v12 engine | -     | -       | -                         |","| id | sbj                            | pred          | obj_d          | obj_i | sig     | adv/cl/comp/sent |
|----|--------------------------------|---------------|----------------|-------|---------|------------------|
| #0 | the american locomotive company| built         | the alco rs-3  | -     | -       | -                |
| #1 | the alco rs-3                  | was produced  | -              | -     | between | may 1950 and august 1956 |
| #2 | it                             | has length    | 17068.8 millimetres | -     | -       | -                |
| #3 | it                             | has           | a v12 engine   | -     | -       | -                |"
reference0,201,"the antares rocket , made by yuzhnoye design office , had its initial flight april 21 , 2013 and final flight on 10 / 28 / 2014 . it was launched at mid - atlantic regional spaceport launch pad 0 .","| id | sbj | pred | obj_d | obj_i | sig | adv/cl/comp/sent |
| - | - | - | - | - | - | - |
| #0 | the antares rocket | was made by | yuzhnoye design office | - | - | - |
| #1 | the antares rocket | had | its initial flight | - | on | April 21, 2013 |
| #2 | the antares rocket | had | its final flight | - | on | October 28, 2014 |
| #3 | it | was launched | - | at mid-atlantic regional spaceport launch pad 0 | - | - |","| id | sbj | pred | obj_d | obj_i | sig | adv/cl/comp/sent |
| - | - | - | - | - | - | - |
| #0 | the antares rocket | was made | - | by Yuzhnoye Design Office | - | - |
| #1 | the antares rocket | had | its initial flight | - | on | April 21, 2013 |
| #2 | the antares rocket | had | its final flight | - | on | October 28, 2014 |
| #3 | it | was launched | - | at Mid-Atlantic Regional Spaceport Launch Pad 0 | - | - |","| id | sbj | pred | obj_d | obj_i | sig | adv/cl/comp/sent |
| - | - | - | - | - | - | - |
| #0 | the antares rocket | was made by | yuzhnoye design office | - | - | - |
| #1 | the antares rocket | had | its initial flight | - | on | april 21, 2013 |
| #2 | the antares rocket | had | its final flight | - | on | 10/28/2014 |
| #3 | it | was launched | - | at mid-atlantic regional spaceport launch pad 0 | - | - |"
reference0,202,"costa crociere , located in genoa , is the owner of aidastella which was built by meyer werft is operated by aidastella cruises .","| id | sbj | pred | obj_d | obj_i | sig | adv/cl/comp/sent |
|----|-----|------|-------|-------|-----|-----------------|
| #0 | costa crociere | is located | - | in genoa | - | - |
| #1 | costa crociere | is the owner of | aidastella | - | - | - |
| #2 | aidastella | was built | - | by meyer werft | - | - |
| #3 | aidastella | is operated | - | by aidastella cruises | - | - |","| id | sbj             | pred       | obj_d       | obj_i | sig    | adv/cl/comp/sent |
|----|-----------------|------------|-------------|-------|--------|------------------|
| #0 | costa crociere  | is located | -           | in genoa | -      | -                |
| #1 | costa crociere  | is the owner | aidastella | -     | -      | -                |
| #2 | aidastella      | was built  | -           | by meyer werft | - | -                |
| #3 | aidastella      | is operated | -           | by aidastella cruises | - | -       |","| id | sbj | pred | obj_d | obj_i | sig | adv/cl/comp/sent |
| - | - | - | - | - | - | - |
| #0 | costa crociere | is located | - | in genoa | - | - |
| #1 | costa crociere | is the owner of | aidastella | - | - | - |
| #2 | aidastella | was built by | meyer werft | - | - | - |
| #3 | aidastella | is operated by | aidastella cruises | - | - | - |"
reference0,203,"albennie jones , performed in the rhythm and blues genre and ended his career in 1950 . rhythm and blues originated from blues music and has disco as a derivative .","| id | sbj          | pred       | obj_d            | obj_i | sig | adv/cl/comp/sent |
|----|--------------|------------|------------------|-------|-----|------------------|
| #0 | albennie jones | performed | -                | in the rhythm and blues genre | -   | -                |
| #1 | albennie jones | ended     | his career       | -     | in  | 1950             |
| #2 | rhythm and blues | originated | -              | from blues music | -   | -                |
| #3 | rhythm and blues | has       | disco           | as a derivative | -   | -                |","| id | sbj            | pred      | obj_d               | obj_i | sig | adv/cl/comp/sent        |
|----|----------------|-----------|---------------------|-------|-----|-------------------------|
| #0 | albennie jones | performed | -                   | in the rhythm and blues genre | -   | -                       |
| #1 | albennie jones | ended     | his career          | -     | in  | 1950                    |
| #2 | rhythm and blues | originated | -               | from blues music | -   | -                   |
| #3 | rhythm and blues | has       | disco              | as a derivative | -   | -                   |","| id | sbj           | pred       | obj_d | obj_i | sig | adv/cl/comp/sent |
|----|---------------|------------|-------|-------|-----|------------------|
| #0 | albennie jones | performed  | -     | in the rhythm and blues genre | - | - |
| #1 | albennie jones | ended      | his career | - | in | 1950 |
| #2 | rhythm and blues | originated | - | from blues music | - | - |
| #3 | rhythm and blues | has       | disco | as a derivative | - | - |"
reference0,204,"alex day , who is associated with performer charlie mcdonnell , plays with the band chameleon circuit . he became active in 2006 and his speciality is electronic music .","| id | sbj   | pred       | obj_d             | obj_i | sig | adv/cl/comp/sent |
|----|-------|------------|-------------------|-------|-----|------------------|
| #0 | alex day | is associated with | charlie mcdonnell | -     | -   | -                |
| #1 | alex day | plays with | the band chameleon circuit | -     | -   | -                |
| #2 | alex day | became active | -                 | in    | -   | 2006              |
| #3 | alex day | has speciality | electronic music | in    | -   | -                |","| id | sbj       | pred        | obj_d                | obj_i | sig | adv/cl/comp/sent |
|----|-----------|-------------|----------------------|-------|-----|------------------|
| #0 | Alex Day  | is associated with | performer Charlie McDonnell | -     | -   | -                |
| #1 | Alex Day  | plays       | -                    | with the band Chameleon Circuit | -   | -                |
| #2 | Alex Day  | became active | -                  | -     | in  | 2006             |
| #3 | Alex Day  | has speciality | electronic music  | -     | -   | -                |","| id | sbj      | pred          | obj_d                | obj_i | sig | adv/cl/comp/sent |
|----|----------|---------------|----------------------|-------|-----|------------------|
| #0 | alex day | is associated | -                    | with  | -   | performer charlie mcdonnell |
| #1 | alex day | plays         | with the band        | -     | -   | chameleon circuit |
| #2 | alex day | became active | -                    | in    | -   | 2006 |
| #3 | alex day | has speciality| electronic music     | -     | -   | - |"
reference0,205,"agustin barboza died in asuncion , part of gran asuncion , in paraguay , the country led by juan afara .","| id | sbj           | pred | obj_d | obj_i | sig | adv/cl/comp/sent       |
|----|---------------|------|-------|-------|-----|------------------------|
| #0 | agustin barboza | died | -     | in asuncion | -   | -                      |
| #1 | asuncion       | is part of | gran asuncion | -   | -   | -                      |
| #2 | asuncion       | is in | -     | paraguay     | -   | -                      |
| #3 | paraguay       | is led by | juan afara | -   | -   | -                      |","| id | sbj           | pred | obj_d | obj_i | sig | adv/cl/comp/sent            |
|----|---------------|------|-------|-------|-----|-----------------------------|
| #0 | agustin barboza | died | -     | in asuncion | -   | -                           |
| #1 | asuncion       | is part of | gran asuncion | -   | -   | -                           |
| #2 | agustin barboza | died | -     | in paraguay | -   | -                           |
| #3 | paraguay       | is led by | juan afara | -   | -   | -                           |","| id | sbj           | pred | obj_d | obj_i | sig | adv/cl/comp/sent        |
|----|---------------|------|-------|-------|-----|-------------------------|
| #0 | agustin barboza | died | -     | in asuncion | -   | -                       |
| #1 | asuncion       | is part of | gran asuncion | -   | -   | -                       |
| #2 | asuncion       | is in | paraguay | -   | -   | -                       |
| #3 | paraguay       | is led by | juan afara | -   | -   | -                       |"
reference0,206,"adenan satem was born in japanese occupied british borneo . his successor was abdul taib mahmud , who , resides in sarawak and is a member of the "" barisan ra ' ayat jati sarawak "" party .","| id | sbj             | pred       | obj_d | obj_i | sig | adv/cl/comp/sent         |
|----|-----------------|------------|-------|-------|-----|--------------------------|
| #0 | Adenan Satem    | was born   | -     | in    | -   | Japanese occupied British Borneo |
| #1 | his successor   | was        | Abdul Taib Mahmud | -   | -   | -                        |
| #2 | Abdul Taib Mahmud | resides   | -     | in    | -   | Sarawak                   |
| #3 | Abdul Taib Mahmud | is        | a member | of   | -   | the ""Barisan Ra'ayat Jati Sarawak"" party |","| id | sbj             | pred        | obj_d | obj_i | sig | adv/cl/comp/sent             |
|----|-----------------|-------------|-------|-------|-----|------------------------------|
| #0 | Adenan Satem    | was born    | -     | in    | -   | Japanese occupied British Borneo |
| #1 | Abdul Taib Mahmud | is          | successor | to Adenan Satem | -   | -                            |
| #2 | Abdul Taib Mahmud | resides     | -     | in    | -   | Sarawak                       |
| #3 | Abdul Taib Mahmud | is          | a member | of   | -   | the ""Barisan Ra'ayat Jati Sarawak"" party |","| id | sbj             | pred        | obj_d | obj_i | sig | adv/cl/comp/sent |
|----|-----------------|-------------|-------|-------|-----|------------------|
| #0 | Adenan Satem    | was born    | -     | in    | Japanese occupied British Borneo |
| #1 | his successor   | was         | Abdul Taib Mahmud | - | - | - |
| #2 | Abdul Taib Mahmud | resides    | -     | in Sarawak | - | - |
| #3 | Abdul Taib Mahmud | is a member | -     | of | the ""Barisan Ra'ayat Jati Sarawak"" party |"
reference0,207,"knightsbridge , london is the birthplace of airey neave and he was involved in the battle of france . he started his career on 30th june 1953 and ended it on 30th march 1979 .","| id | sbj           | pred          | obj_d        | obj_i | sig | adv/cl/comp/sent |
|----|---------------|---------------|--------------|-------|-----|------------------|
| #0 | knightsbridge | is located in | london       | -     | -   | -                |
| #1 | knightsbridge | is the birthplace of | airey neave | -     | -   | -                |
| #2 | airey neave   | was involved in | the battle of france | -     | -   | -                |
| #3 | airey neave   | started his career | -            | -     | on  | 30th june 1953   |
| #4 | airey neave   | ended his career   | -            | -     | on  | 30th march 1979  |","| id | sbj            | pred          | obj_d        | obj_i | sig | adv/cl/comp/sent          |
|----|----------------|---------------|--------------|-------|-----|---------------------------|
| #0 | knightsbridge  | is            | the birthplace | of airey neave | -   | -                         |
| #1 | knightsbridge  | is located in | london        | -     | -   | -                         |
| #2 | airey neave    | was involved  | -             | in the battle of france | -   | -                         |
| #3 | airey neave    | started       | his career    | -     | on  | 30th june 1953            |
| #4 | airey neave    | ended         | his career    | -     | on  | 30th march 1979           |","| id | sbj           | pred          | obj_d         | obj_i | sig | adv/cl/comp/sent          |
|----|---------------|---------------|---------------|-------|-----|--------------------------|
| #0 | knightsbridge | is located in | London        | -     | -   | -                        |
| #1 | airey neave   | was born in   | knightsbridge | -     | -   | -                        |
| #2 | airey neave   | was involved  | -             | in    | the battle of france        |
| #3 | airey neave   | started       | his career    | -     | on  | 30th june 1953           |
| #4 | airey neave   | ended         | his career    | -     | on  | 30th march 1979          |"
reference0,208,"connecticut born alfred n phillips , a democrate , worked as member of the u . s . house of representatives from connecticut ' s 4th district and was succeded by albert e . austin .","| id | sbj | pred | obj_d | obj_i | sig | adv/cl/comp/sent |
| - | - | - | - | - | - | - |
| #0 | Alfred N Phillips | was born | - | in Connecticut | - | - |
| #1 | Alfred N Phillips | worked as | a member | of the U.S. House of Representatives | - | - |
| #2 | Alfred N Phillips | represented | Connecticut's 4th district | - | as | a member of the U.S. House of Representatives |
| #3 | Alfred N Phillips | was succeeded | by Albert E. Austin | - | - | - |
| #4 | Alfred N Phillips | is | a Democrat | - | - | - |","# Output
| id | sbj                | pred        | obj_d                                 | obj_i | sig | adv/cl/comp/sent              |
|----|--------------------|-------------|---------------------------------------|-------|-----|------------------------------|
| #0 | Alfred N Phillips  | was born    | -                                     | in    | -   | Connecticut                  |
| #1 | Alfred N Phillips  | worked as   | a member of the U.S. House of Representatives | -     | from | Connecticut's 4th district   |
| #2 | Alfred N Phillips  | was         | a Democrat                            | -     | -   | -                            |
| #3 | Alfred N Phillips  | was succeeded | -                                   | by    | -   | Albert E. Austin             |","| id | sbj | pred | obj_d | obj_i | sig | adv/cl/comp/sent |
| - | - | - | - | - | - | - |
| #0 | Alfred N Phillips | was born | - | in Connecticut | - | - |
| #1 | Alfred N Phillips | worked as | a member | of the U.S. House of Representatives | - | - |
| #2 | Alfred N Phillips | represented | Connecticut's 4th district | - | as | a member of the U.S. House of Representatives |
| #3 | Alfred N Phillips | was succeeded | by Albert E. Austin | - | - | - |
| #4 | Alfred N Phillips | is | a Democrat | - | - | - |"
reference0,209,"yuzhnoye design office created the antares rocket whose initial flight took place july 13 , 2014 at the mid - atlantic regional spaceport launch pad 0 . the rocket is 3 . 9 m in diameter and took its last trip on oct . 28 , 2014 .","| id | sbj                   | pred       | obj_d           | obj_i | sig  | adv/cl/comp/sent              |
|----|-----------------------|------------|-----------------|-------|------|-------------------------------|
| #0 | yuzhnoye design office | created    | the antares rocket | -     | -    | -                             |
| #1 | the antares rocket     | took       | initial flight  | -     | on   | july 13, 2014                 |
| #2 | the antares rocket     | took       | initial flight  | -     | at   | the mid-atlantic regional spaceport launch pad 0 |
| #3 | the rocket             | is         | -               | -     | in   | 3.9 m in diameter             |
| #4 | the antares rocket     | took       | its last trip   | -     | on   | oct. 28, 2014                 |","| id | sbj | pred | obj_d | obj_i | sig | adv/cl/comp/sent |
| - | - | - | - | - | - | - |
| #0 | Yuzhnoye Design Office | created | the Antares rocket | - | - | - |
| #1 | the Antares rocket | took place | initial flight | at the Mid-Atlantic Regional Spaceport launch pad 0 | on | July 13, 2014 |
| #2 | the rocket | is | 3.9 m | - | in | diameter |
| #3 | the rocket | took | its last trip | - | on | Oct. 28, 2014 |","| id | sbj | pred | obj_d | obj_i | sig | adv/cl/comp/sent |
| - | - | - | - | - | - | - |
| #0 | Yuzhnoye Design Office | created | the Antares rocket | - | - | - |
| #1 | the Antares rocket | took | its initial flight | - | on | July 13, 2014 |
| #2 | the initial flight of the Antares rocket | took place | - | at | the Mid-Atlantic Regional Spaceport launch pad 0 |
| #3 | the Antares rocket | is | 3.9 m | in diameter | - | - |
| #4 | the Antares rocket | took | its last trip | - | on | Oct. 28, 2014 |
| #5 | the Antares rocket | has creator | Yuzhnoye Design Office | - | - | - |"
reference0,210,"the ariane 5 was launched at the ela - 3 , which is located at the guiana space centre , which has its own hq in french guiana . the ela - 3 is operated by arianespace , which is located in courcouronnes .","| id | sbj | pred | obj_d | obj_i | sig | adv/cl/comp/sent |
| - | - | - | - | - | - | - |
| #0 | the Ariane 5 | was launched | - | at the ELA-3 | - | - |
| #1 | the ELA-3 | is located | - | at the Guiana Space Centre | - | - |
| #2 | the Guiana Space Centre | has | its own HQ | in French Guiana | - | - |
| #3 | the ELA-3 | is operated | - | by Arianespace | - | - |
| #4 | Arianespace | is located | - | in Courcouronnes | - | - |","| id | sbj | pred | obj_d | obj_i | sig | adv/cl/comp/sent |
| - | - | - | - | - | - | - |
| #0 | the Ariane 5 | was launched | - | at the ELA-3 | - | - |
| #1 | the ELA-3 | is located | - | at the Guiana Space Centre | - | - |
| #2 | the Guiana Space Centre | has | its own HQ | in French Guiana | - | - |
| #3 | the ELA-3 | is operated | - | by Arianespace | - | - |
| #4 | Arianespace | is located | - | in Courcouronnes | - | - |","| id | sbj | pred | obj_d | obj_i | sig | adv/cl/comp/sent |
| - | - | - | - | - | - | - |
| #0 | the Ariane 5 | was launched | - | at the ELA-3 | - | - |
| #1 | the ELA-3 | is located | - | at the Guiana Space Centre | - | - |
| #2 | the Guiana Space Centre | has | its own HQ | in French Guiana | - | - |
| #3 | the ELA-3 | is operated | - | by Arianespace | - | - |
| #4 | Arianespace | is located | - | in Courcouronnes | - | - |"
reference0,211,"aidaluna , owned by aida cruises , is powered by caterpillar inc . , where douglas r . oberhelman is a key person . caterpillar inc . was founded in the united states and is in peoria , illinois .","| id | sbj             | pred        | obj_d            | obj_i | sig  | adv/cl/comp/sent       |
|----|-----------------|-------------|------------------|-------|------|------------------------|
| #0 | aidaluna        | is owned by | aida cruises     | -     | -    | -                      |
| #1 | aidaluna        | is powered  | by caterpillar inc. | -     | where | #2                    |
| #2 | douglas r. oberhelman | is       | a key person     | in caterpillar inc. | -    | -              |
| #3 | caterpillar inc. | was founded | -                | in the United States | -    | -              |
| #4 | caterpillar inc. | is in       | Peoria, Illinois | -     | -    | -                      |","| id | sbj | pred | obj_d | obj_i | sig | adv/cl/comp/sent |
| - | - | - | - | - | - | - |
| #0 | aidaluna | is owned by | AIDA Cruises | - | - | - |
| #1 | aidaluna | is powered by | Caterpillar Inc. | - | - | - |
| #2 | Douglas R. Oberhelman | is a key person | - | at | Caterpillar Inc. |
| #3 | Caterpillar Inc. | was founded | - | in | the United States |
| #4 | Caterpillar Inc. | is in | Peoria, Illinois | - | - | - |","| id | sbj | pred | obj_d | obj_i | sig | adv/cl/comp/sent |
| - | - | - | - | - | - | - |
| #0 | aidaluna | is owned by | AIDA Cruises | - | - | - |
| #1 | aidaluna | is powered by | Caterpillar Inc. | - | - | - |
| #2 | Douglas R. Oberhelman | is a key person | - | at | Caterpillar Inc. |
| #3 | Caterpillar Inc. | was founded | - | in | the United States |
| #4 | Caterpillar Inc. | is in | Peoria, Illinois | - | - | - |"
reference0,212,"the defender , alessio romagnoli is a member of the serie a league club a . c . milan who are managed by sinisa mihajlovic . he is also connected to uc sampdoria .","| id | sbj               | pred              | obj_d           | obj_i | sig | adv/cl/comp/sent |
|----|-------------------|-------------------|-----------------|-------|-----|------------------|
| #0 | Alessio Romagnoli | is a member of    | Serie A league club A.C. Milan | -     | -   | -                |
| #1 | A.C. Milan        | are managed by    | Sinisa Mihajlovic | -     | -   | -                |
| #2 | Alessio Romagnoli | is also connected to | UC Sampdoria     | -     | -   | -                |","# Output
| id | sbj | pred | obj_d | obj_i | sig | adv/cl/comp/sent |
| - | - | - | - | - | - | - |
| #0 | Alessio Romagnoli | is a member of | the Serie A league club A.C. Milan | - | - | - |
| #1 | A.C. Milan | are managed by | Sinisa Mihajlovic | - | - | - |
| #2 | Alessio Romagnoli | is also connected to | UC Sampdoria | - | - | - |","| id | sbj               | pred        | obj_d          | obj_i | sig | adv/cl/comp/sent |
|----|-------------------|-------------|----------------|-------|-----|------------------|
| #0 | Alessio Romagnoli | is a member | -              | of the Serie A league club A.C. Milan | - | - |
| #1 | A.C. Milan        | are managed | -              | by Sinisa Mihajlovic | - | - |
| #2 | Alessio Romagnoli | is connected| -              | to UC Sampdoria | - | - |"
reference0,213,abel hernandez played youth football for central espanol part of the uruguayan segunda division league . mr . hernandez plays for the us citta di palermo and the uruguay national football team . giuseppe iachini manages the u . s . citta di palermo team .,"| id | sbj | pred | obj_d | obj_i | sig | adv/cl/comp/sent |
| - | - | - | - | - | - | - |
| #0 | Abel Hernandez | played youth football | - | for Central Espanol | - | - |
| #1 | Central Espanol | is part of | the Uruguayan Segunda Division league | - | - | - |
| #2 | Abel Hernandez | plays | - | for the US Citta di Palermo | - | - |
| #3 | Abel Hernandez | plays | - | for the Uruguay national football team | - | - |
| #4 | Giuseppe Iachini | manages | the US Citta di Palermo team | - | - | - |","| id | sbj | pred | obj_d | obj_i | sig | adv/cl/comp/sent |
| - | - | - | - | - | - | - |
| #0 | Abel Hernandez | played youth football | for Central Espanol | - | part of | the Uruguayan Segunda Division league |
| #1 | Abel Hernandez | plays | - | for the US Citta di Palermo | - | - |
| #2 | Abel Hernandez | plays | - | for the Uruguay national football team | - | - |
| #3 | Giuseppe Iachini | manages | the US Citta di Palermo team | - | - | - |","| id | sbj | pred | obj_d | obj_i | sig | adv/cl/comp/sent |
| - | - | - | - | - | - | - |
| #0 | Abel Hernandez | played youth football | for Central Espanol | part of the Uruguayan Segunda Division league | - | - |
| #1 | Mr. Hernandez | plays | - | for the US Citta di Palermo | - | - |
| #2 | Mr. Hernandez | plays | - | for the Uruguay national football team | - | - |
| #3 | Giuseppe Iachini | manages | the US Citta di Palermo team | - | - | - |"
reference0,214,"aleksandr prudnikov has played for the clubs fc terek grozny ( based in grozny ) , where the manager was rashid rakhimov and fc spartak moscow , whose chairman is sergey rodionov .","| id | sbj               | pred        | obj_d                | obj_i | sig   | adv/cl/comp/sent      |
|----|-------------------|-------------|----------------------|-------|-------|-----------------------|
| #0 | aleksandr prudnikov | has played for | the clubs            | -     | -     | -                     |
| #1 | the clubs          | include      | fc terek grozny      | -     | -     | based in grozny       |
| #2 | the clubs          | include      | fc spartak moscow    | -     | -     | -                     |
| #3 | fc terek grozny    | is based in | grozny               | -     | -     | -                     |
| #4 | fc terek grozny    | had         | rashid rakhimov      | as manager | -     | -                     |
| #5 | fc spartak moscow  | has         | sergey rodionov      | as chairman | -     | -                     |
| #6 | rashid rakhimov    | was         | manager              | of fc terek grozny | -     | -                     |
| #7 | sergey rodionov    | is          | chairman             | of fc spartak moscow | -     | -                     |","# Output
| id | sbj               | pred      | obj_d               | obj_i | sig   | adv/cl/comp/sent      |
|----|-------------------|-----------|---------------------|-------|-------|-----------------------|
| #0 | aleksandr prudnikov | has played | for the clubs       | -     | -     | #1, #3                |
| #1 | fc terek grozny   | is based  | in grozny           | -     | -     | -                     |
| #2 | rashid rakhimov   | was       | the manager         | of fc terek grozny | -     | -                     |
| #3 | fc spartak moscow | has       | sergey rodionov     | as chairman | -     | -                     |
| #4 | fc terek grozny   | is        | a club              | -     | -     | -                     |
| #5 | fc spartak moscow | is        | a club              | -     | -     | -                     |","# Output
| id | sbj                | pred       | obj_d              | obj_i | sig   | adv/cl/comp/sent            |
|----|--------------------|------------|--------------------|-------|-------|-----------------------------|
| #0 | aleksandr prudnikov| has played | for the clubs      | -     | -     | #1, #3                      |
| #1 | fc terek grozny    | is based   | in grozny          | -     | -     | -                            |
| #2 | rashid rakhimov    | was        | the manager        | of fc terek grozny | -     | -                            |
| #3 | fc spartak moscow  | has        | sergey rodionov    | as chairman | -     | -                            |"
reference0,215,"james craig watson , who discovered 101 helena on 15th august 1868 , is a canadian national who attended the university of michigan . he died in madison , wisconsin .","# Output
| id | sbj                | pred       | obj_d | obj_i | sig | adv/cl/comp/sent |
|----|--------------------|------------|-------|-------|-----|------------------|
| #0 | James Craig Watson | discovered | 101 Helena | - | on | 15th August 1868 |
| #1 | James Craig Watson | is         | a Canadian national | - | - | - |
| #2 | James Craig Watson | attended   | the University of Michigan | - | - | - |
| #3 | James Craig Watson | died       | - | in Madison, Wisconsin | - | - |","# Output
| id | sbj                | pred          | obj_d       | obj_i | sig | adv/cl/comp/sent         |
|----|--------------------|---------------|-------------|-------|-----|--------------------------|
| #0 | james craig watson | discovered    | 101 helena  | -     | on  | 15th august 1868        |
| #1 | james craig watson | is            | a canadian national | -     | -   | -                        |
| #2 | james craig watson | attended      | the university of michigan | -     | -   | -                        |
| #3 | james craig watson | died          | -           | in madison, wisconsin | -   | -                        |","# Output
| id | sbj                | pred         | obj_d        | obj_i | sig  | adv/cl/comp/sent               |
|----|--------------------|--------------|--------------|-------|------|--------------------------------|
| #0 | james craig watson | discovered   | 101 helena   | -     | on   | 15th august 1868               |
| #1 | james craig watson | is           | a canadian national | -     | -    | -                              |
| #2 | james craig watson | attended     | the university of michigan | -     | -    | -                              |
| #3 | james craig watson | died         | -            | in madison, wisconsin | -    | -                              |
| #4 | james craig watson | is           | -            | -     | who  | discovered 101 helena on 15th august 1868 |"
reference0,216,"german walter baade discovered 1036 ganymed . baade died in gottingen , was a graduate of the university of gottingen and allan sandage was among his doctoral students .","# Output
| id | sbj | pred | obj_d | obj_i | sig | adv/cl/comp/sent |
| - | - | - | - | - | - | - |
| #0 | German Walter Baade | discovered | 1036 Ganymed | - | - | - |
| #1 | German Walter Baade | died | - | in Göttingen | - | - |
| #2 | German Walter Baade | was a graduate of | the University of Göttingen | - | - | - |
| #3 | Allan Sandage | was among | his doctoral students | - | - | - |
| #4 | his doctoral students | include | Allan Sandage | - | - | - |","# Output
| id | sbj | pred | obj_d | obj_i | sig | adv/cl/comp/sent |
| - | - | - | - | - | - | - |
| #0 | German Walter Baade | discovered | 1036 Ganymed | - | - | - |
| #1 | German Walter Baade | died | - | in Gottingen | - | - |
| #2 | German Walter Baade | was | a graduate | of the University of Gottingen | - | - |
| #3 | Allan Sandage | was | among his doctoral students | - | - | - |","# Output
| id | sbj | pred | obj_d | obj_i | sig | adv/cl/comp/sent |
| - | - | - | - | - | - | - |
| #0 | German Walter Baade | discovered | 1036 Ganymed | - | - | - |
| #1 | German Walter Baade | died | - | in Gottingen | - | - |
| #2 | German Walter Baade | was a graduate | - | of the University of Gottingen | - | - |
| #3 | Allan Sandage | was among | - | his doctoral students | - | - |
| #4 | his doctoral students | include | Allan Sandage | - | - | - |"
reference0,217,"1101 clematis has a mass of 5 . 7 kilograms , an orbital period of 183309000 . 0 and its epoch date was on 31st july 2016 . it has an escape velocity of 0 . 02 km / sec and its apoapsis is 520906000 . 0 kilometres .","| id | sbj | pred | obj_d | obj_i | sig | adv/cl/comp/sent |
| - | - | - | - | - | - | - |
| #0 | 1101 clematis | has | a mass | - | of | 5.7 kilograms |
| #1 | 1101 clematis | has | an orbital period | - | of | 183309000.0 |
| #2 | 1101 clematis | has | an epoch date | - | on | 31st July 2016 |
| #3 | 1101 clematis | has | an escape velocity | - | of | 0.02 km/sec |
| #4 | 1101 clematis | has | an apoapsis | - | of | 520906000.0 kilometres |","| id | sbj | pred | obj_d | obj_i | sig | adv/cl/comp/sent |
| - | - | - | - | - | - | - |
| #0 | 1101 clematis | has | a mass | - | of | 5.7 kilograms |
| #1 | 1101 clematis | has | an orbital period | - | of | 183309000.0 |
| #2 | 1101 clematis | has | its epoch date | - | on | 31st July 2016 |
| #3 | 1101 clematis | has | an escape velocity | - | of | 0.02 km/sec |
| #4 | 1101 clematis | has | its apoapsis | - | at | 520906000.0 kilometres |","| id | sbj | pred | obj_d | obj_i | sig | adv/cl/comp/sent |
| - | - | - | - | - | - | - |
| #0 | 1101 clematis | has | a mass | - | of | 5.7 kilograms |
| #1 | 1101 clematis | has | an orbital period | - | of | 183309000.0 |
| #2 | 1101 clematis | has | an epoch date | - | on | 31st July 2016 |
| #3 | 1101 clematis | has | an escape velocity | - | of | 0.02 km/sec |
| #4 | 1101 clematis | has | an apoapsis | - | of | 520906000.0 kilometres |"
reference0,218,"abdul taib mahmud was born on 21 may 1936 in miri , malaysia , and lives in kuching . his party was the parti pesaka bumiputera bersatu and he represented the asajaya region .","# Output
| id | sbj               | pred           | obj_d | obj_i | sig | adv/cl/comp/sent              |
|----|-------------------|----------------|-------|-------|-----|-------------------------------|
| #0 | abdul taib mahmud | was born       | -     | in miri, malaysia | on  | 21 may 1936                |
| #1 | abdul taib mahmud | lives          | -     | in kuching        | -   | -                           |
| #2 | his party         | was            | the parti pesaka bumiputera bersatu | -   | -   | -                           |
| #3 | he                | represented    | the asajaya region | -   | -   | -                           |","| id | sbj                | pred        | obj_d                               | obj_i | sig | adv/cl/comp/sent             |
|----|--------------------|-------------|-------------------------------------|-------|-----|-----------------------------|
| #0 | abdul taib mahmud  | was born     | -                                   | in miri, malaysia | on  | 21 may 1936                 |
| #1 | abdul taib mahmud  | lives        | -                                   | in kuching | -   | -                           |
| #2 | his party          | was          | the parti pesaka bumiputera bersatu | -     | -   | -                           |
| #3 | he                 | represented  | the asajaya region                  | -     | -   | -                           |","| id | sbj                | pred          | obj_d                                  | obj_i | sig | adv/cl/comp/sent                |
|----|--------------------|---------------|----------------------------------------|-------|-----|---------------------------------|
| #0 | abdul taib mahmud  | was born       | -                                      | in miri, malaysia | on  | 21 may 1936                    |
| #1 | abdul taib mahmud  | lives          | -                                      | in kuching        | -   | -                              |
| #2 | his party          | was            | the parti pesaka bumiputera bersatu    | -     | -   | -                              |
| #3 | abdul taib mahmud  | represented    | the asajaya region                     | -     | -   | -                              |"
reference0,219,"agnes kant was born in the netherlands and lives in doesburg . she worked at the house of representatives in the netherlands , where mark rutte is the leader . khadija arib is the leader of the house of representatives .","| id | sbj         | pred        | obj_d | obj_i | sig | adv/cl/comp/sent         |
|----|-------------|-------------|-------|-------|-----|--------------------------|
| #0 | agnes kant  | was born    | -     | in    | the netherlands            |
| #1 | agnes kant  | lives       | -     | in    | doesburg                   |
| #2 | agnes kant  | worked      | -     | at    | the house of representatives in the netherlands |
| #3 | mark rutte  | is          | the leader | of  | the house of representatives in the netherlands |
| #4 | khadija arib| is          | the leader | of  | the house of representatives |","| id | sbj         | pred        | obj_d       | obj_i | sig | adv/cl/comp/sent |
|----|-------------|-------------|-------------|-------|-----|------------------|
| #0 | agnes kant  | was born    | -           | in the Netherlands | - | - |
| #1 | agnes kant  | lives       | -           | in doesburg | - | - |
| #2 | agnes kant  | worked      | -           | at the house of representatives in the Netherlands | - | - |
| #3 | the house of representatives in the Netherlands | has leader | mark rutte | - | - | - |
| #4 | the house of representatives | has leader | khadija arib | - | - | - |","| id | sbj          | pred        | obj_d                        | obj_i | sig | adv/cl/comp/sent |
|----|--------------|-------------|------------------------------|-------|-----|-----------------|
| #0 | agnes kant   | was born    | -                            | in    | the netherlands    |
| #1 | agnes kant   | lives       | -                            | in    | doesburg          |
| #2 | agnes kant   | worked      | -                            | at    | the house of representatives in the netherlands |
| #3 | mark rutte   | is          | the leader                   | of    | the house of representatives in the netherlands |
| #4 | khadija arib | is          | the leader                   | of    | the house of representatives |"
reference0,220,"albert b . white was born in cleveland , was married to agnes ward white and died in parkersburg , west virginia . white was succeeded in office by william m . o . dawson who was born in bloomington , maryland .","| id | sbj               | pred        | obj_d             | obj_i | sig | adv/cl/comp/sent |
|----|-------------------|-------------|-------------------|-------|-----|------------------|
| #0 | albert b . white  | was born    | -                 | in cleveland | - | - |
| #1 | albert b . white  | was married | -                 | to agnes ward white | - | - |
| #2 | albert b . white  | died        | -                 | in parkersburg, west virginia | - | - |
| #3 | william m . o . dawson | succeeded | albert b . white | in office | - | - |
| #4 | william m . o . dawson | was born | -                 | in bloomington, maryland | - | - |","| id | sbj                | pred        | obj_d            | obj_i | sig | adv/cl/comp/sent |
|----|--------------------|-------------|------------------|-------|-----|-----------------|
| #0 | albert b. white    | was born     | -                | in cleveland | - | -               |
| #1 | albert b. white    | was married  | -                | to agnes ward white | - | -               |
| #2 | albert b. white    | died         | -                | in parkersburg, west virginia | - | -               |
| #3 | albert b. white    | was succeeded in office | by william m. o. dawson | - | - | -               |
| #4 | william m. o. dawson | was born   | -                | in bloomington, maryland | - | -               |
| #5 | agnes ward white   | is wife of  | albert b. white  | -     | -   | -               |","| id | sbj               | pred       | obj_d             | obj_i | sig | adv/cl/comp/sent              |
|----|-------------------|------------|-------------------|-------|-----|------------------------------|
| #0 | Albert B. White   | was born    | -                 | in Cleveland | -   | -                            |
| #1 | Albert B. White   | was married | -                 | to Agnes Ward White | -   | -                            |
| #2 | Albert B. White   | died        | -                 | in Parkersburg, West Virginia | -   | -                            |
| #3 | Albert B. White   | was succeeded | -               | in office by William M. O. Dawson | -   | -                            |
| #4 | William M. O. Dawson | was born  | -               | in Bloomington, Maryland | -   | -                            |
| #5 | Agnes Ward White  | is          | Albert B. White's wife | -   | -   | -                            |"
reference0,221,the musician andrew white is part of the kaiser chiefs and is signed to the record label b - unique records and polydor records . he started his musical career in 2003 and was associated with marry banilow .,"| id | sbj | pred | obj_d | obj_i | sig | adv/cl/comp/sent |
| - | - | - | - | - | - | - |
| #0 | Andrew White | is part of | the Kaiser Chiefs | - | - | - |
| #1 | Andrew White | is signed to | the record label B-Unique Records | - | - | - |
| #2 | Andrew White | is signed to | Polydor Records | - | - | - |
| #3 | Andrew White | started | his musical career | - | in | 2003 |
| #4 | Andrew White | was associated with | Marry Banilow | - | - | - |","| id | sbj | pred | obj_d | obj_i | sig | adv/cl/comp/sent |
| - | - | - | - | - | - | - |
| #0 | Andrew White | is part of | the Kaiser Chiefs | - | - | - |
| #1 | Andrew White | is signed to | B-Unique Records | - | and | Polydor Records |
| #2 | Andrew White | started | his musical career | - | in | 2003 |
| #3 | Andrew White | was associated with | Marry Banilow | - | - | - |","# Output
| id | sbj             | pred        | obj_d            | obj_i | sig | adv/cl/comp/sent |
|----|-----------------|-------------|------------------|-------|-----|------------------|
| #0 | andrew white    | is part of  | the kaiser chiefs | -     | -   | -                |
| #1 | andrew white    | is signed to| b - unique records | -     | and | polydor records  |
| #2 | andrew white    | started     | his musical career | -     | in  | 2003             |
| #3 | andrew white    | was associated with | marry banilow | -     | -   | -                |"
reference0,222,"al anderson plays the guitar in the rock music band nrbq . rock music originated from country music , which originated from blues music ; the music bhangra is part of the fusion genre , partly coming from rock music .","| id | sbj | pred | obj_d | obj_i | sig | adv/cl/comp/sent |
| - | - | - | - | - | - | - |
| #0 | Al Anderson | plays | the guitar | in the rock music band NRBQ | - | - |
| #1 | rock music | originated from | country music | - | - | - |
| #2 | country music | originated from | blues music | - | - | - |
| #3 | the music bhangra | is part of | the fusion genre | - | partly coming from | rock music |","| id | sbj | pred | obj_d | obj_i | sig | adv/cl/comp/sent |
| - | - | - | - | - | - | - |
| #0 | Al Anderson | plays | the guitar | in the rock music band NRBQ | - | - |
| #1 | rock music | originated from | country music | - | - | - |
| #2 | country music | originated from | blues music | - | - | - |
| #3 | the music Bhangra | is part of | the fusion genre | - | - | - |
| #4 | the fusion genre | partly comes from | rock music | - | - | - |","| id | sbj | pred | obj_d | obj_i | sig | adv/cl/comp/sent |
| - | - | - | - | - | - | - |
| #0 | al anderson | plays | the guitar | in the rock music band nrbq | - | - |
| #1 | rock music | originated from | country music | - | - | - |
| #2 | country music | originated from | blues music | - | - | - |
| #3 | the music bhangra | is part of | the fusion genre | - | partly coming from | rock music |"
reference0,223,aaron turner is an electric guitar player who has played with the black metal band twilight and with old man gloom . death metal is a musical fusion of black metal .,"| id | sbj | pred | obj_d | obj_i | sig | adv/cl/comp/sent |
|----|-----|------|-------|-------|-----|-----------------|
| #0 | aaron turner | is | an electric guitar player | - | - | - |
| #1 | aaron turner | has played | - | with the black metal band twilight | - | - |
| #2 | aaron turner | has played | - | with old man gloom | - | - |
| #3 | death metal | is | a musical fusion | of black metal | - | - |","| id | sbj | pred | obj_d | obj_i | sig | adv/cl/comp/sent |
|----|-----|------|-------|-------|-----|------------------|
| #0 | aaron turner | is | an electric guitar player | - | - | - |
| #1 | aaron turner | has played | - | with the black metal band twilight | - | - |
| #2 | aaron turner | has played | - | with old man gloom | - | - |
| #3 | death metal | is | a musical fusion | of black metal | - | - |","| id | sbj | pred | obj_d | obj_i | sig | adv/cl/comp/sent |
|----|-----|------|-------|-------|-----|-----------------|
| #0 | aaron turner | is | an electric guitar player | - | - | - |
| #1 | aaron turner | has played | - | with the black metal band twilight | - | - |
| #2 | aaron turner | has played | - | with old man gloom | - | - |
| #3 | death metal | is | a musical fusion | of black metal | - | - |"
reference2,1,antwerp international airport is operated by the flemish government .,"| id | sbj                         | pred     | obj_d | obj_i | sig | adv/cl/comp/sent |
|----|-----------------------------|----------|-------|-------|-----|------------------|
| #0 | Antwerp International Airport | is operated by | -     | the Flemish Government | -   | -                |","# Output
| id | sbj                         | pred     | obj_d | obj_i | sig | adv/cl/comp/sent |
|----|-----------------------------|----------|-------|-------|-----|------------------|
| #0 | antwerp international airport | is operated | -     | by the flemish government | -   | -                |","# Output
| id | sbj | pred | obj_d | obj_i | sig | adv/cl/comp/sent |
| - | - | - | - | - | - | - |
| #0 | Antwerp International Airport | is operated by | - | the Flemish government | - | - |"
reference2,2,the people of denmark are called danes .,"# Output
| id | sbj | pred | obj_d | obj_i | sig | adv/cl/comp/sent |
| - | - | - | - | - | - | - |
| #0 | the people of Denmark | are called | Danes | - | - | - |","# Output
| id | sbj             | pred  | obj_d | obj_i | sig | adv/cl/comp/sent |
|----|-----------------|-------|-------|-------|-----|------------------|
| #0 | the people of Denmark | are called | Danes | -   | -   | -                |","# Output
| id | sbj            | pred | obj_d | obj_i | sig | adv/cl/comp/sent |
|----|----------------|------|-------|-------|-----|------------------|
| #0 | the people of Denmark | are called | Danes | -   | -   | -                |"
reference2,3,the 1986 united states bombing of libya was carried out by the united states air force .,"| id | sbj | pred | obj_d | obj_i | sig | adv/cl/comp/sent |
| - | - | - | - | - | - | - |
| #0 | the 1986 United States bombing of Libya | was carried out | - | by the United States Air Force | - | - |","| id | sbj                  | pred        | obj_d   | obj_i | sig | adv/cl/comp/sent |
|----|----------------------|-------------|---------|-------|-----|------------------|
| #0 | the 1986 United States bombing of Libya | was carried out | -       | by the United States Air Force | -   | -                |","| id | sbj | pred | obj_d | obj_i | sig | adv/cl/comp/sent |
| - | - | - | - | - | - | - |
| #0 | the 1986 United States bombing of Libya | was carried out | - | by the United States Air Force | - | - |"
reference2,4,carroll county maryland is southeast of adams county pennsylvania .,"| id | sbj                   | pred     | obj_d | obj_i | sig | adv/cl/comp/sent |
|----|-----------------------|----------|-------|-------|-----|-----------------|
| #0 | carroll county maryland | is southeast of | adams county pennsylvania | -     | -   | -               |","| id | sbj                    | pred      | obj_d | obj_i | sig        | adv/cl/comp/sent |
|----|------------------------|-----------|-------|-------|------------|------------------|
| #0 | carroll county maryland | is located | -     | -     | southeast of | adams county pennsylvania |","| id | sbj                  | pred      | obj_d | obj_i | sig | adv/cl/comp/sent |
|----|----------------------|-----------|-------|-------|-----|-----------------|
| #0 | carroll county       | is        | -     | -     | southeast of | adams county pennsylvania |"
reference2,5,artur rasizade is the leader of azerbaijan .,"| id | sbj           | pred | obj_d | obj_i | sig | adv/cl/comp/sent |
|----|---------------|------|-------|-------|-----|------------------|
| #0 | artur rasizade | is   | the leader | of azerbaijan | -   | -                |","| id | sbj           | pred     | obj_d | obj_i | sig | adv/cl/comp/sent |
|----|---------------|----------|-------|-------|-----|------------------|
| #0 | artur rasizade | is       | the leader | of azerbaijan | -   | -                |","| id | sbj           | pred  | obj_d | obj_i | sig | adv/cl/comp/sent |
|----|---------------|-------|-------|-------|-----|------------------|
| #0 | artur rasizade | is    | the leader | of azerbaijan | -   | -                |"
reference2,6,the title of the leader of azerbaijan is the prime minister of azerbaijan .,"| id | sbj                         | pred | obj_d                     | obj_i | sig | adv/cl/comp/sent |
|----|-----------------------------|------|---------------------------|-------|-----|-----------------|
| #0 | the leader of Azerbaijan    | has title | the prime minister of Azerbaijan | -     | -   | -               |","| id | sbj | pred | obj_d | obj_i | sig | adv/cl/comp/sent |
|----|-----|------|-------|-------|-----|-----------------|
| #0 | the leader of Azerbaijan | has title | the prime minister of Azerbaijan | - | - | - |","| id | sbj                         | pred | obj_d                     | obj_i | sig | adv/cl/comp/sent |
|----|-----------------------------|------|---------------------------|-------|-----|-----------------|
| #0 | the leader of Azerbaijan    | has title | the prime minister of Azerbaijan | -     | -   | -               |"
reference2,7,the reference number in the national register of historic places for asher and mary isabelle richardson house is 88002539 .,"| id | sbj | pred | obj_d | obj_i | sig | adv/cl/comp/sent |
| - | - | - | - | - | - | - |
| #0 | the reference number | is | 88002539 | for Asher and Mary Isabelle Richardson House | in | the national register of historic places |","| id | sbj | pred | obj_d | obj_i | sig | adv/cl/comp/sent |
| - | - | - | - | - | - | - |
| #0 | the reference number | is | 88002539 | for Asher and Mary Isabelle Richardson House | in | the national register of historic places |","| id | sbj | pred | obj_d | obj_i | sig | adv/cl/comp/sent |
| - | - | - | - | - | - | - |
| #0 | the reference number | is | 88002539 | for Asher and Mary Isabelle Richardson House | in | the national register of historic places |"
reference2,9,new york city was part of new netherland .,"| id | sbj         | pred | obj_d        | obj_i | sig | adv/cl/comp/sent |
|----|-------------|------|--------------|-------|-----|-----------------|
| #0 | new york city | was part of | new netherland | -     | -   | -               |","| id | sbj          | pred | obj_d         | obj_i | sig | adv/cl/comp/sent |
|----|--------------|------|---------------|-------|-----|------------------|
| #0 | new york city | was part of | new netherland | -     | -   | -                |","| id | sbj          | pred | obj_d      | obj_i | sig | adv/cl/comp/sent |
|----|--------------|------|------------|-------|-----|------------------|
| #0 | new york city | was part of | new netherland | -     | -   | -                |"
reference2,11,the academic discipline of the american journal of mathematics is mathematics .,"| id | sbj | pred | obj_d | obj_i | sig | adv/cl/comp/sent |
| - | - | - | - | - | - | - |
| #0 | the american journal of mathematics | has academic discipline | mathematics | - | - | - |","| id | sbj | pred | obj_d | obj_i | sig | adv/cl/comp/sent |
| - | - | - | - | - | - | - |
| #0 | the american journal of mathematics | has academic discipline | mathematics | - | - | - |","| id | sbj | pred | obj_d | obj_i | sig | adv/cl/comp/sent |
| - | - | - | - | - | - | - |
| #0 | the american journal of mathematics | has academic discipline | mathematics | - | - | - |"
reference2,12,the us includes many asian americans .,"| id | sbj | pred | obj_d | obj_i | sig | adv/cl/comp/sent |
| - | - | - | - | - | - | - |
| #0 | the US | includes | many Asian Americans | - | - | - |","| id | sbj | pred | obj_d | obj_i | sig | adv/cl/comp/sent |
|----|-----|------|-------|-------|-----|-----------------|
| #0 | the US | includes | many Asian Americans | - | - | - |","| id | sbj | pred | obj_d | obj_i | sig | adv/cl/comp/sent |
| - | - | - | - | - | - | - |
| #0 | the US | includes | many Asian Americans | - | - | - |"
reference2,13,a . d . isidro metapan play in the salvadoran primera division .,"| id | sbj             | pred | obj_d                            | obj_i | sig | adv/cl/comp/sent |
|----|-----------------|------|----------------------------------|-------|-----|------------------|
| #0 | a . d . isidro metapan | play | - | in the Salvadoran Primera Division | -   | -                |","| id | sbj              | pred | obj_d                         | obj_i | sig | adv/cl/comp/sent |
|----|------------------|------|-------------------------------|-------|-----|------------------|
| #0 | a . d . isidro metapan | play | - | in the Salvadoran Primera Division | -   | -                |","| id | sbj             | pred | obj_d                          | obj_i | sig | adv/cl/comp/sent |
|----|-----------------|------|--------------------------------|-------|-----|------------------|
| #0 | a . d . isidro metapan | play | - | in the salvadoran primera division | -   | -                |"
reference2,17,"mahe in india , is to the northwest of kerala .","| id | sbj | pred | obj_d | obj_i | sig | adv/cl/comp/sent |
|----|-----|------|-------|-------|-----|-----------------|
| #0 | Mahe | is located | - | in India | - | - |
| #1 | Mahe | is | - | to the northwest of Kerala | - | - |","| id | sbj  | pred        | obj_d | obj_i | sig | adv/cl/comp/sent |
|----|------|-------------|-------|-------|-----|------------------|
| #0 | mahe | is located  | -     | in india | -   | -                |
| #1 | mahe | is to the northwest | -     | of kerala | -   | -                |","| id | sbj  | pred        | obj_d | obj_i | sig | adv/cl/comp/sent |
|----|------|-------------|-------|-------|-----|------------------|
| #0 | mahe | is located  | -     | in india | - | -                |
| #1 | mahe | is to the northwest | -     | of kerala | - | -                |"
reference2,19,buzz aldrin was selected to work for nasa in 1963 .,"| id | sbj        | pred     | obj_d | obj_i | sig | adv/cl/comp/sent    |
|----|------------|----------|-------|-------|-----|---------------------|
| #0 | buzz aldrin | was selected | -     | to work for NASA | in  | 1963                  |","| id | sbj       | pred     | obj_d | obj_i | sig | adv/cl/comp/sent   |
|----|-----------|----------|-------|-------|-----|--------------------|
| #0 | buzz aldrin | was selected | -     | to work for nasa | in  | 1963                  |","| id | sbj        | pred     | obj_d | obj_i | sig | adv/cl/comp/sent     |
|----|------------|----------|-------|-------|-----|----------------------|
| #0 | buzz aldrin | was selected | -     | to work for nasa | in  | 1963                 |"
reference2,20,benitoite is a gemstone from california .,"| id | sbj      | pred | obj_d    | obj_i | sig | adv/cl/comp/sent |
|----|----------|------|----------|-------|-----|------------------|
| #0 | benitoite | is   | a gemstone | from California | -   | -                |","| id | sbj      | pred | obj_d    | obj_i | sig | adv/cl/comp/sent |
|----|----------|------|----------|-------|-----|------------------|
| #0 | benitoite | is   | a gemstone | from California | -   | -                |","| id | sbj      | pred  | obj_d    | obj_i | sig | adv/cl/comp/sent |
|----|----------|-------|----------|-------|-----|-----------------|
| #0 | benitoite | is    | a gemstone | -     | from | california      |"
reference2,21,"elliot see died on february 28 , 1966 .","| id | sbj     | pred | obj_d | obj_i | sig | adv/cl/comp/sent    |
|----|---------|------|-------|-------|-----|---------------------|
| #0 | elliot see | died | -     | -     | on  | february 28, 1966   |","| id | sbj     | pred | obj_d | obj_i | sig | adv/cl/comp/sent  |
|----|---------|------|-------|-------|-----|-------------------|
| #0 | elliot see | died | -     | -     | on  | february 28, 1966 |","| id | sbj    | pred | obj_d | obj_i | sig | adv/cl/comp/sent |
|----|--------|------|-------|-------|-----|------------------|
| #0 | elliot see | died | -     | -     | on  | february 28, 1966 |"
reference2,23,bibbo bibbowski was created by jerry ordway .,"| id | sbj             | pred     | obj_d | obj_i | sig | adv/cl/comp/sent |
|----|-----------------|----------|-------|-------|-----|------------------|
| #0 | bibbo bibbowski | was created | -     | by jerry ordway | -   | -                |","| id | sbj           | pred     | obj_d | obj_i | sig | adv/cl/comp/sent |
|----|---------------|----------|-------|-------|-----|------------------|
| #0 | bibbo bibbowski | was created | -     | by jerry ordway | -   | -                |","| id | sbj             | pred     | obj_d  | obj_i | sig | adv/cl/comp/sent |
|----|-----------------|----------|--------|-------|-----|------------------|
| #0 | bibbo bibbowski | was created | -      | by jerry ordway | -   | -                |"
reference2,25,antioch is part of contra costa county in california .,"| id | sbj    | pred        | obj_d                  | obj_i | sig | adv/cl/comp/sent |
|----|--------|-------------|------------------------|-------|-----|-----------------|
| #0 | antioch| is part of  | contra costa county    | in    | california |","| id | sbj     | pred   | obj_d                      | obj_i | sig | adv/cl/comp/sent |
|----|---------|--------|----------------------------|-------|-----|-----------------|
| #0 | antioch | is part of | contra costa county | in california | -   | -               |","| id | sbj    | pred | obj_d                 | obj_i | sig | adv/cl/comp/sent |
|----|--------|------|-----------------------|-------|-----|-----------------|
| #0 | antioch | is part of | contra costa county | in california | -   | -               |"
reference2,27,the united states house of representatives is located at the united states capitol .,"| id | sbj | pred | obj_d | obj_i | sig | adv/cl/comp/sent |
| - | - | - | - | - | - | - |
| #0 | the united states house of representatives | is located | - | at the united states capitol | - | - |","| id | sbj | pred | obj_d | obj_i | sig | adv/cl/comp/sent |
| - | - | - | - | - | - | - |
| #0 | the united states house of representatives | is located | - | at the united states capitol | - | - |","| id | sbj | pred | obj_d | obj_i | sig | adv/cl/comp/sent |
| - | - | - | - | - | - | - |
| #0 | the United States House of Representatives | is located | - | at the United States Capitol | - | - |"
reference2,28,batagor is a variation of shumai .,"| id | sbj    | pred | obj_d       | obj_i | sig | adv/cl/comp/sent |
|----|--------|------|-------------|-------|-----|------------------|
| #0 | batagor| is   | a variation | of shumai | -   | -                |","| id | sbj     | pred | obj_d         | obj_i | sig | adv/cl/comp/sent |
|----|---------|------|---------------|-------|-----|-----------------|
| #0 | batagor | is   | a variation   | of    | -   | shumai          |","| id | sbj    | pred | obj_d    | obj_i | sig | adv/cl/comp/sent |
|----|--------|------|----------|-------|-----|------------------|
| #0 | batagor| is   | a variation | of shumai | -   | -                |"
reference2,36,albany oregon is part of the united states where washington d . c . is the capital .,"| id | sbj | pred | obj_d | obj_i | sig | adv/cl/comp/sent |
|----|-----|------|-------|-------|-----|-----------------|
| #0 | Albany Oregon | is part of | the United States | - | where | #1 |
| #1 | Washington D.C. | is | the capital | of the United States | - | - |","| id | sbj | pred | obj_d | obj_i | sig | adv/cl/comp/sent |
|----|-----|------|-------|-------|-----|-----------------|
| #0 | Albany Oregon | is part of | the United States | - | - | - |
| #1 | Washington D.C. | is | the capital | of the United States | where | Albany Oregon is part of the United States |","| id | sbj             | pred      | obj_d             | obj_i | sig  | adv/cl/comp/sent |
|----|-----------------|-----------|-------------------|-------|------|------------------|
| #0 | Albany Oregon   | is part of| the United States |       | where| #1               |
| #1 | Washington D.C. | is        | the capital        |       |      |                  |"
reference2,37,ayam penyet is a dish from malaysia and indonesia .,"| id | sbj         | pred  | obj_d      | obj_i | sig | adv/cl/comp/sent |
|----|-------------|-------|------------|-------|-----|------------------|
| #0 | ayam penyet | is    | a dish     | -     | from | malaysia and indonesia |","| id | sbj         | pred     | obj_d     | obj_i | sig | adv/cl/comp/sent |
|----|-------------|----------|-----------|-------|-----|------------------|
| #0 | ayam penyet | is       | a dish    | -     | from | malaysia and indonesia |","| id | sbj          | pred | obj_d      | obj_i | sig | adv/cl/comp/sent |
|----|--------------|------|------------|-------|-----|------------------|
| #0 | ayam penyet  | is   | a dish     | from Malaysia and Indonesia | -   | -                |"
reference2,38,"france ' s baked alaska includes the ingredient , sponge cake .","# Output
| id | sbj   | pred      | obj_d       | obj_i | sig | adv/cl/comp/sent |
|----|-------|-----------|-------------|-------|-----|------------------|
| #0 | France's Baked Alaska | includes | sponge cake | as an ingredient | -   | -                |","# Output
| id | sbj   | pred      | obj_d       | obj_i | sig | adv/cl/comp/sent |
|----|-------|-----------|-------------|-------|-----|-----------------|
| #0 | france | includes | sponge cake | in baked alaska | -   | -               |","# Output
| id | sbj  | pred        | obj_d       | obj_i | sig | adv/cl/comp/sent |
|----|------|-------------|-------------|-------|-----|------------------|
| #0 | france ' s baked alaska | includes | sponge cake | -     | -   | -                |"
reference2,39,"beef kway teow is a dish commonly found in singapore and indonesia and the main ingredients are kway teow , beef tender loin , gula melaka , sliced , dried black beans , garlic , dark soy sauce , lengkuas , oyster sauce , soya sauce , chilli and sesame oil .","# Output
| id | sbj | pred | obj_d | obj_i | sig | adv/cl/comp/sent |
| - | - | - | - | - | - | - |
| #0 | beef kway teow | is | a dish | - | - | - |
| #1 | beef kway teow | is found | - | in Singapore and Indonesia | - | - |
| #2 | beef kway teow | has main ingredients | kway teow, beef tenderloin, gula melaka, dried black beans, garlic, dark soy sauce, lengkuas, oyster sauce, soya sauce, chilli, sesame oil | - | - | - |
| #3 | beef kway teow | has ingredient | beef tenderloin | - | - | - |
| #4 | beef kway teow | has ingredient | gula melaka | - | - | - |
| #5 | beef kway teow | has ingredient | dried black beans | - | - | - |
| #6 | beef kway teow | has ingredient | garlic | - | - | - |
| #7 | beef kway teow | has ingredient | dark soy sauce | - | - | - |
| #8 | beef kway teow | has ingredient | lengkuas | - | - | - |
| #9 | beef kway teow | has ingredient | oyster sauce | - | - | - |
| #10 | beef kway teow | has ingredient | soya sauce | - | - | - |
| #11 | beef kway teow | has ingredient | chilli | - | - | - |
| #12 | beef kway teow | has ingredient | sesame oil | - | - | - |
| #13 | beef kway teow | has sliced ingredient | gula melaka | - | - | - |
| #14 | beef tenderloin | is sliced | - | - | - | - |","# Output
| id | sbj | pred | obj_d | obj_i | sig | adv/cl/comp/sent |
| - | - | - | - | - | - | - |
| #0 | beef kway teow | is | a dish | - | - | - |
| #1 | beef kway teow | is found | - | in Singapore and Indonesia | commonly | - |
| #2 | beef kway teow | has main ingredients | kway teow, beef tenderloin, gula melaka, dried black beans, garlic, dark soy sauce, lengkuas, oyster sauce, soya sauce, chilli, sesame oil | - | - | - |
| #3 | beef tenderloin | is | sliced | - | - | - |","# Output
| id | sbj | pred | obj_d | obj_i | sig | adv/cl/comp/sent |
| - | - | - | - | - | - | - |
| #0 | beef kway teow | is | a dish | - | - | - |
| #1 | beef kway teow | is found | - | in Singapore and Indonesia | commonly | - |
| #2 | beef kway teow | has main ingredients | kway teow, beef tenderloin, gula melaka, sliced dried black beans, garlic, dark soy sauce, lengkuas, oyster sauce, soya sauce, chilli, sesame oil | - | - | - |"
reference2,40,pakistan is home to the allama iqbal international airport and is led by anwar zaheer jamali .,"# Output
| id | sbj      | pred       | obj_d                            | obj_i | sig | adv/cl/comp/sent |
|----|----------|------------|----------------------------------|-------|-----|------------------|
| #0 | Pakistan | is home to | the Allama Iqbal International Airport | -     | -   | -                |
| #1 | Pakistan | is led by  | Anwar Zaheer Jamali              | -     | -   | -                |","# Output
| id | sbj     | pred | obj_d                                 | obj_i | sig | adv/cl/comp/sent |
|----|---------|------|---------------------------------------|-------|-----|------------------|
| #0 | Pakistan | is home to | Allama Iqbal International Airport | -     | -   | -                |
| #1 | Pakistan | is led by | Anwar Zaheer Jamali                | -     | -   | -                |","| id | sbj      | pred     | obj_d                                | obj_i | sig | adv/cl/comp/sent |
|----|----------|----------|--------------------------------------|-------|-----|------------------|
| #0 | Pakistan | is home   | to the Allama Iqbal International Airport | -     | -   | -                |
| #1 | Pakistan | is led by | Anwar Zaheer Jamali                  | -     | -   | -                |"
reference2,41,angola international airport serves luanda and its runway is 3800 long .,"| id | sbj                      | pred   | obj_d   | obj_i | sig | adv/cl/comp/sent            |
|----|--------------------------|--------|---------|-------|-----|-----------------------------|
| #0 | angola international airport | serves | -       | luanda | -   | -                           |
| #1 | its runway               | is     | 3800 long | -     | -   | -                           |
| #2 | angola international airport | has     | a runway | -     | -   | -                           |","| id | sbj                       | pred   | obj_d  | obj_i | sig | adv/cl/comp/sent        |
|----|---------------------------|--------|--------|-------|-----|-------------------------|
| #0 | angola international airport | serves | -      | luanda | -   | -                       |
| #1 | angola international airport | has     | runway | -     | -   | which is 3800 long      |
| #2 | runway                    | is      | 3800 long | -     | -   | -                       |","| id | sbj                        | pred   | obj_d  | obj_i | sig | adv/cl/comp/sent         |
|----|----------------------------|--------|--------|-------|-----|--------------------------|
| #0 | angola international airport | serves | -      | luanda | -   | -                        |
| #1 | angola international airport | has     | runway | -     | -   | which is 3800 long       |
| #2 | runway                     | is     | 3800 long | -     | -   | -                        |"
reference2,42,"atlantic city international airport is located at egg harbor township , new jersey , in the united states .","| id | sbj                                  | pred   | obj_d | obj_i | sig | adv/cl/comp/sent                  |
|----|--------------------------------------|--------|-------|-------|-----|-----------------------------------|
| #0 | atlantic city international airport  | is located | -     | at   | in  | egg harbor township, new jersey, in the united states |","| id | sbj                                  | pred   | obj_d | obj_i | sig | adv/cl/comp/sent                    |
|----|--------------------------------------|--------|-------|-------|-----|-------------------------------------|
| #0 | Atlantic City International Airport  | is located | -     | at   | in  | Egg Harbor Township, New Jersey, in the United States |","| id | sbj                                  | pred   | obj_d | obj_i | sig | adv/cl/comp/sent                     |
|----|--------------------------------------|--------|-------|-------|-----|--------------------------------------|
| #0 | atlantic city international airport  | is located | -     | at   | in  | egg harbor township, new jersey, in the united states |"
reference2,44,"the manager of a . c . chievo verona is rolando maran , who was born in italy .","| id | sbj | pred | obj_d | obj_i | sig | adv/cl/comp/sent |
|----|-----|------|-------|-------|-----|-----------------|
| #0 | the manager of A.C. Chievo Verona | is | Rolando Maran | - | - | - |
| #1 | Rolando Maran | was born | - | in Italy | - | - |
| #2 | A.C. Chievo Verona | has manager | Rolando Maran | - | - | - |","| id | sbj | pred | obj_d | obj_i | sig | adv/cl/comp/sent |
| - | - | - | - | - | - | - |
| #0 | the manager of A.C. Chievo Verona | is | Rolando Maran | - | - | - |
| #1 | Rolando Maran | was born | - | in Italy | - | - |
| #2 | A.C. Chievo Verona | has manager | Rolando Maran | - | - | - |","# Output
| id | sbj | pred | obj_d | obj_i | sig | adv/cl/comp/sent |
| - | - | - | - | - | - | - |
| #0 | Rolando Maran | is | the manager | of A.C. Chievo Verona | - | - |
| #1 | Rolando Maran | was born | - | in Italy | - | - |
| #2 | A.C. Chievo Verona | has | manager | Rolando Maran | - | - |"
reference2,45,"azal pfk play their home matches at the azal arena in shuvalan , baku , azerbaijan .","| id | sbj       | pred            | obj_d         | obj_i | sig | adv/cl/comp/sent                |
|----|-----------|-----------------|---------------|-------|-----|---------------------------------|
| #0 | azal pfk  | play            | home matches  | at the azal arena | in | Shuvalan, Baku, Azerbaijan |","| id | sbj       | pred            | obj_d         | obj_i | sig | adv/cl/comp/sent                  |
|----|-----------|-----------------|---------------|-------|-----|-----------------------------------|
| #0 | azal pfk  | play            | home matches  | at the azal arena | in  | Shuvalan, Baku, Azerbaijan |","| id | sbj       | pred        | obj_d         | obj_i | sig | adv/cl/comp/sent             |
|----|-----------|-------------|---------------|-------|-----|------------------------------|
| #0 | azal pfk  | play        | home matches  | at the azal arena | in | Shuvalan, Baku, Azerbaijan |"
reference2,46,"' 1634 : the bavarian crisis ' , which was written by eric flint , is the sequel to the grantville gazettes .","| id | sbj | pred | obj_d | obj_i | sig | adv/cl/comp/sent |
| - | - | - | - | - | - | - |
| #0 | '1634: The Bavarian Crisis' | was written by | Eric Flint | - | - | - |
| #1 | '1634: The Bavarian Crisis' | is | the sequel | to the Grantville Gazettes | - | - |","| id | sbj | pred | obj_d | obj_i | sig | adv/cl/comp/sent |
| - | - | - | - | - | - | - |
| #0 | '1634: The Bavarian Crisis' | was written by | Eric Flint | - | - | - |
| #1 | '1634: The Bavarian Crisis' | is | the sequel | to the Grantville Gazettes | - | - |","| id | sbj | pred | obj_d | obj_i | sig | adv/cl/comp/sent |
| - | - | - | - | - | - | - |
| #0 | ' 1634 : the bavarian crisis ' | was written by | Eric Flint | - | - | - |
| #1 | ' 1634 : the bavarian crisis ' | is | the sequel | to the Grantville Gazettes | - | - |"
reference2,50,acharya institute of technology is affiliated with the visvesvaraya technological university in belgaum .,"| id | sbj                          | pred       | obj_d | obj_i | sig | adv/cl/comp/sent               |
|----|------------------------------|------------|-------|-------|-----|--------------------------------|
| #0 | Acharya Institute of Technology | is affiliated | -     | with the Visvesvaraya Technological University | in | Belgaum |","# Output
| id | sbj                         | pred       | obj_d | obj_i | sig | adv/cl/comp/sent                  |
|----|-----------------------------|------------|-------|-------|-----|-----------------------------------|
| #0 | acharya institute of technology | is affiliated | -     | with the visvesvaraya technological university | in | belgaum |","# Output
| id | sbj | pred | obj_d | obj_i | sig | adv/cl/comp/sent |
| - | - | - | - | - | - | - |
| #0 | acharya institute of technology | is affiliated with | the visvesvaraya technological university | in belgaum | - | - |"
reference2,52,graeme garden stars in bananaman which is broadcasted by stv .,"# Output
| id | sbj          | pred     | obj_d     | obj_i | sig | adv/cl/comp/sent |
|----|--------------|----------|-----------|-------|-----|------------------|
| #0 | graeme garden | stars in | bananaman | -     | -   | -                |
| #1 | bananaman     | is broadcasted | -  | by stv | -   | -                |","# Output
| id | sbj         | pred        | obj_d      | obj_i | sig | adv/cl/comp/sent |
|----|-------------|-------------|------------|-------|-----|------------------|
| #0 | graeme garden | stars in    | bananaman  | -     | -   | -                |
| #1 | bananaman    | is broadcasted by | stv      | -     | -   | -                |","# Output
| id | sbj          | pred      | obj_d     | obj_i | sig | adv/cl/comp/sent |
|----|--------------|-----------|-----------|-------|-----|------------------|
| #0 | graeme garden | stars     | in bananaman | -     | -   | -                |
| #1 | bananaman     | is broadcasted | -         | by stv | -   | -                |"
reference2,53,"baymax , a character in big hero 6 , was created by steven . t seagle .","| id | sbj      | pred    | obj_d   | obj_i | sig | adv/cl/comp/sent |
|----|----------|---------|---------|-------|-----|------------------|
| #0 | baymax   | was created | -       | by steven . t seagle | -   | -                |
| #1 | baymax   | is a character | -       | in big hero 6 | -   | -                |","| id | sbj       | pred      | obj_d          | obj_i | sig | adv/cl/comp/sent |
|----|-----------|-----------|----------------|-------|-----|-----------------|
| #0 | baymax    | was created | -              | by steven . t seagle | -   | -               |
| #1 | baymax    | is a character | -            | in big hero 6 | -   | -               |
| #2 | steven . t seagle | created | baymax      | -     | -   | -               |","| id | sbj       | pred       | obj_d    | obj_i | sig | adv/cl/comp/sent |
|----|-----------|------------|----------|-------|-----|-----------------|
| #0 | baymax    | was created | -        | by steven . t seagle | -   | -               |
| #1 | baymax    | is         | a character | in big hero 6 | -   | -               |
| #2 | steven . t seagle | created    | baymax   | -     | -   | -               |"
reference2,56,william anders was a crew member on apollo 8 and was born in british hong kong .,"| id | sbj           | pred          | obj_d | obj_i | sig | adv/cl/comp/sent |
|----|---------------|---------------|-------|-------|-----|------------------|
| #0 | william anders | was           | a crew member | on apollo 8 | - | - |
| #1 | william anders | was born      | -     | in british hong kong | - | - |","| id | sbj           | pred        | obj_d  | obj_i | sig | adv/cl/comp/sent |
|----|---------------|-------------|--------|-------|-----|------------------|
| #0 | william anders | was         | a crew member | on apollo 8 | - | - |
| #1 | william anders | was born    | -      | in british hong kong | - | - |","| id | sbj           | pred        | obj_d        | obj_i | sig | adv/cl/comp/sent |
|----|---------------|-------------|--------------|-------|-----|------------------|
| #0 | william anders | was a crew member | on apollo 8 | -     | -   | -                |
| #1 | william anders | was born   | -            | in british hong kong | -   | -                |"
reference2,57,"william anders has since retired , but in 1962 he received a m . s . from his alma mater , afit .","| id | sbj          | pred       | obj_d | obj_i | sig | adv/cl/comp/sent |
|----|--------------|------------|-------|-------|-----|------------------|
| #0 | william anders | has retired | -     | -     | since | -                |
| #1 | william anders | received   | a m.s. | from his alma mater, afit | in  | 1962               |","| id | sbj          | pred       | obj_d | obj_i | sig | adv/cl/comp/sent |
|----|--------------|------------|-------|-------|-----|------------------|
| #0 | william anders | has retired | -     | -     | since | -                |
| #1 | william anders | received   | a m.s. | from his alma mater, afit | in  | 1962               |","| id | sbj          | pred     | obj_d | obj_i | sig | adv/cl/comp/sent |
|----|--------------|----------|-------|-------|-----|------------------|
| #0 | william anders | has since retired | -     | -     | -   | -                |
| #1 | william anders | received | a m.s.  | from his alma mater, afit | in  | 1962               |"
reference2,58,108 st georges terrace has a floor count of 50 and was completed in 1988 .,"| id | sbj                  | pred        | obj_d | obj_i | sig | adv/cl/comp/sent       |
|----|----------------------|-------------|-------|-------|-----|------------------------|
| #0 | 108 St Georges Terrace | has         | a floor count of 50 | -     | -   | -                      |
| #1 | 108 St Georges Terrace | was completed | -     | -     | in  | 1988                   |","# Output
| id | sbj                  | pred        | obj_d  | obj_i | sig | adv/cl/comp/sent |
|----|----------------------|-------------|--------|-------|-----|------------------|
| #0 | 108 St Georges Terrace | has         | a floor count of 50 | -     | -   | -                |
| #1 | 108 St Georges Terrace | was completed | -      | in   | 1988 | -                |","# Output
| id | sbj                  | pred        | obj_d | obj_i | sig | adv/cl/comp/sent      |
|----|----------------------|-------------|-------|-------|-----|-----------------------|
| #0 | 108 St Georges Terrace | has         | a floor count of 50 | -     | -   | -                     |
| #1 | 108 St Georges Terrace | was completed | -     | -     | in  | 1988                  |"
reference2,59,marriott international is the tenant of ac hotel bella sky which is located in copenhagen .,"| id | sbj                  | pred     | obj_d               | obj_i | sig   | adv/cl/comp/sent    |
|----|----------------------|----------|---------------------|-------|-------|---------------------|
| #0 | marriott international | is       | the tenant          | of ac hotel bella sky | -     | -                   |
| #1 | ac hotel bella sky   | is located | -                   | in    | copenhagen | -                   |","| id | sbj                    | pred      | obj_d               | obj_i | sig    | adv/cl/comp/sent |
|----|------------------------|-----------|---------------------|-------|--------|------------------|
| #0 | marriott international | is        | the tenant          | of ac hotel bella sky | -      | -                |
| #1 | ac hotel bella sky     | is located| -                   | in copenhagen | -      | -                |","| id | sbj                      | pred     | obj_d                | obj_i | sig    | adv/cl/comp/sent |
|----|--------------------------|----------|----------------------|-------|--------|------------------|
| #0 | marriott international   | is       | the tenant           | of ac hotel bella sky | -      | -                |
| #1 | ac hotel bella sky       | is located | -                  | in copenhagen | -      | -                |"
reference2,60,"the 3arena is located in dublin , which is part of the republic of ireland .","# Output
| id | sbj      | pred     | obj_d | obj_i | sig  | adv/cl/comp/sent        |
|----|----------|----------|-------|-------|------|-------------------------|
| #0 | 3arena   | is located | -     | in Dublin | -    | -                       |
| #1 | Dublin   | is part of | the Republic of Ireland | -    | -    | -                       |
| #2 | Dublin   | is located | -     | in the Republic of Ireland | which | #1                       |","# Output
| id | sbj      | pred    | obj_d | obj_i | sig  | adv/cl/comp/sent |
|----|----------|---------|-------|-------|------|------------------|
| #0 | 3arena   | is located | -     | in Dublin | -    | -                |
| #1 | Dublin   | is part of | the Republic of Ireland | -    | -    | -                |","# Output
| id | sbj     | pred     | obj_d | obj_i | sig  | adv/cl/comp/sent      |
|----|---------|----------|-------|-------|------|-----------------------|
| #0 | 3arena  | is located | -     | in Dublin | -    | -                     |
| #1 | Dublin  | is part of | the Republic of Ireland | -    | -                     |"
reference2,61,"elliot see , a united states national born in dallas , attended the university of texas at austin .","| id | sbj          | pred     | obj_d                            | obj_i | sig | adv/cl/comp/sent        |
|----|--------------|----------|----------------------------------|-------|-----|------------------------|
| #0 | elliot see   | was born | -                                | in    | -   | dallas                  |
| #1 | elliot see   | is       | a united states national         | -     | -   | -                       |
| #2 | elliot see   | attended | the university of texas at austin| -     | -   | -                       |
| #3 | the university of texas at austin | is located | -        | in    | at  | austin                  |","| id | sbj         | pred     | obj_d                            | obj_i | sig | adv/cl/comp/sent          |
|----|-------------|----------|----------------------------------|-------|-----|---------------------------|
| #0 | elliot see  | was born | -                                | in    | -   | dallas                    |
| #1 | elliot see  | is       | a united states national         | -     | -   | -                         |
| #2 | elliot see  | attended | the university of texas at austin| -     | -   | -                         |","| id | sbj        | pred      | obj_d                           | obj_i | sig | adv/cl/comp/sent |
|----|------------|-----------|---------------------------------|-------|-----|-----------------|
| #0 | elliot see | was born  | -                               | in    | -   | dallas          |
| #1 | elliot see | is        | a United States national        | -     | -   | -               |
| #2 | elliot see | attended  | the University of Texas at Austin | -   | -   | -               |"
reference2,62,elliot see was a student at university of texas at austin and died in st . louis led by francis g . slay .,"| id | sbj | pred | obj_d | obj_i | sig | adv/cl/comp/sent |
| - | - | - | - | - | - | - |
| #0 | elliot see | was | a student | at university of texas at austin | - | - |
| #1 | elliot see | died | - | in st. louis | led by | francis g. slay |","| id | sbj | pred | obj_d | obj_i | sig | adv/cl/comp/sent |
| - | - | - | - | - | - | - |
| #0 | elliot see | was a student | - | at university of texas at austin | - | - |
| #1 | elliot see | died | - | in st. louis | led by | francis g. slay |","| id | sbj | pred | obj_d | obj_i | sig | adv/cl/comp/sent |
| - | - | - | - | - | - | - |
| #0 | elliot see | was | a student | at university of texas at austin | - | - |
| #1 | elliot see | died | - | in st. louis | led by | francis g. slay |"
reference2,65,"above the veil , written by garth nix , is 248 pages long and available in hardcover .","| id | sbj | pred | obj_d | obj_i | sig | adv/cl/comp/sent |
|----|-----|------|-------|-------|-----|-----------------|
| #0 | above the veil | is written by | Garth Nix | - | - | - |
| #1 | above the veil | is | 248 pages long | - | - | - |
| #2 | above the veil | is available | - | in hardcover | - | - |","| id | sbj | pred | obj_d | obj_i | sig | adv/cl/comp/sent |
|----|-----|------|-------|-------|-----|-----------------|
| #0 | above the veil | is written by | garth nix | - | - | - |
| #1 | above the veil | is | 248 pages long | - | - | - |
| #2 | above the veil | is available | - | in hardcover | - | - |","| id | sbj | pred | obj_d | obj_i | sig | adv/cl/comp/sent |
|----|-----|------|-------|-------|-----|-----------------|
| #0 | above the veil | is written by | Garth Nix | - | - | - |
| #1 | above the veil | is | 248 pages long | - | - | - |
| #2 | above the veil | is available | - | in hardcover | - | - |"
reference2,66,aenir and the sequel above the veil were written in english by garth nix .,"# Output
| id | sbj  | pred    | obj_d                | obj_i | sig | adv/cl/comp/sent |
|----|------|---------|----------------------|-------|-----|------------------|
| #0 | aenir | was written | -                  | in English | by  | garth nix         |
| #1 | the sequel above the veil | was written | - | in English | by  | garth nix         |","# Output
| id | sbj      | pred   | obj_d             | obj_i | sig | adv/cl/comp/sent |
|----|----------|--------|-------------------|-------|-----|------------------|
| #0 | aenir    | was written | -               | in English | by  | garth nix       |
| #1 | the sequel above the veil | was written | - | in English | by  | garth nix       |","# Output
| id | sbj | pred | obj_d | obj_i | sig | adv/cl/comp/sent |
| - | - | - | - | - | - | - |
| #0 | aenir | was written | - | in English | by | Garth Nix |
| #1 | the sequel above the veil | was written | - | in English | by | Garth Nix |"
reference2,67,the fullname of a . c . lumezzane is associazione calcio lumezzane spa . it is in the lega pro / a league and has 4150 members .,"| id | sbj | pred | obj_d | obj_i | sig | adv/cl/comp/sent |
| - | - | - | - | - | - | - |
| #0 | Associazione Calcio Lumezzane SPA | is full name of | A.C. Lumezzane | - | - | - |
| #1 | Associazione Calcio Lumezzane SPA | is in | the Lega Pro/A league | - | - | - |
| #2 | Associazione Calcio Lumezzane SPA | has | 4150 members | - | - | - |","| id | sbj | pred | obj_d | obj_i | sig | adv/cl/comp/sent |
| - | - | - | - | - | - | - |
| #0 | Associazione Calcio Lumezzane SPA | is full name of | A.C. Lumezzane | - | - | - |
| #1 | Associazione Calcio Lumezzane SPA | is in | - | the Lega Pro/A league | - | - |
| #2 | Associazione Calcio Lumezzane SPA | has | 4150 members | - | - | - |","# Output
| id | sbj | pred | obj_d | obj_i | sig | adv/cl/comp/sent |
| - | - | - | - | - | - | - |
| #0 | Associazione Calcio Lumezzane SPA | is | - | in the Lega Pro/A league | - | - |
| #1 | Associazione Calcio Lumezzane SPA | has | 4150 members | - | - | - |
| #2 | A. C. Lumezzane | has fullname | Associazione Calcio Lumezzane SPA | - | - | - |"
reference2,69,the manager of az alkmaar is john van den brom who is in the jong ajax club and plays for istanbulspor a . s .,"| id | sbj | pred | obj_d | obj_i | sig | adv/cl/comp/sent |
| - | - | - | - | - | - | - |
| #0 | the manager of az alkmaar | is | John van den Brom | - | - | - |
| #1 | John van den Brom | is in | the jong ajax club | - | - | - |
| #2 | John van den Brom | plays for | Istanbulspor A.S. | - | - | - |
| #3 | az alkmaar | has manager | John van den Brom | - | - | - |","| id | sbj | pred | obj_d | obj_i | sig | adv/cl/comp/sent |
| - | - | - | - | - | - | - |
| #0 | the manager of az alkmaar | is | John van den Brom | - | - | - |
| #1 | John van den Brom | is in | the Jong Ajax club | - | - | - |
| #2 | John van den Brom | plays for | Istanbulspor A.S. | - | - | - |
| #3 | az alkmaar | has manager | John van den Brom | - | - | - |","| id | sbj | pred | obj_d | obj_i | sig | adv/cl/comp/sent |
| - | - | - | - | - | - | - |
| #0 | the manager of az alkmaar | is | John van den Brom | - | - | - |
| #1 | John van den Brom | is in | the Jong Ajax club | - | - | - |
| #2 | John van den Brom | plays for | Istanbulspor A.S. | - | - | - |
| #3 | az alkmaar | has manager | John van den Brom | - | - | - |"
reference2,71,"julia morgan , born in san francisco , designed the significant riverside art museum and the asilomar conference grounds .","| id | sbj         | pred     | obj_d                        | obj_i | sig | adv/cl/comp/sent |
|----|-------------|----------|------------------------------|-------|-----|-----------------|
| #0 | julia morgan | was born | -                            | in san francisco | -   | -               |
| #1 | julia morgan | designed | the significant riverside art museum | -     | -   | -               |
| #2 | julia morgan | designed | the asilomar conference grounds      | -     | -   | -               |","| id | sbj         | pred    | obj_d                        | obj_i | sig | adv/cl/comp/sent       |
|----|-------------|---------|------------------------------|-------|-----|-----------------------|
| #0 | julia morgan | was born | -                            | in    | -   | san francisco         |
| #1 | julia morgan | designed | the significant riverside art museum | -   | -   | -                     |
| #2 | julia morgan | designed | the asilomar conference grounds      | -   | -   | -                     |","| id | sbj         | pred     | obj_d                     | obj_i | sig | adv/cl/comp/sent       |
|----|-------------|----------|---------------------------|-------|-----|-----------------------|
| #0 | julia morgan | was born | -                         | in    | -   | san francisco         |
| #1 | julia morgan | designed | the significant riverside art museum | -     | -   | -                     |
| #2 | julia morgan | designed | the asilomar conference grounds      | -     | -   | -                     |"
reference2,72,asser levy public baths located in new york city were constructed in 1904 and added to the national register of historic places on 1980 - 04 - 23 .,"| id | sbj | pred | obj_d | obj_i | sig | adv/cl/comp/sent |
| - | - | - | - | - | - | - |
| #0 | asser levy public baths | are located in | - | New York City | - | - |
| #1 | asser levy public baths | were constructed | - | - | in | 1904 |
| #2 | asser levy public baths | were added to | the national register of historic places | on | 1980-04-23 |","| id | sbj | pred | obj_d | obj_i | sig | adv/cl/comp/sent |
|----|-----|------|-------|-------|-----|-----------------|
| #0 | asser levy public baths | are located in | New York City | - | - | - |
| #1 | asser levy public baths | were constructed | - | - | in | 1904 |
| #2 | asser levy public baths | were added to | the national register of historic places | on | 1980-04-23 |","| id | sbj | pred | obj_d | obj_i | sig | adv/cl/comp/sent |
|----|-----|------|-------|-------|-----|-----------------|
| #0 | asser levy public baths | are located in | New York City | - | - | - |
| #1 | asser levy public baths | were constructed | - | - | in | 1904 |
| #2 | asser levy public baths | were added to | the national register of historic places | on | 1980-04-23 |"
reference2,74,"atlantic city is in the state of new jersey , united states , where the trenton is the capital .","| id | sbj          | pred | obj_d | obj_i | sig  | adv/cl/comp/sent |
|----|--------------|------|-------|-------|------|------------------|
| #0 | atlantic city| is in| -     | the state of new jersey, united states | -    | -                |
| #1 | new jersey   | is in| -     | united states | -    | -                |
| #2 | trenton      | is   | the capital | of new jersey | where | atlantic city is in the state of new jersey, united states |","| id | sbj          | pred | obj_d   | obj_i | sig  | adv/cl/comp/sent |
|----|--------------|------|---------|-------|------|------------------|
| #0 | atlantic city| is in| the state of new jersey | - | - | - |
| #1 | the state of new jersey | is in | united states | - | - | - |
| #2 | trenton      | is   | the capital | of the state of new jersey | where | atlantic city is in the state of new jersey, united states |","| id | sbj          | pred | obj_d | obj_i | sig  | adv/cl/comp/sent |
|----|--------------|------|-------|-------|------|------------------|
| #0 | Atlantic City| is in| -     | the state of New Jersey, United States | -    | -                |
| #1 | Trenton      | is   | the capital | of New Jersey | where | Atlantic City is in the state of New Jersey, United States |"
reference2,75,"asian americans are an ethnic group in the u . s which is where they speak english and the city angola , indiana is located .","| id | sbj | pred | obj_d | obj_i | sig | adv/cl/comp/sent |
|----|-----|------|-------|-------|-----|-----------------|
| #0 | Asian Americans | are | an ethnic group | in the U.S | - | - |
| #1 | they | speak | English | - | in | the U.S |
| #2 | the city Angola, Indiana | is located | - | - | in | the U.S |","| id | sbj | pred | obj_d | obj_i | sig | adv/cl/comp/sent |
| - | - | - | - | - | - | - |
| #0 | Asian Americans | are | an ethnic group | in the U.S. | - | - |
| #1 | they | speak | English | - | in | the U.S. |
| #2 | the city Angola, Indiana | is located | - | - | in | the U.S. |","| id | sbj                | pred      | obj_d        | obj_i | sig  | adv/cl/comp/sent                |
|----|--------------------|-----------|--------------|-------|------|---------------------------------|
| #0 | Asian Americans   | are        | an ethnic group | in the U.S. | -    | -                               |
| #1 | the U.S.           | is         | where they speak English | -     | -    | -                               |
| #2 | Angola, Indiana    | is located | -            | in the city | -    | -                               |
| #3 | the city           | is         | Angola, Indiana | -     | -    | -                               |
| #4 | the U.S.           | is         | -            | -     | where | the city Angola, Indiana is located |"
reference2,76,"lake placid , n . y . is served by the adirondack regional airport , where the length of the runway is 2003 . 0 . and serves the city of saranac lake , new york .","| id | sbj | pred | obj_d | obj_i | sig | adv/cl/comp/sent |
| - | - | - | - | - | - | - |
| #0 | Lake Placid, N.Y. | is served by | the Adirondack Regional Airport | - | - | - |
| #1 | the Adirondack Regional Airport | has | a runway | - | - | - |
| #2 | the runway | has length of | 2003.0 | - | - | - |
| #3 | the Adirondack Regional Airport | serves | the city of Saranac Lake, New York | - | - | - |","| id | sbj | pred | obj_d | obj_i | sig | adv/cl/comp/sent |
| - | - | - | - | - | - | - |
| #0 | Lake Placid, N.Y. | is served by | the Adirondack Regional Airport | - | - | - |
| #1 | the Adirondack Regional Airport | has | a runway | - | where | the length of the runway is 2003.0 |
| #2 | the Adirondack Regional Airport | serves | the city of Saranac Lake, New York | - | - | - |","| id | sbj | pred | obj_d | obj_i | sig | adv/cl/comp/sent |
| - | - | - | - | - | - | - |
| #0 | Lake Placid, N.Y. | is served by | the Adirondack Regional Airport | - | - | - |
| #1 | the Adirondack Regional Airport | has | a runway | - | - | - |
| #2 | the runway | has length of | 2003.0 | - | - | - |
| #3 | the Adirondack Regional Airport | serves | the city of Saranac Lake, New York | - | - | - |"
reference2,81,"the baku turkish martyrs ' memorial is in azerbaijan , where the leader is artur rasizade , and legislature is dictated by the national assembly .","| id | sbj | pred | obj_d | obj_i | sig | adv/cl/comp/sent |
| - | - | - | - | - | - | - |
| #0 | the Baku Turkish Martyrs' Memorial | is | - | in Azerbaijan | - | - |
| #1 | Azerbaijan | has leader | Artur Rasizade | - | - | - |
| #2 | Azerbaijan | has legislature | dictated | by the National Assembly | - | - |","| id | sbj | pred | obj_d | obj_i | sig | adv/cl/comp/sent |
| - | - | - | - | - | - | - |
| #0 | the Baku Turkish Martyrs' Memorial | is | - | in Azerbaijan | - | - |
| #1 | the leader | is | Artur Rasizade | - | in | Azerbaijan |
| #2 | the legislature | is dictated by | the National Assembly | - | in | Azerbaijan |","| id | sbj | pred | obj_d | obj_i | sig | adv/cl/comp/sent |
| - | - | - | - | - | - | - |
| #0 | the Baku Turkish Martyrs' Memorial | is in | Azerbaijan | - | - | - |
| #1 | the leader of Azerbaijan | is | Artur Rasizade | - | - | - |
| #2 | the legislature of Azerbaijan | is dictated by | the National Assembly | - | - | - |"
reference2,82,barny cakes can be found in france where claude bartolone and manuel valls are leaders .,"| id | sbj         | pred        | obj_d      | obj_i | sig  | adv/cl/comp/sent        |
|----|-------------|-------------|------------|-------|------|-------------------------|
| #0 | barny cakes | can be found | -          | in    | -    | france                  |
| #1 | france      | has leaders  | #2, #3     | -     | where| -                       |
| #2 | france      | has leader   | claude bartolone | - | -    | -                       |
| #3 | france      | has leader   | manuel valls     | - | -    | -                       |","| id | sbj | pred | obj_d | obj_i | sig | adv/cl/comp/sent |
| - | - | - | - | - | - | - |
| #0 | barny cakes | can be found | - | in France | where | #1 |
| #1 | Claude Bartolone and Manuel Valls | are | leaders | - | - | - |","| id | sbj          | pred        | obj_d      | obj_i | sig  | adv/cl/comp/sent             |
|----|--------------|-------------|------------|-------|------|------------------------------|
| #0 | barny cakes  | can be found | -          | in    | -    | france                       |
| #1 | france       | has leaders | claude bartolone | -    | and  | manuel valls                |"
reference2,83,sago is one of the ingredients in the dish binignit which is a dessert course . cookies are also a type of dessert .,"| id | sbj   | pred     | obj_d      | obj_i | sig | adv/cl/comp/sent |
|----|-------|----------|------------|-------|-----|------------------|
| #0 | sago  | is       | an ingredient | in the dish binignit | - | - |
| #1 | binignit | is   | a dessert course | - | - | - |
| #2 | cookies | are   | a type of dessert | - | - | - |","| id | sbj  | pred         | obj_d       | obj_i | sig | adv/cl/comp/sent |
|----|------|--------------|-------------|-------|-----|------------------|
| #0 | sago | is one of    | ingredients | in the dish binignit | - | - |
| #1 | binignit | is a    | dessert course | - | - | - |
| #2 | cookies | are a    | type of dessert | - | - | - |","| id | sbj  | pred  | obj_d   | obj_i | sig | adv/cl/comp/sent |
|----|------|-------|---------|-------|-----|------------------|
| #0 | sago | is    | one of the ingredients | in the dish binignit | - | - |
| #1 | binignit | is | a dessert course | - | - | - |
| #2 | cookies | are | a type of dessert | - | - | - |"
reference2,84,"tomatoes belong to the order of solanales , the family of solanaceae , and are an ingredient in amatriciana sauce .","| id | sbj      | pred       | obj_d           | obj_i | sig | adv/cl/comp/sent |
|----|----------|------------|-----------------|-------|-----|------------------|
| #0 | tomatoes | belong to  | the order of solanales | -     | -   | -                |
| #1 | tomatoes | belong to  | the family of solanaceae | -     | -   | -                |
| #2 | tomatoes | are        | an ingredient   | in amatriciana sauce | -   | -                |","# Output
| id | sbj      | pred       | obj_d       | obj_i | sig | adv/cl/comp/sent |
|----|----------|------------|-------------|-------|-----|------------------|
| #0 | tomatoes | belong to  | the order of solanales | -   | -   | -                |
| #1 | tomatoes | belong to  | the family of solanaceae | -   | -   | -                |
| #2 | tomatoes | are        | an ingredient | in amatriciana sauce | -   | -                |","# Output
| id | sbj      | pred        | obj_d        | obj_i | sig | adv/cl/comp/sent |
|----|----------|-------------|--------------|-------|-----|------------------|
| #0 | tomatoes | belong to   | the order of solanales | -   | -   | -                |
| #1 | tomatoes | belong to   | the family of solanaceae | -   | -   | -                |
| #2 | tomatoes | are         | an ingredient | in amatriciana sauce | -   | -                |"
reference2,85,the awh engineering college in kerala is southeast of mahe in india . the leader of kerala is named kochi .,"| id | sbj                     | pred     | obj_d                | obj_i | sig | adv/cl/comp/sent     |
|----|-------------------------|----------|----------------------|-------|-----|----------------------|
| #0 | the AWH Engineering College | is located | southeast of Mahe | in India | -   | -                    |
| #1 | Kerala                  | is located | southeast of Mahe | in India | -   | -                    |
| #2 | the leader of Kerala    | is named  | Kochi               | -     | -   | -                    |
| #3 | Kerala                  | has leader | Kochi               | -     | -   | -                    |","| id | sbj                      | pred   | obj_d                    | obj_i | sig | adv/cl/comp/sent         |
|----|--------------------------|--------|--------------------------|-------|-----|--------------------------|
| #0 | the AWH Engineering College | is     | southeast of Mahe        | in India | -   | -                        |
| #1 | Kerala                   | is in  | India                    | -     | -   | -                        |
| #2 | the leader of Kerala     | is named | Kochi                   | -     | -   | -                        |","| id | sbj                      | pred        | obj_d              | obj_i | sig | adv/cl/comp/sent         |
|----|--------------------------|-------------|--------------------|-------|-----|--------------------------|
| #0 | the AWH Engineering College in Kerala | is located | southeast of Mahe | in India | -   | -                        |
| #1 | Kerala                   | has leader  | -                  | -     | -   | named Kochi              |"
reference2,88,the comic book character asterix was created by albert uderzo and the frenchman rene goscinny .,"| id | sbj | pred | obj_d | obj_i | sig | adv/cl/comp/sent |
| - | - | - | - | - | - | - |
| #0 | asterix | was created | - | by albert uderzo and rene goscinny | - | - |
| #1 | albert uderzo | is | - | - | - | - |
| #2 | rene goscinny | is | - | - | - | - |
| #3 | rene goscinny | is | frenchman | - | - | - |","| id | sbj | pred | obj_d | obj_i | sig | adv/cl/comp/sent |
| - | - | - | - | - | - | - |
| #0 | asterix | was created | - | by albert uderzo and the frenchman rene goscinny | - | - |
| #1 | albert uderzo | is frenchman | - | - | - | - |
| #2 | rene goscinny | is frenchman | - | - | - | - |","| id | sbj | pred | obj_d | obj_i | sig | adv/cl/comp/sent |
| - | - | - | - | - | - | - |
| #0 | asterix | was created by | albert uderzo | - | and | #1 |
| #1 | asterix | was created by | the frenchman rene goscinny | - | - | - |"
reference2,90,"ernie colon and gary cohn created the comic character bolt , who has the alternative name larry bolatinsky .","| id | sbj              | pred        | obj_d            | obj_i | sig | adv/cl/comp/sent |
|----|------------------|-------------|------------------|-------|-----|------------------|
| #0 | ernie colon      | created     | the comic character bolt | -     | -   | -                |
| #1 | gary cohn        | created     | the comic character bolt | -     | -   | -                |
| #2 | bolt             | has         | the alternative name larry bolatinsky | -     | -   | -                |
| #3 | the comic character bolt | is | bolt             | -     | -   | -                |","| id | sbj          | pred        | obj_d           | obj_i | sig | adv/cl/comp/sent |
|----|--------------|-------------|-----------------|-------|-----|------------------|
| #0 | ernie colon  | created     | the comic character bolt | -     | -   | -                |
| #1 | gary cohn    | created     | the comic character bolt | -     | -   | -                |
| #2 | bolt         | has         | the alternative name larry bolatinsky | -     | -   | -                |
| #3 | bolt         | is          | -                 | -     | also known as | larry bolatinsky |","| id | sbj           | pred       | obj_d              | obj_i | sig | adv/cl/comp/sent |
|----|---------------|------------|--------------------|-------|-----|------------------|
| #0 | ernie colon   | created    | the comic character bolt | -     | -   | -                |
| #1 | gary cohn     | created    | the comic character bolt | -     | -   | -                |
| #2 | bolt          | has        | the alternative name larry bolatinsky | -     | -   | -                |"
reference2,91,"adare manor is located in adare , county limerick , munster . the county is governed by limerick city and county council .","| id | sbj          | pred     | obj_d | obj_i | sig | adv/cl/comp/sent           |
|----|--------------|----------|-------|-------|-----|----------------------------|
| #0 | adare manor  | is located | -     | in adare, county limerick, munster | -   | -                          |
| #1 | county limerick | is located | -     | in munster | -   | -                          |
| #2 | county limerick | is governed | -     | by limerick city and county council | -   | -                          |","| id | sbj           | pred     | obj_d | obj_i | sig | adv/cl/comp/sent           |
|----|---------------|----------|-------|-------|-----|---------------------------|
| #0 | adare manor   | is located | -     | in adare, county limerick, munster | -   | -                         |
| #1 | county limerick | is located | -     | in munster | -   | -                         |
| #2 | county limerick | is governed by | limerick city and county council | -   | -   | -                         |","| id | sbj          | pred     | obj_d | obj_i | sig | adv/cl/comp/sent        |
|----|--------------|----------|-------|-------|-----|-------------------------|
| #0 | adare manor  | is located | -     | in adare, county limerick, munster | -   | -                       |
| #1 | county limerick | is governed | -     | by limerick city and county council | -   | -                       |
| #2 | county limerick | is in | munster | -   | -   | -                       |
| #3 | adare         | is in | county limerick | -   | -   | -                       |"
reference2,92,"the akita museum of art is an art museum in the city of akita , in japan . akita , akita is part of the akita prefecture . many brazilian people live in japan .","| id | sbj | pred | obj_d | obj_i | sig | adv/cl/comp/sent |
| - | - | - | - | - | - | - |
| #0 | the Akita Museum of Art | is | an art museum | in the city of Akita, in Japan | - | - |
| #1 | Akita, Akita | is part of | the Akita Prefecture | - | - | - |
| #2 | many Brazilian people | live | - | in Japan | - | - |","| id | sbj | pred | obj_d | obj_i | sig | adv/cl/comp/sent |
| - | - | - | - | - | - | - |
| #0 | the Akita Museum of Art | is | an art museum | in the city of Akita, in Japan | - | - |
| #1 | Akita, Akita | is part of | the Akita Prefecture | - | - | - |
| #2 | many Brazilian people | live | - | in Japan | - | - |","| id | sbj | pred | obj_d | obj_i | sig | adv/cl/comp/sent |
| - | - | - | - | - | - | - |
| #0 | the Akita Museum of Art | is | an art museum | in the city of Akita, in Japan | - | - |
| #1 | Akita, Akita | is part of | the Akita Prefecture | - | - | - |
| #2 | many Brazilian people | live | - | in Japan | - | - |"
reference2,94,"the baku turkish martyrs ' memorial is located in baku , the capital of azerbaijan , which is led by the prime minister of azerbaijan , artur rasizade .","| id | sbj | pred | obj_d | obj_i | sig | adv/cl/comp/sent |
| - | - | - | - | - | - | - |
| #0 | the Baku Turkish Martyrs' Memorial | is located in | Baku | - | - | - |
| #1 | Baku | is | the capital of Azerbaijan | - | - | - |
| #2 | Azerbaijan | is led by | the Prime Minister of Azerbaijan, Artur Rasizade | - | - | - |
| #3 | the Prime Minister of Azerbaijan | is | Artur Rasizade | - | - | - |","| id | sbj | pred | obj_d | obj_i | sig | adv/cl/comp/sent |
| - | - | - | - | - | - | - |
| #0 | the Baku Turkish Martyrs' Memorial | is located in | Baku | - | - | - |
| #1 | Baku | is | the capital | of Azerbaijan | - | - |
| #2 | Azerbaijan | is led by | the Prime Minister | - | - | - |
| #3 | the Prime Minister of Azerbaijan | is | Artur Rasizade | - | - | - |","| id | sbj | pred | obj_d | obj_i | sig | adv/cl/comp/sent |
| - | - | - | - | - | - | - |
| #0 | the Baku Turkish Martyrs' Memorial | is located | - | in Baku | - | - |
| #1 | Baku | is | the capital | of Azerbaijan | - | - |
| #2 | Azerbaijan | is led | - | by the Prime Minister of Azerbaijan, Artur Rasizade | - | - |
| #3 | the Prime Minister of Azerbaijan | is | Artur Rasizade | - | - | - |"
reference2,96,ahmet davutoglu is the leader of turkey where the capital is ankara . the ataturk monument ( izmir ) which is made of bronze is located within the country .,"# Output
| id | sbj            | pred       | obj_d           | obj_i | sig   | adv/cl/comp/sent |
|----|----------------|------------|-----------------|-------|-------|------------------|
| #0 | ahmet davutoglu| is         | the leader      | of turkey | where | the capital is ankara |
| #1 | turkey         | has capital| ankara          | -     | -     | -                |
| #2 | the ataturk monument (izmir) | is made of     | bronze      | -     | -     | -                |
| #3 | the ataturk monument (izmir) | is located     | within the country | -     | -     | -                |
| #4 | the ataturk monument | has location | izmir  | -     | -     | -                |","# Output
| id | sbj            | pred        | obj_d        | obj_i | sig   | adv/cl/comp/sent    |
|----|----------------|-------------|--------------|-------|-------|---------------------|
| #0 | ahmet davutoglu| is          | the leader   | of turkey | where | the capital is ankara |
| #1 | turkey         | has capital | ankara       | -     | -     | -                   |
| #2 | the ataturk monument (izmir) | is made      | of bronze  | -     | -     | -                   |
| #3 | the ataturk monument (izmir) | is located   | within      | the country | -     | -                   |","| id | sbj             | pred     | obj_d          | obj_i | sig   | adv/cl/comp/sent    |
|----|-----------------|----------|----------------|-------|-------|---------------------|
| #0 | ahmet davutoglu | is       | the leader     | of turkey | where | the capital is ankara |
| #1 | turkey          | has      | the capital    | ankara | -     | -                   |
| #2 | the ataturk monument (izmir) | is made       | of bronze | -     | -                   |
| #3 | the ataturk monument (izmir) | is located    | -        | within the country | - | - |"
reference2,97,"anderson , indiana is part of adams fall creek , lafayette , richland , union . it has a population density of 523 . 9 ( inhabitants per square kilometre ) , a total area of 107 . 43 sq . km . and located 268 . 0 above sea level .","# Output
| id | sbj               | pred            | obj_d                  | obj_i | sig | adv/cl/comp/sent                 |
|----|-------------------|-----------------|------------------------|-------|-----|----------------------------------|
| #0 | Anderson, Indiana | is part of      | Adams Fall Creek       | -     | -   | -                                |
| #1 | Anderson, Indiana | is part of      | Lafayette              | -     | -   | -                                |
| #2 | Anderson, Indiana | is part of      | Richland               | -     | -   | -                                |
| #3 | Anderson, Indiana | is part of      | Union                  | -     | -   | -                                |
| #4 | Anderson, Indiana | has             | a population density   | -     | of  | 523.9 inhabitants per square km  |
| #5 | Anderson, Indiana | has             | a total area           | -     | of  | 107.43 sq. km                    |
| #6 | Anderson, Indiana | is located      | -                      | -     | at  | 268.0 above sea level            |","| id | sbj | pred | obj_d | obj_i | sig | adv/cl/comp/sent |
|----|-----|------|-------|-------|-----|-----------------|
| #0 | Anderson, Indiana | is part of | Adams Fall Creek, Lafayette, Richland, Union | - | - | - |
| #1 | Anderson, Indiana | has | a population density of 523.9 | - | - | inhabitants per square kilometre |
| #2 | Anderson, Indiana | has | a total area | of 107.43 sq. km | - | - |
| #3 | Anderson, Indiana | is located | - | - | at | 268.0 above sea level |","| id | sbj | pred | obj_d | obj_i | sig | adv/cl/comp/sent |
| - | - | - | - | - | - | - |
| #0 | Anderson, Indiana | is part of | Adams Fall Creek, Lafayette, Richland, Union | - | - | - |
| #1 | Anderson, Indiana | has | a population density of 523.9 | - | - | inhabitants per square kilometre |
| #2 | Anderson, Indiana | has | a total area of 107.43 sq. km | - | - | - |
| #3 | Anderson, Indiana | is located | - | - | at | 268.0 above sea level |"
reference2,98,"angola is part of pleasant township , steuben county in the us . it is located in the state of indiana and has a total area of 16 . 55 sq km .","| id | sbj   | pred       | obj_d        | obj_i | sig | adv/cl/comp/sent        |
|----|-------|------------|--------------|-------|-----|-------------------------|
| #0 | angola| is part of | pleasant township | -     | -   | -                       |
| #1 | angola| is located in | the state of indiana | -     | -   | -                       |
| #2 | angola| has         | a total area  | -     | of  | 16.55 sq km             |
| #3 | pleasant township | is in | steuben county | -     | -   | -                       |
| #4 | steuben county | is in | the us | -     | -   | -                       |","| id | sbj   | pred        | obj_d     | obj_i | sig | adv/cl/comp/sent           |
|----|-------|-------------|-----------|-------|-----|----------------------------|
| #0 | angola| is part of  | pleasant township | -   | -   | -                          |
| #1 | pleasant township | is in | steuben county | - | - | -                        |
| #2 | steuben county | is in | the US | - | - | -                                    |
| #3 | angola| is located in | the state of indiana | - | - | -                      |
| #4 | angola| has | a total area of 16.55 sq km | - | - | -                         |","| id | sbj   | pred      | obj_d          | obj_i | sig | adv/cl/comp/sent       |
|----|-------|-----------|----------------|-------|-----|------------------------|
| #0 | angola| is part of| pleasant township| -    | -   | -                      |
| #1 | pleasant township| is in| steuben county| -    | -   | -                      |
| #2 | steuben county| is in| the us| -           | -   | -                      |
| #3 | angola| is located in| the state of indiana| - | -   | -                      |
| #4 | angola| has a total area of| 16.55 sq km| -   | -   | -                      |"
reference2,99,"albuquerque , new mexico is in the united states , where asian americans are an ethnic group . albuquerque , new mexico is led by the new mexico senate , where john sanchez is one of the leaders .","| id | sbj | pred | obj_d | obj_i | sig | adv/cl/comp/sent |
| - | - | - | - | - | - | - |
| #0 | Albuquerque, New Mexico | is in | the United States | - | - | - |
| #1 | Asian Americans | are | an ethnic group | in the United States | where | Albuquerque, New Mexico is in the United States |
| #2 | Albuquerque, New Mexico | is led by | the New Mexico Senate | - | - | - |
| #3 | John Sanchez | is one of | the leaders | of the New Mexico Senate | where | Albuquerque, New Mexico is led by the New Mexico Senate |","| id | sbj | pred | obj_d | obj_i | sig | adv/cl/comp/sent |
| - | - | - | - | - | - | - |
| #0 | Albuquerque, New Mexico | is in | the United States | - | - | - |
| #1 | the United States | has an ethnic group | Asian Americans | - | where | Albuquerque, New Mexico is in the United States |
| #2 | Albuquerque, New Mexico | is led by | the New Mexico Senate | - | - | - |
| #3 | the New Mexico Senate | has one of the leaders | John Sanchez | - | where | Albuquerque, New Mexico is led by the New Mexico Senate |","| id | sbj | pred | obj_d | obj_i | sig | adv/cl/comp/sent |
| - | - | - | - | - | - | - |
| #0 | Albuquerque, New Mexico | is in | the United States | - | - | - |
| #1 | Asian Americans | are | an ethnic group | in the United States | where | Albuquerque, New Mexico is in the United States |
| #2 | Albuquerque, New Mexico | is led by | the New Mexico Senate | - | - | - |
| #3 | John Sanchez | is one of | the leaders | of the New Mexico Senate | where | Albuquerque, New Mexico is led by the New Mexico Senate |"
reference2,100,"john van den brom plays for afc ajax , vitesse arnhem and the netherlands national football team . in addition he also manages az alkmaar .","# Output
| id | sbj             | pred   | obj_d                                   | obj_i | sig | adv/cl/comp/sent |
|----|-----------------|--------|-----------------------------------------|-------|-----|------------------|
| #0 | john van den brom | plays  | -                                       | for afc ajax | - | - |
| #1 | john van den brom | plays  | -                                       | for vitesse arnhem | - | - |
| #2 | john van den brom | plays  | -                                       | for the netherlands national football team | - | - |
| #3 | john van den brom | manages | az alkmaar                             | -     | in addition | - |","# Output
| id | sbj             | pred   | obj_d                         | obj_i | sig | adv/cl/comp/sent |
|----|-----------------|--------|-------------------------------|-------|-----|------------------|
| #0 | John van den Brom | plays  | -                             | for AFC Ajax | - | - |
| #1 | John van den Brom | plays  | -                             | for Vitesse Arnhem | - | - |
| #2 | John van den Brom | plays  | -                             | for the Netherlands national football team | - | - |
| #3 | John van den Brom | manages| AZ Alkmaar                    | -     | in addition | - |","# Output
| id | sbj             | pred   | obj_d                                 | obj_i | sig | adv/cl/comp/sent |
|----|-----------------|--------|---------------------------------------|-------|-----|------------------|
| #0 | john van den brom | plays  | -                                     | for afc ajax | -   | -                |
| #1 | john van den brom | plays  | -                                     | for vitesse arnhem | -   | -                |
| #2 | john van den brom | plays  | -                                     | for the netherlands national football team | -   | -                |
| #3 | john van den brom | manages | az alkmaar                           | -     | in addition | -                |"
reference2,101,agremiacao sportiva arapiraquense play in the brazilian campeonato brasileiro serie c league . estadio municipal coaracy da mata fonseca is the name of the ground of agremiacao sportiva arapiraquense and it is located in arapiraca .,"| id | sbj | pred | obj_d | obj_i | sig | adv/cl/comp/sent |
| - | - | - | - | - | - | - |
| #0 | Agremiacao Sportiva Arapiraquense | play | - | in the Brazilian Campeonato Brasileiro Serie C league | - | - |
| #1 | Estadio Municipal Coaracy da Mata Fonseca | is | the name of the ground of Agremiacao Sportiva Arapiraquense | - | - | - |
| #2 | Estadio Municipal Coaracy da Mata Fonseca | is located | - | in Arapiraca | - | - |","| id | sbj | pred | obj_d | obj_i | sig | adv/cl/comp/sent |
| - | - | - | - | - | - | - |
| #0 | agremiacao sportiva arapiraquense | play | - | in the brazilian campeonato brasileiro serie c league | - | - |
| #1 | estadio municipal coaracy da mata fonseca | is | the name of the ground of agremiacao sportiva arapiraquense | - | - | - |
| #2 | estadio municipal coaracy da mata fonseca | is located | - | in arapiraca | - | - |","| id | sbj | pred | obj_d | obj_i | sig | adv/cl/comp/sent |
| - | - | - | - | - | - | - |
| #0 | agremiacao sportiva arapiraquense | play | - | in the Brazilian Campeonato Brasileiro Serie C league | - | - |
| #1 | Estadio Municipal Coaracy da Mata Fonseca | is | the name of the ground of agremiacao sportiva arapiraquense | - | - | - |
| #2 | Estadio Municipal Coaracy da Mata Fonseca | is located | - | in Arapiraca | - | - |"
reference2,103,"atlantic city international airport is owned by the south jersey transportation authority , the head of which is stephen dilts . the airport is located in egg township , new jersey , united states .","# Output
| id | sbj | pred | obj_d | obj_i | sig | adv/cl/comp/sent |
| - | - | - | - | - | - | - |
| #0 | atlantic city international airport | is owned by | - | the south jersey transportation authority | - | - |
| #1 | the south jersey transportation authority | has head | stephen dilts | - | - | - |
| #2 | atlantic city international airport | is located in | - | egg township, new jersey, united states | - | - |","# Output
| id | sbj | pred | obj_d | obj_i | sig | adv/cl/comp/sent |
| - | - | - | - | - | - | - |
| #0 | atlantic city international airport | is owned by | - | the south jersey transportation authority | - | - |
| #1 | the south jersey transportation authority | has head | stephen dilts | - | - | - |
| #2 | atlantic city international airport | is located in | - | egg township, new jersey, united states | - | - |","# Output
| id | sbj | pred | obj_d | obj_i | sig | adv/cl/comp/sent |
| - | - | - | - | - | - | - |
| #0 | atlantic city international airport | is owned by | - | the south jersey transportation authority | - | - |
| #1 | the south jersey transportation authority | has head | stephen dilts | - | - | - |
| #2 | atlantic city international airport | is located in | - | egg township, new jersey, united states | - | - |"
reference2,104,the kurdish languages are spoken in iraq which is led by fuad masum . the city of fallujah is in the country and served by the al taqaddum air base .,"| id | sbj | pred | obj_d | obj_i | sig | adv/cl/comp/sent |
| - | - | - | - | - | - | - |
| #0 | the kurdish languages | are spoken | - | in Iraq | - | - |
| #1 | Iraq | is led | - | by Fuad Masum | - | - |
| #2 | the city of Fallujah | is in | the country | - | - | - |
| #3 | the city of Fallujah | is served | - | by the Al Taqaddum Air Base | - | - |","| id | sbj | pred | obj_d | obj_i | sig | adv/cl/comp/sent |
| - | - | - | - | - | - | - |
| #0 | the kurdish languages | are spoken | - | in Iraq | - | - |
| #1 | Iraq | is led | - | by Fuad Masum | - | - |
| #2 | the city of Fallujah | is in | the country | - | - | - |
| #3 | the city of Fallujah | is served | - | by the Al Taqaddum Air Base | - | - |","| id | sbj | pred | obj_d | obj_i | sig | adv/cl/comp/sent |
| - | - | - | - | - | - | - |
| #0 | the kurdish languages | are spoken | - | in Iraq | - | - |
| #1 | Iraq | is led | - | by Fuad Masum | - | - |
| #2 | the city of Fallujah | is in | the country | - | - | - |
| #3 | the city of Fallujah | is served | - | by the Al Taqaddum Air Base | - | - |"
reference2,106,bananaman was created by steve bright and starred jill shilling . it was first broadcast by stv on 3 october 1983 .,"# Output
| id | sbj       | pred        | obj_d   | obj_i | sig | adv/cl/comp/sent |
|----|-----------|-------------|---------|-------|-----|------------------|
| #0 | bananaman | was created | -       | by    | -   | steve bright     |
| #1 | bananaman | was created | -       | by    | -   | and starred jill shilling |
| #2 | bananaman | was starred | -       | by    | -   | jill shilling    |
| #3 | it        | was first broadcast | - | by    | -   | stv              |
| #4 | it        | was broadcast | -     | on    | -   | 3 october 1983   |","| id | sbj       | pred        | obj_d    | obj_i | sig | adv/cl/comp/sent            |
|----|-----------|-------------|----------|-------|-----|-----------------------------|
| #0 | bananaman | was created  | -        | by    | -   | steve bright and jill shilling |
| #1 | bananaman | starred      | jill shilling | -   | -   | -                           |
| #2 | it        | was broadcast| -        | by    | on  | 3 october 1983               |
| #3 | it        | was broadcast| -        | by    | by  | stv                          |","# Output
| id | sbj       | pred          | obj_d     | obj_i | sig | adv/cl/comp/sent              |
|----|-----------|---------------|-----------|-------|-----|------------------------------|
| #0 | bananaman | was created   | -         | by    | #1  |
| #1 | steve bright and jill shilling | starred | bananaman | -     | -    | -                          |
| #2 | bananaman | was broadcast | -         | by    | #3  |
| #3 | stv       | on            | 3 october 1983 | -     | -    | -                          |"
reference2,108,"larry bolatinsky is the alternative name for the comic character , bolt . it was created by the puerto rican national ernie colon and the comic book writer , gary cohn .","| id | sbj | pred | obj_d | obj_i | sig | adv/cl/comp/sent |
| - | - | - | - | - | - | - |
| #0 | larry bolatinsky | is the alternative name for | the comic character, bolt | - | - | - |
| #1 | bolt | was created by | ernie colon and gary cohn | - | - | - |
| #2 | ernie colon | is | a puerto rican national | - | - | - |
| #3 | gary cohn | is | a comic book writer | - | - | - |","| id | sbj | pred | obj_d | obj_i | sig | adv/cl/comp/sent |
|----|-----|------|-------|-------|-----|------------------|
| #0 | larry bolatinsky | is the alternative name for | the comic character, bolt | - | - | - |
| #1 | bolt | was created by | ernie colon and gary cohn | - | - | - |
| #2 | ernie colon | is | the puerto rican national | - | - | - |
| #3 | gary cohn | is | the comic book writer | - | - | - |
| #4 | ernie colon and gary cohn | created | bolt | - | - | - |","| id | sbj | pred | obj_d | obj_i | sig | adv/cl/comp/sent |
|----|-----|------|-------|-------|-----|-----------------|
| #0 | larry bolatinsky | is the alternative name for | the comic character, bolt | - | - | - |
| #1 | bolt | was created by | ernie colon and gary cohn | - | - | - |
| #2 | ernie colon | is | a puerto rican national | - | - | - |
| #3 | gary cohn | is | a comic book writer | - | - | - |"
reference2,109,j v jones is the author of a fortress of grey ice which was published in hardcover . the oclc number is 51969173 and the isbn number is 0 - 7653 - 0633 - 6 .,"# Output
| id | sbj       | pred        | obj_d                | obj_i | sig   | adv/cl/comp/sent          |
|----|-----------|-------------|----------------------|-------|-------|---------------------------|
| #0 | J. V. Jones | is          | the author           | -     | of    | a fortress of grey ice    |
| #1 | a fortress of grey ice | was published | -                  | in hardcover | -     | -                         |
| #2 | a fortress of grey ice | has          | an OCLC number      | -     | -     | 51969173                   |
| #3 | a fortress of grey ice | has          | an ISBN number      | -     | -     | 0 - 7653 - 0633 - 6        |","| id | sbj       | pred         | obj_d                | obj_i | sig | adv/cl/comp/sent    |
|----|-----------|--------------|----------------------|-------|-----|---------------------|
| #0 | j v jones | is the author | a fortress of grey ice | -     | -   | -                   |
| #1 | a fortress of grey ice | was published | - | in hardcover | - | - |
| #2 | a fortress of grey ice | has oclc number | 51969173 | - | - | - |
| #3 | a fortress of grey ice | has isbn number | 0 - 7653 - 0633 - 6 | - | - | - |","# Output
| id | sbj       | pred        | obj_d                | obj_i | sig | adv/cl/comp/sent              |
|----|-----------|-------------|----------------------|-------|-----|-------------------------------|
| #0 | j v jones | is          | the author           | -     | of  | a fortress of grey ice        |
| #1 | a fortress of grey ice | was published | - | in hardcover | - | - |
| #2 | a fortress of grey ice | has          | oclc number | -     | -  | 51969173                     |
| #3 | a fortress of grey ice | has          | isbn number  | -     | -  | 0 - 7653 - 0633 - 6          |"
reference2,110,"the book a loyal character dancer , written by qiu xiaolong , was published in hardcover . it has the isbn number 1 - 56947 - 301 - 3 and oclc number 49805501 .","# Output
| id | sbj | pred | obj_d | obj_i | sig | adv/cl/comp/sent |
| - | - | - | - | - | - | - |
| #0 | the book A Loyal Character Dancer | was written by | Qiu Xiaolong | - | - | - |
| #1 | the book A Loyal Character Dancer | was published | in hardcover | - | - | - |
| #2 | the book A Loyal Character Dancer | has | the ISBN number 1-56947-301-3 | - | - | - |
| #3 | the book A Loyal Character Dancer | has | the OCLC number 49805501 | - | - | - |","# Output
| id | sbj | pred | obj_d | obj_i | sig | adv/cl/comp/sent |
| - | - | - | - | - | - | - |
| #0 | the book A Loyal Character Dancer | was written | - | by Qiu Xiaolong | - | - |
| #1 | the book A Loyal Character Dancer | was published | - | in hardcover | - | - |
| #2 | the book A Loyal Character Dancer | has | the ISBN number 1-56947-301-3 | - | - | - |
| #3 | the book A Loyal Character Dancer | has | the OCLC number 49805501 | - | - | - |","# Output
| id | sbj | pred | obj_d | obj_i | sig | adv/cl/comp/sent |
| - | - | - | - | - | - | - |
| #0 | the book A Loyal Character Dancer | was written by | Qiu Xiaolong | - | - | - |
| #1 | the book A Loyal Character Dancer | was published | in hardcover | - | - | - |
| #2 | the book A Loyal Character Dancer | has | the ISBN number 1-56947-301-3 | - | - | - |
| #3 | the book A Loyal Character Dancer | has | the OCLC number 49805501 | - | - | - |"
reference2,111,"the book alcatraz versus the evil librarians is written in english , the language spoken in great britain . the book comes from the us , where african americans are an ethnic group .","| id | sbj | pred | obj_d | obj_i | sig | adv/cl/comp/sent |
| - | - | - | - | - | - | - |
| #0 | the book Alcatraz Versus the Evil Librarians | is written | - | in English | - | - |
| #1 | English | is | the language | - | spoken in | Great Britain |
| #2 | the book Alcatraz Versus the Evil Librarians | comes from | the US | - | - | - |
| #3 | the US | is | - | - | where | African Americans are an ethnic group |
| #4 | African Americans | are | an ethnic group | - | - | - |","| id | sbj | pred | obj_d | obj_i | sig | adv/cl/comp/sent |
|----|-----|------|-------|-------|-----|-----------------|
| #0 | the book Alcatraz Versus the Evil Librarians | is written | - | in English | - | - |
| #1 | English | is | the language | - | spoken in | Great Britain |
| #2 | the book Alcatraz Versus the Evil Librarians | comes from | the US | - | - | - |
| #3 | the US | is | where | African Americans | are | an ethnic group |","| id | sbj | pred | obj_d | obj_i | sig | adv/cl/comp/sent |
|----|-----|------|-------|-------|-----|-----------------|
| #0 | the book Alcatraz Versus the Evil Librarians | is written | - | in English | - | - |
| #1 | English | is | the language | - | spoken in | Great Britain |
| #2 | the book Alcatraz Versus the Evil Librarians | comes from | the US | - | - | - |
| #3 | the US | is | where | African Americans | are | an ethnic group |"
reference2,117,"the awh engineering college in kuttikkattoor , kerala has a staff of 250 . the leader of kerala is named kochi .","# Output
| id | sbj                         | pred       | obj_d | obj_i | sig | adv/cl/comp/sent |
|----|-----------------------------|------------|-------|-------|-----|------------------|
| #0 | the awh engineering college | is located | -     | in    | -   | kuttikkattoor, kerala |
| #1 | the awh engineering college | has        | a staff of 250 | -   | -   | -                |
| #2 | the leader of kerala        | is named   | Kochi | -     | -   | -                |","| id | sbj | pred | obj_d | obj_i | sig | adv/cl/comp/sent |
|----|-----|------|-------|-------|-----|-----------------|
| #0 | the awh engineering college in kuttikkattoor, kerala | has | a staff | - | of | 250 |
| #1 | kerala | has leader | - | named kochi | - | - |","# Output
| id | sbj | pred | obj_d | obj_i | sig | adv/cl/comp/sent |
| - | - | - | - | - | - | - |
| #0 | the awh engineering college in kuttikkattoor, kerala | has | a staff | - | of | 250 |
| #1 | the leader of kerala | is named | kochi | - | - | - |"
reference2,118,"bandeja paisa is a colombian cuisine from the paisa region . the main ingredients are red beans , pork belly , white rice , ground meat , chicharon , fried egg , plantain ( patacones ) , chorizo , arepa , hogao sauce , black pudding ( morcilla ) , avocado and lemon .","# Output
| id | sbj | pred | obj_d | obj_i | sig | adv/cl/comp/sent |
| - | - | - | - | - | - | - |
| #0 | bandeja paisa | is | a colombian cuisine | from the paisa region | - | - |
| #1 | bandeja paisa | has main ingredients | red beans, pork belly, white rice, ground meat, chicharon, fried egg, plantain, chorizo, arepa, hogao sauce, black pudding, avocado, lemon | - | - | - |
| #2 | plantain | is | patacones | - | - | - |
| #3 | black pudding | is | morcilla | - | - | - |","# Output
| id | sbj | pred | obj_d | obj_i | sig | adv/cl/comp/sent |
| - | - | - | - | - | - | - |
| #0 | bandeja paisa | is | a colombian cuisine | from the paisa region | - | - |
| #1 | bandeja paisa | has main ingredients | red beans, pork belly, white rice, ground meat, chicharon, fried egg, plantain, chorizo, arepa, hogao sauce, black pudding, avocado, lemon | - | - | - |
| #2 | plantain | is | patacones | - | - | - |
| #3 | black pudding | is | morcilla | - | - | - |","| id | sbj | pred | obj_d | obj_i | sig | adv/cl/comp/sent |
| - | - | - | - | - | - | - |
| #0 | bandeja paisa | is | a colombian cuisine | from the paisa region | - | - |
| #1 | bandeja paisa | has main ingredients | red beans, pork belly, white rice, ground meat, chicharon, fried egg, plantain, chorizo, arepa, hogao sauce, black pudding, avocado, lemon | - | - | - |
| #2 | plantain | is | patacones | - | also known as | - |
| #3 | black pudding | is | morcilla | - | also known as | - |"
reference2,121,"a loyal character dancer is published by soho press in the united states . the language spoken in the united states ( as well as in great britain ) is english , and one of the us ethnic groups is native americans .","| id | sbj | pred | obj_d | obj_i | sig | adv/cl/comp/sent |
| - | - | - | - | - | - | - |
| #0 | a loyal character dancer | is published | - | by Soho Press | in | the United States |
| #1 | the language | spoken | - | in the United States | as well as | in Great Britain |
| #2 | the language | is | English | - | - | - |
| #3 | one of the US ethnic groups | is | Native Americans | - | - | - |","| id | sbj                     | pred        | obj_d                 | obj_i | sig | adv/cl/comp/sent       |
|----|-------------------------|-------------|-----------------------|-------|-----|------------------------|
| #0 | a loyal character dancer | is published | -                     | by Soho Press | in | the United States |
| #1 | the United States        | has language | English               | -     | -   | -                      |
| #2 | the United States        | has ethnic group | Native Americans   | -     | -   | -                      |
| #3 | English                 | is spoken    | -                     | in the United States | as well as | in Great Britain |","| id | sbj | pred | obj_d | obj_i | sig | adv/cl/comp/sent |
| - | - | - | - | - | - | - |
| #0 | a loyal character dancer | is published | - | by Soho Press | in | the United States |
| #1 | the language | spoken | - | in the United States | as well as | in Great Britain |
| #2 | the language | is | English | - | - | - |
| #3 | one of the US ethnic groups | is | Native Americans | - | - | - |"
reference2,122,"the native americans are an ethnic group in the united states where the book a severed wasp originated . the capital of the us is washington dc and the language spoken in the us , and also great britain , is english .","| id | sbj | pred | obj_d | obj_i | sig | adv/cl/comp/sent |
| - | - | - | - | - | - | - |
| #0 | the native americans | are | an ethnic group | in the United States | where | the book A Severed Wasp originated |
| #1 | the capital of the US | is | Washington DC | - | - | - |
| #2 | the language spoken | is | English | in the US | and | in Great Britain |
| #3 | the language spoken | is | English | in Great Britain | and | in the US |","| id | sbj | pred | obj_d | obj_i | sig | adv/cl/comp/sent |
| - | - | - | - | - | - | - |
| #0 | the native americans | are | an ethnic group | in the United States | where | the book A Severed Wasp originated |
| #1 | the capital of the US | is | Washington DC | - | - | - |
| #2 | the language spoken in the US | is | English | - | and also | in Great Britain |","| id | sbj | pred | obj_d | obj_i | sig | adv/cl/comp/sent |
| - | - | - | - | - | - | - |
| #0 | the native americans | are | an ethnic group | in the United States | where | the book A Severed Wasp originated |
| #1 | the capital of the US | is | Washington DC | - | - | - |
| #2 | the language spoken | is | English | in the US | - | - |
| #3 | the language spoken | is | English | in Great Britain | - | - |"
reference2,123,"the people living in the united states are americans , including the ethnic group of african americans . the capital of the us is washington dc and the president is barack obama . the book 1634 the ram rebellion was written within the us .","| id | sbj | pred | obj_d | obj_i | sig | adv/cl/comp/sent |
| - | - | - | - | - | - | - |
| #0 | the people living in the united states | are | americans | - | - | - |
| #1 | the ethnic group of african americans | is included in | the people living in the united states | - | - | - |
| #2 | the capital of the US | is | Washington DC | - | - | - |
| #3 | the president of the US | is | Barack Obama | - | - | - |
| #4 | the book 1634 The Ram Rebellion | was written | - | within the US | - | - |","| id | sbj | pred | obj_d | obj_i | sig | adv/cl/comp/sent |
| - | - | - | - | - | - | - |
| #0 | the people living in the united states | are | americans | - | - | - |
| #1 | the ethnic group of african americans | is included in | the people living in the united states | - | - | - |
| #2 | the capital of the us | is | washington dc | - | - | - |
| #3 | the president of the us | is | barack obama | - | - | - |
| #4 | the book 1634 the ram rebellion | was written | - | within the us | - | - |","| id | sbj | pred | obj_d | obj_i | sig | adv/cl/comp/sent |
| - | - | - | - | - | - | - |
| #0 | the people living in the united states | are | americans | - | - | - |
| #1 | the ethnic group of african americans | is included | - | among the people living in the united states | - | - |
| #2 | the capital of the US | is | Washington DC | - | - | - |
| #3 | the president of the US | is | Barack Obama | - | - | - |
| #4 | the book 1634 The Ram Rebellion | was written | - | within the US | - | - |"
reference2,124,"amarillo is part of potter county , texas , in the u . s . , where the capital is washington dc and english is the language spoken .","| id | sbj       | pred        | obj_d       | obj_i | sig    | adv/cl/comp/sent     |
|----|-----------|-------------|-------------|-------|--------|----------------------|
| #0 | amarillo  | is part of  | potter county | in texas | -      | -                    |
| #1 | texas     | is in       | the u.s.    | -     | where  | #2, #3               |
| #2 | the capital | is         | washington dc | -     | -      | -                    |
| #3 | the language spoken | is | english    | -     | -      | -                    |","| id | sbj       | pred         | obj_d            | obj_i | sig  | adv/cl/comp/sent |
|----|-----------|--------------|------------------|-------|------|------------------|
| #0 | amarillo  | is part of   | potter county    | -     | in   | texas            |
| #1 | texas     | is in        | the u . s .      | -     | -    | -                |
| #2 | the u . s . | has capital | washington dc    | -     | -    | -                |
| #3 | the u . s . | has language | english         | -     | -    | -                |","| id | sbj       | pred       | obj_d          | obj_i | sig  | adv/cl/comp/sent        |
|----|-----------|------------|----------------|-------|------|-------------------------|
| #0 | amarillo  | is part of | potter county  | -     | in   | texas                   |
| #1 | texas     | is in      | the u.s.       | -     | -    | -                       |
| #2 | the u.s.  | has capital| washington dc  | -     | -    | -                       |
| #3 | the u.s.  | has language spoken | english | -     | -    | -                       |"
reference2,125,"auburn is part of pierce county and king county , washington , u . s . the population density of auburn is 914 . 8 inhabitants per sq km . and the total area is 77 . 41 sq kms .","| id | sbj   | pred                  | obj_d       | obj_i | sig | adv/cl/comp/sent |
|----|-------|-----------------------|-------------|-------|-----|-----------------|
| #0 | auburn| is part of            | pierce county | -     | and | king county, Washington, U.S. |
| #1 | auburn| has population density| 914.8 inhabitants per sq km | -     | -   | -               |
| #2 | auburn| has total area         | 77.41 sq kms  | -     | -   | -               |","| id | sbj | pred | obj_d | obj_i | sig | adv/cl/comp/sent |
| - | - | - | - | - | - | - |
| #0 | auburn | is part of | pierce county and king county | - | - | - |
| #1 | auburn | is located in | washington | - | - | - |
| #2 | auburn | is located in | u . s . | - | - | - |
| #3 | auburn | has population density | 914.8 inhabitants per sq km | - | - | - |
| #4 | auburn | has total area | 77.41 sq kms | - | - | - |","# Output
| id | sbj | pred | obj_d | obj_i | sig | adv/cl/comp/sent |
| - | - | - | - | - | - | - |
| #0 | auburn | is part of | pierce county and king county | - | in | washington, U.S. |
| #1 | auburn | has population density | 914.8 inhabitants per sq km | - | - | - |
| #2 | auburn | has total area | 77.41 sq kms | - | - | - |"
reference2,126,"angola , indiana , ( part of steuben county ) , is in the united states . the country where english is spoken , and where one of the ethnic groups , is asian americans .","| id | sbj | pred | obj_d | obj_i | sig | adv/cl/comp/sent |
| - | - | - | - | - | - | - |
| #0 | Angola, Indiana | is in | the United States | - | - | - |
| #1 | Angola, Indiana | is part of | Steuben County | - | - | - |
| #2 | the United States | is | the country | - | where | English is spoken |
| #3 | the United States | is | the country | - | where | one of the ethnic groups is Asian Americans |","| id | sbj | pred | obj_d | obj_i | sig | adv/cl/comp/sent |
| - | - | - | - | - | - | - |
| #0 | Angola, Indiana | is in | the United States | - | - | - |
| #1 | Angola, Indiana | is part of | Steuben County | - | - | - |
| #2 | the country | is | the United States | - | - | - |
| #3 | the country | is where | English is spoken | - | - | - |
| #4 | the country | is where | one of the ethnic groups is Asian Americans | - | - | - |
| #5 | the ethnic groups | include | Asian Americans | - | - | - |
| #6 | English | is spoken | - | in the country | - | - |","| id | sbj | pred | obj_d | obj_i | sig | adv/cl/comp/sent |
| - | - | - | - | - | - | - |
| #0 | Angola, Indiana | is in | the United States | - | - | - |
| #1 | Angola, Indiana | is part of | Steuben County | - | - | - |
| #2 | the country | is | - | where English is spoken | - | - |
| #3 | the country | is | - | where one of the ethnic groups is Asian Americans | - | - |
| #4 | the United States | is referred to as | the country | - | - | - |"
reference2,127,the baku turkish martyr ' s memorial honours the ottoman army soldiers killed in the battle of baku . artur rasizade is the leader and prime minister of azerbaijan whose capital is baku .,"# Output
| id | sbj | pred | obj_d | obj_i | sig | adv/cl/comp/sent |
| - | - | - | - | - | - | - |
| #0 | the Baku Turkish Martyr's Memorial | honours | the Ottoman army soldiers | - | in | the battle of Baku |
| #1 | Artur Rasizade | is | the leader and prime minister | of Azerbaijan | - | - |
| #2 | Artur Rasizade | is | the leader and prime minister | of Azerbaijan | whose | capital is Baku |","| id | sbj | pred | obj_d | obj_i | sig | adv/cl/comp/sent |
| - | - | - | - | - | - | - |
| #0 | the Baku Turkish Martyr's Memorial | honours | the Ottoman army soldiers | - | - | killed in the Battle of Baku |
| #1 | Artur Rasizade | is | the leader and prime minister | of Azerbaijan | - | - |
| #2 | Azerbaijan | has capital | Baku | - | - | - |","| id | sbj             | pred       | obj_d     | obj_i | sig  | adv/cl/comp/sent |
|----|-----------------|------------|-----------|-------|------|------------------|
| #0 | the Baku Turkish Martyr's Memorial | honours | the Ottoman army soldiers killed | in the Battle of Baku | -    | -                |
| #1 | Artur Rasizade  | is         | the leader and prime minister | of Azerbaijan | -    | -                |
| #2 | Azerbaijan      | has capital | Baku      | -     | -    | -                |"
reference2,128,the baku turkish martyrs memorial has been dedicated to ottoman army soldiers killed in the battle of baku . the memorial is situated in azerbaijan whose capital city is baku . azerbaijan has legislature of national assembly and the leader ' s name is artur rasizade .,"| id | sbj | pred | obj_d | obj_i | sig | adv/cl/comp/sent |
| - | - | - | - | - | - | - |
| #0 | the Baku Turkish Martyrs Memorial | has been dedicated | - | to Ottoman army soldiers | - | killed in the Battle of Baku |
| #1 | the memorial | is situated | - | in Azerbaijan | whose | capital city is Baku |
| #2 | Azerbaijan | has | legislature | - | of | National Assembly |
| #3 | Azerbaijan | has | leader | - | whose | name is Artur Rasizade |","| id | sbj | pred | obj_d | obj_i | sig | adv/cl/comp/sent |
| - | - | - | - | - | - | - |
| #0 | the Baku Turkish Martyrs Memorial | has been dedicated | - | to Ottoman army soldiers | - | killed in the Battle of Baku |
| #1 | the memorial | is situated | - | in Azerbaijan | whose | capital city is Baku |
| #2 | Azerbaijan | has | legislature | of National Assembly | - | - |
| #3 | Azerbaijan | has | leader | - | whose | name is Artur Rasizade |","| id | sbj | pred | obj_d | obj_i | sig | adv/cl/comp/sent |
| - | - | - | - | - | - | - |
| #0 | the Baku Turkish Martyrs Memorial | has been dedicated | - | to Ottoman army soldiers killed in the Battle of Baku | - | - |
| #1 | the memorial | is situated | - | in Azerbaijan | - | - |
| #2 | Azerbaijan | has capital city | Baku | - | - | - |
| #3 | Azerbaijan | has legislature | National Assembly | - | - | - |
| #4 | Azerbaijan | has leader | Artur Rasizade | - | - | - |"
reference2,129,"the ataturk monument ( izmir ) is located in turkey , whose largest city is istanbul and whose capital is ankara . president of turkey is the official title of the turkish leader and his name is ahmet davutoglu .","# Output
| id | sbj | pred | obj_d | obj_i | sig | adv/cl/comp/sent |
| - | - | - | - | - | - | - |
| #0 | the Ataturk Monument (Izmir) | is located | - | in Turkey | - | - |
| #1 | Turkey | has largest city | Istanbul | - | - | - |
| #2 | Turkey | has capital | Ankara | - | - | - |
| #3 | President of Turkey | is | the official title | of the Turkish leader | - | - |
| #4 | the Turkish leader | has name | Ahmet Davutoglu | - | - | - |","# Output
| id | sbj | pred | obj_d | obj_i | sig | adv/cl/comp/sent |
| - | - | - | - | - | - | - |
| #0 | the Ataturk Monument (Izmir) | is located | - | in Turkey | - | - |
| #1 | Turkey | has largest city | Istanbul | - | - | - |
| #2 | Turkey | has capital | Ankara | - | - | - |
| #3 | President of Turkey | is | the official title of the Turkish leader | - | - | - |
| #4 | the Turkish leader | has name | Ahmet Davutoglu | - | - | - |","# Output
| id | sbj | pred | obj_d | obj_i | sig | adv/cl/comp/sent |
| - | - | - | - | - | - | - |
| #0 | the Ataturk Monument (Izmir) | is located in | Turkey | - | - | - |
| #1 | Turkey | has largest city | Istanbul | - | - | - |
| #2 | Turkey | has capital | Ankara | - | - | - |
| #3 | President of Turkey | is the official title of | the Turkish leader | - | - | - |
| #4 | the Turkish leader | has name | Ahmet Davutoglu | - | - | - |"
reference2,132,the school of business and social sciences at the aarhus university located southwest of mols is affiliated with the european university association in brussels . aarhus is governed by a magistrate .,"| id | sbj | pred | obj_d | obj_i | sig | adv/cl/comp/sent |
| - | - | - | - | - | - | - |
| #0 | the school of business and social sciences | is located | southwest of mols | at the aarhus university | - | - |
| #1 | the school of business and social sciences | is affiliated with | the european university association | in brussels | - | - |
| #2 | aarhus | is governed by | a magistrate | - | - | - |","| id | sbj | pred | obj_d | obj_i | sig | adv/cl/comp/sent |
|----|-----|------|-------|-------|-----|-----------------|
| #0 | the school of business and social sciences | is located | southwest of mols | at the aarhus university | - | - |
| #1 | the school of business and social sciences | is affiliated with | the european university association | - | in | brussels |
| #2 | aarhus | is governed by | a magistrate | - | - | - |","| id | sbj | pred | obj_d | obj_i | sig | adv/cl/comp/sent |
| - | - | - | - | - | - | - |
| #0 | the school of business and social sciences | is located | southwest of mols | at the Aarhus University | - | - |
| #1 | the school of business and social sciences | is affiliated with | the European University Association | in Brussels | - | - |
| #2 | Aarhus | is governed by | a magistrate | - | - | - |"
reference2,133,baymax was created by american duncan rouleau and steven t . seagle . baymax is a character in big hero 6 which starred alan tudyk .,"# Output
| id | sbj   | pred      | obj_d   | obj_i | sig | adv/cl/comp/sent |
|----|-------|-----------|---------|-------|-----|------------------|
| #0 | baymax | was created | -       | by american Duncan Rouleau and Steven T. Seagle | -   | -                |
| #1 | baymax | is a character | -       | in Big Hero 6 | -   | -                |
| #2 | Big Hero 6 | starred | Alan Tudyk | -     | -   | -                |","# Output
| id | sbj   | pred      | obj_d    | obj_i | sig | adv/cl/comp/sent |
|----|-------|-----------|----------|-------|-----|------------------|
| #0 | baymax | was created by | - | american Duncan Rouleau and Steven T. Seagle | - | - |
| #1 | baymax | is a character in | Big Hero 6 | - | which | starred Alan Tudyk |","# Output
| id | sbj   | pred      | obj_d    | obj_i | sig | adv/cl/comp/sent |
|----|-------|-----------|----------|-------|-----|------------------|
| #0 | baymax | was created | -        | by american Duncan Rouleau and Steven T. Seagle | -   | -                |
| #1 | baymax | is a character | -        | in Big Hero 6 | -   | #2                |
| #2 | Big Hero 6 | starred | Alan Tudyk | -   | -   | -                |"
reference2,136,"italians inhabit italy , where the official language is italian . rome is the capital and one of the leaders is sergio mattarella . also in italy , is the ground of a . s . gubbio 1910 .","| id | sbj | pred | obj_d | obj_i | sig | adv/cl/comp/sent |
| - | - | - | - | - | - | - |
| #0 | Italians | inhabit | Italy | - | - | - |
| #1 | the official language | is | Italian | in Italy | - | - |
| #2 | Rome | is | the capital | of Italy | - | - |
| #3 | one of the leaders | is | Sergio Mattarella | in Italy | - | - |
| #4 | the ground | is | of A.S. Gubbio 1910 | in Italy | - | - |","| id | sbj | pred | obj_d | obj_i | sig | adv/cl/comp/sent |
| - | - | - | - | - | - | - |
| #0 | Italians | inhabit | Italy | - | - | - |
| #1 | the official language | is | Italian | in Italy | - | - |
| #2 | Rome | is | the capital | of Italy | - | - |
| #3 | one of the leaders | is | Sergio Mattarella | in Italy | - | - |
| #4 | the ground | is | of A.S. Gubbio 1910 | in Italy | - | - |","| id | sbj | pred | obj_d | obj_i | sig | adv/cl/comp/sent |
| - | - | - | - | - | - | - |
| #0 | Italians | inhabit | Italy | - | - | - |
| #1 | Italy | has official language | Italian | - | - | - |
| #2 | Rome | is | the capital of Italy | - | - | - |
| #3 | Italy | has leader | Sergio Mattarella | - | - | - |
| #4 | Italy | is | the ground of A.S. Gubbio 1910 | - | - | - |"
reference2,137,the bhajji originates from the karnataka region of india . the main ingredients are gram flour and vegetables however its also known as a bhaji or bajji .,"# Output
| id | sbj | pred | obj_d | obj_i | sig | adv/cl/comp/sent |
| - | - | - | - | - | - | - |
| #0 | the bhajji | originates from | the Karnataka region of India | - | - | - |
| #1 | the main ingredients of the bhajji | are | gram flour and vegetables | - | - | - |
| #2 | the bhajji | is also known as | a bhaji or bajji | - | however | - |","# Output
| id | sbj | pred | obj_d | obj_i | sig | adv/cl/comp/sent |
| - | - | - | - | - | - | - |
| #0 | the bhajji | originates from | the Karnataka region of India | - | - | - |
| #1 | the main ingredients | are | gram flour and vegetables | - | - | - |
| #2 | the bhajji | is also known as | a bhaji or bajji | - | however | - |","# Output
| id | sbj | pred | obj_d | obj_i | sig | adv/cl/comp/sent |
| - | - | - | - | - | - | - |
| #0 | the bhajji | originates from | the Karnataka region of India | - | - | - |
| #1 | the main ingredients of the bhajji | are | gram flour and vegetables | - | - | - |
| #2 | the bhajji | is also known as | a bhaji or bajji | - | - | - |"
reference2,141,"buzz aldrin , ( born glen ridge , new jerseyi is a us national who became a member of the nasa operated apollo 11 crew , having previously served as a fighter pilot .","| id | sbj         | pred        | obj_d                  | obj_i | sig | adv/cl/comp/sent              |
|----|-------------|-------------|------------------------|-------|-----|------------------------------|
| #0 | Buzz Aldrin | was born     | in Glen Ridge, New Jersey | -     | -   | -                            |
| #1 | Buzz Aldrin | is           | a US national          | -     | -   | -                            |
| #2 | Buzz Aldrin | became       | a member               | of the NASA operated Apollo 11 crew | -   | -                            |
| #3 | Buzz Aldrin | previously served | as a fighter pilot   | -     | -   | -                            |","| id | sbj        | pred        | obj_d               | obj_i | sig | adv/cl/comp/sent                |
|----|------------|-------------|---------------------|-------|-----|--------------------------------|
| #0 | Buzz Aldrin | was born in | Glen Ridge, New Jersey | -     | -   | -                              |
| #1 | Buzz Aldrin | is          | a US national        | -     | -   | -                              |
| #2 | Buzz Aldrin | became      | a member            | of the NASA operated Apollo 11 crew | -   | -                              |
| #3 | Buzz Aldrin | previously served | as a fighter pilot | -     | -   | -                              |","| id | sbj         | pred          | obj_d  | obj_i | sig   | adv/cl/comp/sent            |
|----|-------------|---------------|--------|-------|-------|----------------------------|
| #0 | buzz aldrin | was born      | -      | in    | -     | glen ridge, new jersey      |
| #1 | buzz aldrin | is            | a US national | -   | -     | -                          |
| #2 | buzz aldrin | became        | a member | -   | of    | the NASA operated Apollo 11 crew |
| #3 | buzz aldrin | previously served | as a fighter pilot | - | - | -                        |"
reference2,144,"allama iqbal international airport is located in pakistan as it serves the city of lahore and is operated by pakistan civil aviation authority . the airport runway which named "" 18l / 36r "" has a total length of 3310 . 0 .","| id | sbj | pred | obj_d | obj_i | sig | adv/cl/comp/sent |
| - | - | - | - | - | - | - |
| #0 | allama iqbal international airport | is located | - | in pakistan | as | #1 |
| #1 | allama iqbal international airport | serves | the city of lahore | - | and | #2 |
| #2 | allama iqbal international airport | is operated | - | by pakistan civil aviation authority | - | - |
| #3 | the airport runway | is named | ""18L / 36R"" | - | - | - |
| #4 | the airport runway | has | a total length of 3310.0 | - | - | - |","| id | sbj | pred | obj_d | obj_i | sig | adv/cl/comp/sent |
| - | - | - | - | - | - | - |
| #0 | allama iqbal international airport | is located | - | in Pakistan | as | #1 |
| #1 | allama iqbal international airport | serves | the city of Lahore | - | and | #2 |
| #2 | allama iqbal international airport | is operated | - | by Pakistan Civil Aviation Authority | - | - |
| #3 | the airport runway | named | ""18L / 36R"" | - | - | - |
| #4 | the airport runway | has | a total length of 3310.0 | - | - | - |","| id | sbj | pred | obj_d | obj_i | sig | adv/cl/comp/sent |
| - | - | - | - | - | - | - |
| #0 | allama iqbal international airport | is located | - | in Pakistan | as | #1 |
| #1 | allama iqbal international airport | serves | the city of Lahore | - | and | #2 |
| #2 | allama iqbal international airport | is operated | - | by Pakistan Civil Aviation Authority | - | - |
| #3 | the airport runway named ""18L/36R"" | has | a total length | of 3310.0 | - | - |"
reference2,145,"the athens international airport is located in athens , greece which has both alexis tsipras and prokopis pavlopoulos as leaders . the language spoken here is greek .","| id | sbj | pred | obj_d | obj_i | sig | adv/cl/comp/sent |
| - | - | - | - | - | - | - |
| #0 | the Athens International Airport | is located in | Athens, Greece | - | - | - |
| #1 | Athens, Greece | has | Alexis Tsipras | as leader | - | - |
| #2 | Athens, Greece | has | Prokopis Pavlopoulos | as leader | - | - |
| #3 | the Athens International Airport | is | - | where the language spoken is Greek | - | - |","| id | sbj | pred | obj_d | obj_i | sig | adv/cl/comp/sent |
|----|-----|------|-------|-------|-----|-----------------|
| #0 | the athens international airport | is located in | Athens, Greece | - | - | - |
| #1 | Athens, Greece | has | Alexis Tsipras | as leader | - | - |
| #2 | Athens, Greece | has | Prokopis Pavlopoulos | as leader | - | - |
| #3 | the athens international airport | has | Greek | as spoken language | - | - |","| id | sbj | pred | obj_d | obj_i | sig | adv/cl/comp/sent |
| - | - | - | - | - | - | - |
| #0 | the athens international airport | is located in | Athens, Greece | - | - | - |
| #1 | Athens, Greece | has | Alexis Tsipras | as leader | - | - |
| #2 | Athens, Greece | has | Prokopis Pavlopoulos | as leader | - | - |
| #3 | the athens international airport | has | Greek | as spoken language | - | - |"
reference2,146,"200 public square was completed in 1985 , and is located in cleveland , cuyahoga county , ohio , united states .","# Output
| id | sbj               | pred       | obj_d | obj_i | sig    | adv/cl/comp/sent                           |
|----|-------------------|------------|-------|-------|--------|--------------------------------------------|
| #0 | 200 public square | was completed | -     | -     | in     | 1985                                       |
| #1 | 200 public square | is located  | -     | in    | -      | Cleveland, Cuyahoga County, Ohio, United States |","# Output
| id | sbj               | pred      | obj_d | obj_i | sig    | adv/cl/comp/sent                         |
|----|-------------------|-----------|-------|-------|--------|------------------------------------------|
| #0 | 200 public square | was completed | -     | -     | in     | 1985                                     |
| #1 | 200 public square | is located | -     | in    | -      | Cleveland, Cuyahoga County, Ohio, United States |","# Output
| id | sbj             | pred      | obj_d | obj_i | sig    | adv/cl/comp/sent                    |
|----|-----------------|-----------|-------|-------|--------|-------------------------------------|
| #0 | 200 public square | was completed | -     | -     | in     | 1985                              |
| #1 | 200 public square | is located   | -     | in    | -      | Cleveland, Cuyahoga County, Ohio, United States |"
reference2,148,"the akita museum of art , which has 3 floors , is an art museum in the city of akita , japan . it ' s address is 142 nakadori , which is the akita prefecture .","# Output
| id | sbj                  | pred    | obj_d                | obj_i | sig  | adv/cl/comp/sent         |
|----|----------------------|---------|----------------------|-------|------|--------------------------|
| #0 | the akita museum of art | has     | 3 floors             | -     | -    | -                        |
| #1 | the akita museum of art | is      | an art museum        | in the city of akita, japan | -    | -                        |
| #2 | it                   | has     | address              | -     | -    | 142 nakadori             |
| #3 | 142 nakadori         | is      | in                   | the akita prefecture | -    | -                        |","# Output
| id | sbj | pred | obj_d | obj_i | sig | adv/cl/comp/sent |
| - | - | - | - | - | - | - |
| #0 | the akita museum of art | is | an art museum | in the city of akita, Japan | - | - |
| #1 | the akita museum of art | has | 3 floors | - | - | - |
| #2 | the akita museum of art | has address | 142 nakadori | - | - | - |
| #3 | 142 nakadori | is | - | in the akita prefecture | - | - |","# Output
| id | sbj | pred | obj_d | obj_i | sig | adv/cl/comp/sent |
| - | - | - | - | - | - | - |
| #0 | the Akita Museum of Art | is | an art museum | in the city of Akita, Japan | - | - |
| #1 | the Akita Museum of Art | has | 3 floors | - | - | - |
| #2 | the Akita Museum of Art | has address | 142 Nakadori | - | - | - |
| #3 | 142 Nakadori | is | - | in the Akita Prefecture | - | - |"
reference2,150,alvah sabin was a member of the whig party of the united states .,"| id | sbj        | pred          | obj_d | obj_i | sig | adv/cl/comp/sent |
|----|------------|---------------|-------|-------|-----|------------------|
| #0 | Alvah Sabin | was a member  | -     | of the Whig Party of the United States | -   | -                |","| id | sbj       | pred       | obj_d | obj_i | sig | adv/cl/comp/sent |
|----|-----------|------------|-------|-------|-----|------------------|
| #0 | Alvah Sabin | was a member | -     | of the Whig Party of the United States | -   | -                |","| id | sbj       | pred       | obj_d | obj_i | sig | adv/cl/comp/sent |
|----|-----------|------------|-------|-------|-----|------------------|
| #0 | Alvah Sabin | was a member of | the Whig Party | of the United States | - | - |"
reference2,154,native americans are an ethnic group in the u . s .,"| id | sbj             | pred        | obj_d       | obj_i | sig | adv/cl/comp/sent |
|----|-----------------|-------------|-------------|-------|-----|------------------|
| #0 | Native Americans | are         | an ethnic group | in the U.S. | -   | -                |","| id | sbj             | pred      | obj_d       | obj_i | sig | adv/cl/comp/sent |
|----|-----------------|-----------|-------------|-------|-----|------------------|
| #0 | Native Americans | are       | an ethnic group | in the U.S. | -   | -                |","| id | sbj            | pred   | obj_d       | obj_i | sig | adv/cl/comp/sent |
|----|----------------|--------|-------------|-------|-----|------------------|
| #0 | Native Americans | are    | an ethnic group | in the U.S. | -   | -                |"
reference2,156,the manager of al - zawra ' a sc is basim qasim .,"| id | sbj               | pred | obj_d       | obj_i | sig | adv/cl/comp/sent |
|----|-------------------|------|-------------|-------|-----|-----------------|
| #0 | Basim Qasim       | is   | the manager | of Al-Zawra'a SC | -   | -               |","| id | sbj              | pred | obj_d       | obj_i | sig | adv/cl/comp/sent |
|----|------------------|------|-------------|-------|-----|------------------|
| #0 | Basim Qasim      | is   | the manager | of Al-Zawra'a SC | -   | -                |","| id | sbj | pred | obj_d | obj_i | sig | adv/cl/comp/sent |
|----|-----|------|-------|-------|-----|-----------------|
| #0 | Basim Qasim | is | the manager | of Al-Zawra'a SC | - | - |"
reference2,157,alessio romagnoli played in as roma ' s youth team .,"| id | sbj             | pred  | obj_d | obj_i | sig | adv/cl/comp/sent |
|----|-----------------|-------|-------|-------|-----|------------------|
| #0 | alessio romagnoli | played in | -     | as roma's youth team | -   | -                |","| id | sbj             | pred  | obj_d | obj_i | sig | adv/cl/comp/sent |
|----|-----------------|-------|-------|-------|-----|------------------|
| #0 | alessio romagnoli | played | -     | in as roma's youth team | -   | -                |","| id | sbj             | pred  | obj_d | obj_i | sig | adv/cl/comp/sent |
|----|-----------------|-------|-------|-------|-----|------------------|
| #0 | alessio romagnoli | played | -     | in as roma's youth team | -   | -                |"
reference2,160,british people is a demonym for people in the united kingdom .,"| id | sbj | pred | obj_d | obj_i | sig | adv/cl/comp/sent |
|----|-----|------|-------|-------|-----|-----------------|
| #0 | british people | is a demonym | - | for people in the United Kingdom | - | - |","| id | sbj           | pred     | obj_d | obj_i | sig | adv/cl/comp/sent |
|----|---------------|----------|-------|-------|-----|------------------|
| #0 | british people| is       | a demonym | for people in the United Kingdom | -   | -                |","| id | sbj | pred | obj_d | obj_i | sig | adv/cl/comp/sent |
|----|-----|------|-------|-------|-----|-----------------|
| #0 | british people | is a demonym | - | for people in the United Kingdom | - | - |"
reference2,161,carl a wirtanen was the discoverer of 29075 1950 da .,"| id | sbj             | pred         | obj_d      | obj_i | sig  | adv/cl/comp/sent |
|----|-----------------|--------------|------------|-------|------|------------------|
| #0 | carl a wirtanen | was discoverer | of 29075 1950 da | -     | -    | -                |","| id | sbj             | pred         | obj_d      | obj_i | sig  | adv/cl/comp/sent |
|----|-----------------|--------------|------------|-------|------|------------------|
| #0 | carl a wirtanen | was discoverer | of 29075 1950 da | -     | -    | -                |","| id | sbj             | pred        | obj_d      | obj_i | sig | adv/cl/comp/sent |
|----|-----------------|-------------|------------|-------|-----|------------------|
| #0 | carl a wirtanen | was         | discoverer | of 29075 1950 da | -   | -                |"
reference2,162,1001 gaussia ' s former name was 1923 oaa907 xc .,"| id | sbj | pred | obj_d | obj_i | sig | adv/cl/comp/sent |
|----|-----|------|-------|-------|-----|------------------|
| #0 | 1001 Gaussia | was formerly named | 1923 OAA907 XC | - | - | - |","| id | sbj | pred | obj_d | obj_i | sig | adv/cl/comp/sent |
|----|-----|------|-------|-------|-----|-----------------|
| #0 | 1001 Gaussia | was formerly named | 1923 oaa907 xc | - | - | - |","| id | sbj | pred | obj_d | obj_i | sig | adv/cl/comp/sent |
|----|-----|------|-------|-------|-----|------------------|
| #0 | 1001 Gaussia | was formerly named | 1923 OAA907 XC | - | - | - |"
reference2,163,the apoapsis of 101 helena is 441092000 . 0 kilometres .,"| id | sbj          | pred        | obj_d            | obj_i | sig | adv/cl/comp/sent |
|----|--------------|-------------|------------------|-------|-----|------------------|
| #0 | the apoapsis | is          | 441092000.0 kilometres | of 101 helena | -   | -                |","| id | sbj          | pred       | obj_d            | obj_i | sig | adv/cl/comp/sent |
|----|--------------|------------|------------------|-------|-----|------------------|
| #0 | the apoapsis | is         | 441092000.0 kilometres | of 101 Helena | -   | -                |","| id | sbj         | pred           | obj_d         | obj_i | sig | adv/cl/comp/sent |
|----|-------------|----------------|---------------|-------|-----|------------------|
| #0 | the apoapsis | is | 441092000.0 kilometres | of 101 Helena | -   | -                |"
reference2,164,"aaron s . daggett , who fought in the battle of gettysburg , was awarded the purple heart .","| id | sbj                | pred           | obj_d         | obj_i | sig | adv/cl/comp/sent |
|----|--------------------|----------------|---------------|-------|-----|------------------|
| #0 | Aaron S. Daggett   | fought         | -             | in the Battle of Gettysburg | -   | -                |
| #1 | Aaron S. Daggett   | was awarded    | the Purple Heart | -   | -   | -                |
| #2 | the Battle of Gettysburg | -          | -             | -     | -   | -                |","| id | sbj | pred | obj_d | obj_i | sig | adv/cl/comp/sent |
| - | - | - | - | - | - | - |
| #0 | Aaron S. Daggett | fought | - | in the Battle of Gettysburg | - | - |
| #1 | Aaron S. Daggett | was awarded | the Purple Heart | - | - | - |
| #2 | the Battle of Gettysburg | - | - | - | - | - |","| id | sbj | pred | obj_d | obj_i | sig | adv/cl/comp/sent |
| - | - | - | - | - | - | - |
| #0 | aaron s. daggett | fought | - | in the battle of gettysburg | - | - |
| #1 | aaron s. daggett | was awarded | the purple heart | - | - | - |
| #2 | the battle of gettysburg | - | - | - | - | - |"
reference2,165,abdulsalami abubakar was born in minna and attended the technical institute in kaduna .,"| id | sbj               | pred      | obj_d | obj_i | sig | adv/cl/comp/sent      |
|----|-------------------|-----------|-------|-------|-----|-----------------------|
| #0 | Abdulsalami Abubakar | was born   | -     | in Minna | -   | -                     |
| #1 | Abdulsalami Abubakar | attended   | the technical institute | in Kaduna | -   | -                     |","| id | sbj              | pred      | obj_d | obj_i | sig | adv/cl/comp/sent   |
|----|------------------|-----------|-------|-------|-----|--------------------|
| #0 | abdulsalami abubakar | was born  | -     | in minna | -   | -                  |
| #1 | abdulsalami abubakar | attended | the technical institute | in kaduna | -   | -                  |","| id | sbj               | pred       | obj_d | obj_i | sig | adv/cl/comp/sent |
|----|-------------------|------------|-------|-------|-----|------------------|
| #0 | Abdulsalami Abubakar | was born   | -     | in Minna | -   | -                |
| #1 | Abdulsalami Abubakar | attended   | the technical institute | in Kaduna | -   | -                |"
reference2,166,hugo sperrle was a commander in the battle of france in which airey neave was also involved .,"| id | sbj          | pred        | obj_d | obj_i | sig   | adv/cl/comp/sent |
|----|--------------|-------------|-------|-------|-------|------------------|
| #0 | hugo sperrle | was         | -     | -     | in    | the battle of france |
| #1 | the battle of france | involved | airey neave | - | in which | hugo sperrle was a commander |","# Output
| id | sbj         | pred       | obj_d | obj_i | sig  | adv/cl/comp/sent |
|----|-------------|------------|-------|-------|------|------------------|
| #0 | hugo sperrle| was        | -     | a commander | in | the battle of france |
| #1 | the battle of france | involved | airey neave | - | in which | hugo sperrle was a commander |","# Output
| id | sbj         | pred     | obj_d | obj_i | sig   | adv/cl/comp/sent |
|----|-------------|----------|-------|-------|-------|------------------|
| #0 | hugo sperrle| was      | -     | -     | in    | the battle of france |
| #1 | airey neave | was      | -     | -     | in    | the battle of france |
| #2 | the battle of france | involved | airey neave | - | in which | - |"
reference2,168,"born in tampere , finland , aleksander barkov jr played for the florida panthers .","| id | sbj                | pred  | obj_d               | obj_i | sig | adv/cl/comp/sent      |
|----|--------------------|-------|---------------------|-------|-----|-----------------------|
| #0 | aleksander barkov jr | was born | -                   | in tampere, finland | -   | -                     |
| #1 | aleksander barkov jr | played | for the florida panthers | -     | -   | -                     |","| id | sbj                 | pred  | obj_d              | obj_i | sig | adv/cl/comp/sent         |
|----|---------------------|-------|--------------------|-------|-----|--------------------------|
| #0 | aleksander barkov jr| was born | -                | in tampere, finland | -   | -                        |
| #1 | aleksander barkov jr| played | for the florida panthers | -   | -   | -                        |","| id | sbj                | pred  | obj_d             | obj_i | sig | adv/cl/comp/sent       |
|----|--------------------|-------|-------------------|-------|-----|------------------------|
| #0 | aleksander barkov jr | was born | -                 | in tampere, finland | -   | -                      |
| #1 | aleksander barkov jr | played | for the florida panthers | -     | -   | -                      |"
reference2,169,"aleksandre guruli played for fc dinamo batumi , managed by levan khomeriki .","| id | sbj              | pred   | obj_d             | obj_i | sig | adv/cl/comp/sent |
|----|------------------|--------|-------------------|-------|-----|------------------|
| #0 | aleksandre guruli | played | -                 | for fc dinamo batumi | -   | -                |
| #1 | fc dinamo batumi  | was managed | by levan khomeriki | -     | -   | -                |","| id | sbj             | pred   | obj_d            | obj_i | sig | adv/cl/comp/sent |
|----|-----------------|--------|------------------|-------|-----|-----------------|
| #0 | aleksandre guruli | played | -                | for fc dinamo batumi | -   | -               |
| #1 | fc dinamo batumi | is managed | -            | by levan khomeriki  | -   | -               |","| id | sbj             | pred   | obj_d            | obj_i | sig | adv/cl/comp/sent |
|----|-----------------|--------|------------------|-------|-----|------------------|
| #0 | aleksandre guruli | played | -                | for fc dinamo batumi | -   | -                |
| #1 | fc dinamo batumi | is managed | -            | by levan khomeriki  | -   | -                |"
reference2,170,ace wilder is a solo singer with the record label warner music group .,"# Output
| id | sbj         | pred     | obj_d                | obj_i | sig | adv/cl/comp/sent |
|----|-------------|----------|----------------------|-------|-----|------------------|
| #0 | ace wilder  | is       | a solo singer        | -     | with| the record label warner music group |
| #1 | ace wilder  | is       | -                    | -     | with| the record label warner music group |
| #2 | warner music group | is | the record label     | of ace wilder | - | - |","# Output
| id | sbj         | pred     | obj_d               | obj_i | sig | adv/cl/comp/sent |
|----|-------------|----------|---------------------|-------|-----|------------------|
| #0 | ace wilder  | is       | a solo singer       | -     | -   | -                |
| #1 | ace wilder  | is with  | warner music group  | -     | -   | -                |
| #2 | ace wilder  | has      | warner music group  | -     | as  | record label     |","# Output
| id | sbj       | pred      | obj_d                | obj_i | sig | adv/cl/comp/sent |
|----|-----------|-----------|----------------------|-------|-----|------------------|
| #0 | ace wilder | is        | a solo singer        | -     | with | the record label warner music group |"
reference2,171,"alfredo zitarrosa is a milonga musician , who started out as a solo singer .","| id | sbj             | pred       | obj_d | obj_i | sig | adv/cl/comp/sent |
|----|-----------------|------------|-------|-------|-----|------------------|
| #0 | alfredo zitarrosa | is         | a milonga musician | -     | -   | -                |
| #1 | alfredo zitarrosa | started out | -     | as a solo singer | -   | -                |","| id | sbj             | pred        | obj_d        | obj_i | sig | adv/cl/comp/sent |
|----|-----------------|-------------|--------------|-------|-----|------------------|
| #0 | alfredo zitarrosa | is          | a milonga musician | -     | -   | -                |
| #1 | alfredo zitarrosa | started out | -            | as a solo singer | -   | -                |","| id | sbj             | pred        | obj_d       | obj_i | sig | adv/cl/comp/sent |
|----|-----------------|-------------|-------------|-------|-----|------------------|
| #0 | alfredo zitarrosa | is          | a milonga musician | -     | -   | -                |
| #1 | alfredo zitarrosa | started out | -           | as a solo singer | -   | -                |"
reference2,172,anders osborne ' s genre is rhythm and blues and he is signed to the rabadash records label .,"# Output
| id | sbj           | pred     | obj_d             | obj_i | sig | adv/cl/comp/sent |
|----|---------------|----------|-------------------|-------|-----|-----------------|
| #0 | anders osborne | has genre | rhythm and blues | -     | -   | -               |
| #1 | anders osborne | is signed | -                | to the rabadash records label | - | - |","# Output
| id | sbj           | pred       | obj_d              | obj_i | sig | adv/cl/comp/sent |
|----|---------------|------------|--------------------|-------|-----|------------------|
| #0 | anders osborne | has genre  | rhythm and blues   |       |     |                  |
| #1 | anders osborne | is signed  |                    | to the rabadash records label |     |                  |","# Output
| id | sbj           | pred     | obj_d                | obj_i | sig | adv/cl/comp/sent |
|----|---------------|----------|----------------------|-------|-----|------------------|
| #0 | anders osborne | has genre | rhythm and blues     | -     | -   | -                |
| #1 | anders osborne | is signed | -                    | to the rabadash records label | -   | -                |"
reference2,174,james craig watson was the discoverer of 103 hera and he died from peritonitis .,"# Output
| id | sbj               | pred       | obj_d   | obj_i | sig | adv/cl/comp/sent |
|----|-------------------|------------|---------|-------|-----|------------------|
| #0 | james craig watson| was        | -       | -     | the discoverer of  | 103 hera          |
| #1 | james craig watson| died       | -       | from  | peritonitis       |                  |","| id | sbj                | pred      | obj_d   | obj_i | sig | adv/cl/comp/sent |
|----|--------------------|-----------|---------|-------|-----|------------------|
| #0 | james craig watson | was       | -       | -     | -   | the discoverer of 103 hera |
| #1 | james craig watson | died      | -       | from peritonitis | -   | -                |","# Output
| id | sbj               | pred         | obj_d  | obj_i | sig | adv/cl/comp/sent |
|----|-------------------|--------------|--------|-------|-----|------------------|
| #0 | james craig watson| was          | -      | -     | the discoverer of  | 103 hera |
| #1 | james craig watson| died         | -      | from  | peritonitis       | -         |"
reference2,175,110 lydia has an epoch date of december 31st 2006 and has an orbital period of 142603000 . 0 .,"| id | sbj   | pred         | obj_d             | obj_i | sig | adv/cl/comp/sent |
|----|-------|--------------|-------------------|-------|-----|------------------|
| #0 | 110 lydia | has an epoch date | December 31st 2006 | -     | -   | -                |
| #1 | 110 lydia | has an orbital period | 142603000.0 seconds | -     | -   | -                |","| id | sbj   | pred        | obj_d         | obj_i | sig | adv/cl/comp/sent        |
|----|-------|-------------|---------------|-------|-----|-------------------------|
| #0 | 110 lydia | has | an epoch date | -     | of  | December 31st 2006       |
| #1 | 110 lydia | has | an orbital period | -     | of  | 142603000.0             |","| id | sbj   | pred            | obj_d             | obj_i | sig | adv/cl/comp/sent |
|----|-------|-----------------|-------------------|-------|-----|------------------|
| #0 | 110 Lydia | has an epoch date | December 31st 2006 | -     | -   | -                |
| #1 | 110 Lydia | has an orbital period | 142603000.0 seconds | -     | -   | -                |"
reference2,176,aidaluna is operated by aida cruises from rostock .,"# Output
| id | sbj      | pred      | obj_d      | obj_i | sig | adv/cl/comp/sent |
|----|----------|-----------|------------|-------|-----|------------------|
| #0 | aidaluna | is operated | -         | by aida cruises | from | rostock |","# Output
| id | sbj      | pred     | obj_d       | obj_i | sig | adv/cl/comp/sent |
|----|----------|----------|-------------|-------|-----|------------------|
| #0 | aidaluna | is operated | -         | by aida cruises from rostock | -   | -                |
| #1 | aida cruises | is based | -         | in rostock | -   | -                |","# Output
| id | sbj      | pred      | obj_d      | obj_i | sig | adv/cl/comp/sent |
|----|----------|-----------|------------|-------|-----|------------------|
| #0 | aidaluna | is operated | -         | by aida cruises | from | rostock |"
reference2,177,"the airbus defence and space , whose parent company is airbus group , made the ariane 5 .","| id | sbj                         | pred      | obj_d     | obj_i | sig | adv/cl/comp/sent |
|----|-----------------------------|-----------|-----------|-------|-----|------------------|
| #0 | the airbus defence and space | made      | the ariane 5 | -     | -   | -                |
| #1 | the airbus defence and space | has parent company | airbus group | - | -   | -                |","| id | sbj | pred | obj_d | obj_i | sig | adv/cl/comp/sent |
| - | - | - | - | - | - | - |
| #0 | airbus defence and space | made | the ariane 5 | - | - | - |
| #1 | airbus defence and space | has parent company | airbus group | - | - | - |","| id | sbj | pred | obj_d | obj_i | sig | adv/cl/comp/sent |
|----|-----|------|-------|-------|-----|-----------------|
| #0 | Airbus Defence and Space | made | the Ariane 5 | - | - | - |
| #1 | Airbus Defence and Space | has parent company | Airbus Group | - | - | - |"
reference2,178,atlas ii has a diameter of 3 . 04m and its final flight was on the 16th march 1998 .,"| id | sbj      | pred        | obj_d       | obj_i | sig | adv/cl/comp/sent        |
|----|----------|-------------|-------------|-------|-----|-------------------------|
| #0 | atlas ii | has         | a diameter  | -     | of  | 3.04m                   |
| #1 | atlas ii | had         | its final flight | -   | on  | the 16th March 1998     |","| id | sbj      | pred        | obj_d   | obj_i | sig | adv/cl/comp/sent       |
|----|----------|-------------|---------|-------|-----|------------------------|
| #0 | atlas ii | has         | a diameter of 3.04m | -     | -   | -                      |
| #1 | atlas ii | had         | its final flight | -     | on  | the 16th March 1998     |","| id | sbj     | pred        | obj_d     | obj_i | sig | adv/cl/comp/sent       |
|----|---------|-------------|-----------|-------|-----|------------------------|
| #0 | atlas ii| has         | a diameter| -     | of  | 3.04m                  |
| #1 | atlas ii| had         | its final flight| - | on  | the 16th March 1998    |"
reference2,179,adam koc fought in the polish - soviet war which was a conflict within the russian civil war . leon trotsky was the commender in the polish - soviet war .,"| id | sbj       | pred        | obj_d | obj_i | sig   | adv/cl/comp/sent |
|----|-----------|-------------|-------|-------|-------|------------------|
| #0 | adam koc  | fought in   | -     | the polish - soviet war | -     | -                |
| #1 | the polish - soviet war | was a conflict | -     | within the russian civil war | -     | -                |
| #2 | leon trotsky | was the commender | -     | in the polish - soviet war | -     | -                |","| id | sbj       | pred       | obj_d                    | obj_i | sig   | adv/cl/comp/sent          |
|----|-----------|------------|--------------------------|-------|-------|---------------------------|
| #0 | adam koc  | fought in  | the Polish-Soviet War    | -     | which | #1                        |
| #1 | the Polish-Soviet War | was | a conflict           | -     | within| the Russian Civil War     |
| #2 | leon trotsky | was     | the commender            | in the Polish-Soviet War | - | - |","| id | sbj       | pred            | obj_d | obj_i | sig  | adv/cl/comp/sent              |
|----|-----------|-----------------|-------|-------|------|-------------------------------|
| #0 | adam koc  | fought          | -     | in the polish - soviet war | -    | -                             |
| #1 | the polish - soviet war | was   | a conflict | -     | within | the russian civil war |
| #2 | leon trotsky | was          | the commender | -     | in    | the polish - soviet war      |"
reference2,180,"agnes kant , born in west germany , graduated from radboud university nijmegen and worked as a member of the house of representatives .","| id | sbj         | pred      | obj_d                         | obj_i | sig | adv/cl/comp/sent                |
|----|-------------|-----------|-------------------------------|-------|-----|--------------------------------|
| #0 | agnes kant  | was born  | -                             | in    | west germany                   |
| #1 | agnes kant  | graduated | -                             | from  | radboud university nijmegen     |
| #2 | agnes kant  | worked    | as a member of the house of representatives | -     | -   | -                              |","| id | sbj         | pred      | obj_d                    | obj_i | sig | adv/cl/comp/sent             |
|----|-------------|-----------|--------------------------|-------|-----|-----------------------------|
| #0 | agnes kant  | was born  | -                        | in    | west germany                  |
| #1 | agnes kant  | graduated | -                        | from  | radboud university nijmegen   |
| #2 | agnes kant  | worked    | as a member              | of    | the house of representatives  |","| id | sbj         | pred       | obj_d                         | obj_i | sig | adv/cl/comp/sent              |
|----|-------------|------------|-------------------------------|-------|-----|------------------------------|
| #0 | agnes kant  | was born   | -                             | in    | West Germany                  |
| #1 | agnes kant  | graduated  | -                             | from  | Radboud University Nijmegen   |
| #2 | agnes kant  | worked     | as a member of the House of Representatives | -     | -    | -                            |"
reference2,181,albert jennings fountain was born in staten island in new york city . he passed away in new mexico territory .,"| id | sbj                     | pred         | obj_d | obj_i | sig | adv/cl/comp/sent               |
|----|-------------------------|--------------|-------|-------|-----|--------------------------------|
| #0 | Albert Jennings Fountain | was born     | -     | in    | on  | Staten Island in New York City |
| #1 | Albert Jennings Fountain | passed away  | -     | in    | -   | New Mexico Territory           |","| id | sbj                     | pred        | obj_d | obj_i | sig | adv/cl/comp/sent          |
|----|-------------------------|-------------|-------|-------|-----|---------------------------|
| #0 | Albert Jennings Fountain | was born    | -     | in    | on  | Staten Island in New York City |
| #1 | Albert Jennings Fountain | passed away | -     | in    | -   | New Mexico Territory      |","| id | sbj                    | pred         | obj_d | obj_i | sig | adv/cl/comp/sent              |
|----|------------------------|--------------|-------|-------|-----|-------------------------------|
| #0 | Albert Jennings Fountain | was born     | -     | in Staten Island | in | New York City              |
| #1 | Albert Jennings Fountain | passed away  | -     | in | New Mexico Territory           |"
reference2,182,"107 camilla was discovered by english , n . r . pogson , who was born in nottingham .","| id | sbj             | pred        | obj_d    | obj_i | sig | adv/cl/comp/sent |
|----|-----------------|-------------|----------|-------|-----|------------------|
| #0 | 107 Camilla     | was discovered | -        | by English, N. R. Pogson | -   | -                |
| #1 | N. R. Pogson    | was born    | -        | in Nottingham | -   | -                |
| #2 | N. R. Pogson    | discovered  | 107 Camilla | -     | -   | -                |","| id | sbj | pred | obj_d | obj_i | sig | adv/cl/comp/sent |
|----|-----|------|-------|-------|-----|-----------------|
| #0 | 107 Camilla | was discovered by | English, N. R. Pogson | - | - | - |
| #1 | N. R. Pogson | was born | - | in Nottingham | - | - |","| id | sbj | pred | obj_d | obj_i | sig | adv/cl/comp/sent |
|----|-----|------|-------|-------|-----|-----------------|
| #0 | 107 Camilla | was discovered by | English, N. R. Pogson | - | - | - |
| #1 | N. R. Pogson | was born | - | in Nottingham | - | - |"
reference2,183,the 109 felicitas ( mass of 7 . 5 kilograms ) has an orbital period of 139705000 . 0 and has an epoch date of the 31st december 2006 .,"| id | sbj | pred | obj_d | obj_i | sig | adv/cl/comp/sent |
| - | - | - | - | - | - | - |
| #0 | the 109 felicitas | has | mass | - | of | 7.5 kilograms |
| #1 | the 109 felicitas | has | an orbital period | - | of | 139705000.0 |
| #2 | the 109 felicitas | has | an epoch date | - | of | the 31st December 2006 |","| id | sbj | pred | obj_d | obj_i | sig | adv/cl/comp/sent |
| - | - | - | - | - | - | - |
| #0 | the 109 felicitas | has | a mass | of 7.5 kilograms | - | - |
| #1 | the 109 felicitas | has | an orbital period | of 139705000.0 | - | - |
| #2 | the 109 felicitas | has | an epoch date | of the 31st December 2006 | - | - |","| id | sbj | pred | obj_d | obj_i | sig | adv/cl/comp/sent |
| - | - | - | - | - | - | - |
| #0 | the 109 felicitas | has | a mass | - | of | 7.5 kilograms |
| #1 | the 109 felicitas | has | an orbital period | - | of | 139705000.0 |
| #2 | the 109 felicitas | has | an epoch date | - | of | the 31st December 2006 |"
reference2,184,110 lydia has an epoch date of december 31st 2006 . its mass is 6 . 7 kg and has a periapsis measurement of 377016000000 . 0 .,"| id | sbj   | pred          | obj_d           | obj_i | sig | adv/cl/comp/sent |
|----|-------|---------------|-----------------|-------|-----|------------------|
| #0 | 110 lydia | has epoch date | December 31st 2006 | -     | -   | -                |
| #1 | 110 lydia | has mass       | 6.7 kg           | -     | -   | -                |
| #2 | 110 lydia | has periapsis  | 377016000000.0   | -     | -   | -                |","# Output
| id | sbj   | pred       | obj_d | obj_i | sig | adv/cl/comp/sent            |
|----|-------|------------|-------|-------|-----|-----------------------------|
| #0 | 110 lydia | has epoch date | December 31st 2006 | - | - | - |
| #1 | 110 lydia | has mass | 6.7 kg | - | - | - |
| #2 | 110 lydia | has periapsis measurement | 377016000000.0 | - | - | - |","# Output
| id | sbj   | pred       | obj_d | obj_i | sig | adv/cl/comp/sent |
|----|-------|------------|-------|-------|-----|------------------|
| #0 | 110 lydia | has epoch date | December 31st 2006 | - | - | - |
| #1 | 110 lydia | has mass | 6.7 kg | - | - | - |
| #2 | 110 lydia | has periapsis measurement | 377016000000.0 | - | - | - |"
reference2,185,pop musician aleksandra kovac is associated with the musical artist bebi dol and is part of the band k2 kovac sisters duo .,"| id | sbj                | pred            | obj_d                  | obj_i | sig | adv/cl/comp/sent |
|----|--------------------|-----------------|------------------------|-------|-----|------------------|
| #0 | aleksandra kovac   | is associated   | bebi dol               | with  | -   | -                |
| #1 | aleksandra kovac   | is part         | k2 kovac sisters duo   | of    | -   | -                |
| #2 | k2 kovac sisters duo | has member     | aleksandra kovac       | -     | -   | -                |","| id | sbj                | pred          | obj_d                     | obj_i | sig | adv/cl/comp/sent |
|----|--------------------|---------------|---------------------------|-------|-----|------------------|
| #0 | aleksandra kovac   | is associated | -                         | with  | the musical artist bebi dol |
| #1 | aleksandra kovac   | is part       | of the band k2 kovac sisters duo | -     | -   | -                |","| id | sbj                | pred         | obj_d                | obj_i | sig | adv/cl/comp/sent |
|----|--------------------|--------------|----------------------|-------|-----|------------------|
| #0 | aleksandra kovac   | is associated| bebi dol             | with  | -   | -                |
| #1 | aleksandra kovac   | is part of   | k2 kovac sisters duo | -     | -   | -                |
| #2 | k2 kovac sisters duo | has member  | aleksandra kovac     | -     | -   | -                |"
reference2,187,alex day performs synthpop music which originated from disco and stylistically is a type of pop music .,"| id | sbj      | pred        | obj_d        | obj_i | sig     | adv/cl/comp/sent |
|----|----------|-------------|--------------|-------|---------|------------------|
| #0 | alex day | performs    | synthpop music | -     | -       | -                |
| #1 | synthpop music | originated from | disco     | -     | and     | #2               |
| #2 | synthpop music | is a type of | pop music   | -     | stylistically | -                |","| id | sbj        | pred        | obj_d       | obj_i | sig | adv/cl/comp/sent |
|----|------------|-------------|-------------|-------|-----|------------------|
| #0 | Alex Day   | performs    | synthpop music | -     | -   | -                |
| #1 | synthpop music | originated from | disco | -     | -   | -                |
| #2 | synthpop music | is          | a type of pop music | -     | stylistically | -                |","| id | sbj       | pred        | obj_d          | obj_i | sig     | adv/cl/comp/sent        |
|----|-----------|-------------|----------------|-------|---------|-------------------------|
| #0 | alex day  | performs    | synthpop music | -     | -       | -                       |
| #1 | synthpop music | originated from | disco | -     | and     | is a type of pop music  |
| #2 | synthpop music | is         | a type of pop music | - | stylistically | -       |"
reference2,188,"the alfa romeo 164 , assembled in italy ( capital : rome ) is a similar mode of transport as the fiat croma .","| id | sbj               | pred      | obj_d          | obj_i | sig | adv/cl/comp/sent |
|----|-------------------|-----------|----------------|-------|-----|------------------|
| #0 | the alfa romeo 164 | was assembled | -              | in Italy | -   | -                |
| #1 | Italy             | has capital | Rome           | -     | -   | -                |
| #2 | the alfa romeo 164 | is a similar mode of transport | -              | as the fiat croma | -   | -                |","| id | sbj              | pred         | obj_d          | obj_i | sig | adv/cl/comp/sent |
|----|------------------|--------------|----------------|-------|-----|------------------|
| #0 | the alfa romeo 164 | is assembled | -              | in Italy | -   | -                |
| #1 | Italy            | has capital  | Rome           | -     | -   | -                |
| #2 | the alfa romeo 164 | is           | a similar mode of transport | as the fiat croma | -   | -                |","| id | sbj               | pred      | obj_d        | obj_i | sig  | adv/cl/comp/sent              |
|----|-------------------|-----------|--------------|-------|------|-------------------------------|
| #0 | the alfa romeo 164| is assembled | -          | in Italy | -    | -                             |
| #1 | Italy             | has capital | Rome        | -     | -    | -                             |
| #2 | the alfa romeo 164| is a similar mode of transport | - | as the fiat croma | - | -     |"
reference2,189,the alfa romeo 164 was made in italy and is related to the lancia thema vehicle . rome is the capital of italy .,"| id | sbj            | pred        | obj_d                | obj_i | sig | adv/cl/comp/sent     |
|----|----------------|-------------|----------------------|-------|-----|----------------------|
| #0 | the alfa romeo 164 | was made    | -                    | in Italy | -   | -                    |
| #1 | the alfa romeo 164 | is related  | to the lancia thema vehicle | -     | -   | -                    |
| #2 | Rome           | is the capital | of Italy             | -     | -   | -                    |","| id | sbj             | pred       | obj_d                | obj_i | sig | adv/cl/comp/sent |
|----|-----------------|------------|----------------------|-------|-----|------------------|
| #0 | the alfa romeo 164 | was made   | -                    | in Italy | -   | -                |
| #1 | the alfa romeo 164 | is related | the lancia thema vehicle | -     | -   | -                |
| #2 | Rome             | is         | the capital          | of Italy | -   | -                |","| id | sbj             | pred        | obj_d               | obj_i | sig | adv/cl/comp/sent |
|----|-----------------|-------------|---------------------|-------|-----|------------------|
| #0 | the alfa romeo 164 | was made    | -                   | in Italy | -   | -                |
| #1 | the alfa romeo 164 | is related  | to the lancia thema vehicle | -     | -   | -                |
| #2 | Rome             | is the capital | of Italy            | -     | -   | -                |"
reference2,190,aida cruises owns the aidaluna which is powered by an engine from illinois based caterpillar inc .,"# Output
| id | sbj       | pred      | obj_d     | obj_i | sig | adv/cl/comp/sent |
|----|-----------|-----------|-----------|-------|-----|------------------|
| #0 | aida cruises | owns      | the aidaluna | -     | -   | -                |
| #1 | the aidaluna | is powered | -          | by an engine | from | illinois based caterpillar inc. |","# Output
| id | sbj         | pred   | obj_d     | obj_i | sig | adv/cl/comp/sent |
|----|-------------|--------|-----------|-------|-----|------------------|
| #0 | aida cruises | owns   | the aidaluna | -     | -   | -                |
| #1 | the aidaluna | is powered by | an engine | -     | from | illinois based caterpillar inc |","# Output
| id | sbj       | pred   | obj_d   | obj_i | sig | adv/cl/comp/sent |
|----|-----------|--------|---------|-------|-----|------------------|
| #0 | aida cruises | owns   | the aidaluna | -     | -   | -                |
| #1 | the aidaluna | is powered by | an engine | -     | from | illinois based caterpillar inc. |"
reference2,191,aaron hun ' s club is vfl wolfsburg but he previously played for both sv werder bremen and goslarer sc 08 youth team .,"| id | sbj          | pred            | obj_d                  | obj_i | sig      | adv/cl/comp/sent |
|----|--------------|-----------------|------------------------|-------|----------|------------------|
| #0 | Aaron Hun's club | is              | VfL Wolfsburg          | -     | -        | -                |
| #1 | Aaron Hun    | played          | -                      | for   | previously | both SV Werder Bremen and Goslarer SC 08 youth team |
| #2 | Aaron Hun    | previously played | for SV Werder Bremen   | -     | -        | -                |
| #3 | Aaron Hun    | previously played | for Goslarer SC 08 youth team | -     | -        | -                |","| id | sbj       | pred            | obj_d                | obj_i | sig      | adv/cl/comp/sent |
|----|-----------|-----------------|----------------------|-------|----------|------------------|
| #0 | aaron hun | 's club is      | vfl wolfsburg        | -     | -        | -                |
| #1 | aaron hun | previously played | -                  | for   | both     | #2, #3           |
| #2 | aaron hun | played          | -                    | for   | -        | sv werder bremen |
| #3 | aaron hun | played          | -                    | for   | -        | goslarer sc 08 youth team |","| id | sbj         | pred           | obj_d                     | obj_i | sig       | adv/cl/comp/sent |
|----|-------------|----------------|---------------------------|-------|-----------|------------------|
| #0 | aaron hun   | has club       | vfl wolfsburg             | -     | -         | -                |
| #1 | aaron hun   | played         | for sv werder bremen      | -     | previously| -                |
| #2 | aaron hun   | played         | for goslarer sc 08 youth team | - | previously| -                |"
reference2,192,"st louis rams is the former team of akeem ayers , who was drat pick 39 , in the draft round , 2 .","| id | sbj          | pred       | obj_d         | obj_i | sig | adv/cl/comp/sent      |
|----|--------------|------------|---------------|-------|-----|-----------------------|
| #0 | st louis rams| is         | former team   | of akeem ayers | -   | -                 |
| #1 | akeem ayers  | was        | draft pick 39 | -     | in  | the draft round, 2    |","# Output
| id | sbj | pred | obj_d | obj_i | sig | adv/cl/comp/sent |
| - | - | - | - | - | - | - |
| #0 | St. Louis Rams | is the former team | of Akeem Ayers | - | - | - |
| #1 | Akeem Ayers | was draft pick | 39 | - | in | the draft round, 2 |","# Output
| id | sbj | pred | obj_d | obj_i | sig | adv/cl/comp/sent |
| - | - | - | - | - | - | - |
| #0 | st louis rams | is former team of | akeem ayers | - | - | - |
| #1 | akeem ayers | was draft pick | 39 | - | in | the draft round, 2 |"
reference2,194,"alaa abdul zahra , who played for the club al - zawra ' a sc , plays for al kharaitiyat sc . al khor is the home ground of al kharaitiyat sc which is managed by , amar osim .","| id | sbj | pred | obj_d | obj_i | sig | adv/cl/comp/sent |
| - | - | - | - | - | - | - |
| #0 | alaa abdul zahra | played for | the club al-zawra'a SC | - | - | - |
| #1 | alaa abdul zahra | plays for | al kharaitiyat SC | - | - | - |
| #2 | al kharaitiyat SC | has home ground | al khor | - | - | - |
| #3 | al kharaitiyat SC | is managed by | amar osim | - | - | - |","| id | sbj | pred | obj_d | obj_i | sig | adv/cl/comp/sent |
| - | - | - | - | - | - | - |
| #0 | alaa abdul zahra | played for | the club | al-zawra'a SC | - | - |
| #1 | alaa abdul zahra | plays for | - | al kharaitiyat SC | - | - |
| #2 | al kharaitiyat SC | has home ground | al khor | - | - | - |
| #3 | al kharaitiyat SC | is managed by | - | amar osim | - | - |","| id | sbj                | pred          | obj_d             | obj_i | sig | adv/cl/comp/sent       |
|----|--------------------|---------------|-------------------|-------|-----|------------------------|
| #0 | alaa abdul zahra   | played for    | the club          | -     | -   | -                      |
| #1 | the club           | is            | al-zawra'a SC     | -     | -   | -                      |
| #2 | alaa abdul zahra   | plays for     | al kharaitiyat SC | -     | -   | -                      |
| #3 | al kharaitiyat SC  | has home ground | al khor         | -     | -   | -                      |
| #4 | al kharaitiyat SC  | is managed by | amar osim         | -     | -   | -                      |"
reference2,195,"alaa abdul zahra ' s club is al kharaitiyat sc which is managed by amar osim and is located in al khor . another club of alaa abdul - zahra , is shabab al - ordon club .","# Output
| id | sbj | pred | obj_d | obj_i | sig | adv/cl/comp/sent |
| - | - | - | - | - | - | - |
| #0 | alaa abdul zahra's club | is | al kharaitiyat sc | - | - | - |
| #1 | al kharaitiyat sc | is managed by | amar osim | - | - | - |
| #2 | al kharaitiyat sc | is located in | al khor | - | - | - |
| #3 | alaa abdul zahra | has another club | shabab al-ordon club | - | - | - |","| id | sbj | pred | obj_d | obj_i | sig | adv/cl/comp/sent |
| - | - | - | - | - | - | - |
| #0 | alaa abdul zahra | has club | al kharaitiyat sc | - | - | - |
| #1 | al kharaitiyat sc | is managed by | amar osim | - | - | - |
| #2 | al kharaitiyat sc | is located in | al khor | - | - | - |
| #3 | alaa abdul zahra | has another club | shabab al-ordon club | - | - | - |","# Output
| id | sbj | pred | obj_d | obj_i | sig | adv/cl/comp/sent |
| - | - | - | - | - | - | - |
| #0 | alaa abdul zahra's club | is | al kharaitiyat sc | - | - | - |
| #1 | al kharaitiyat sc | is managed by | amar osim | - | - | - |
| #2 | al kharaitiyat sc | is located in | al khor | - | - | - |
| #3 | another club of alaa abdul zahra | is | shabab al-ordon club | - | - | - |"
reference2,196,"aleksandr prudnikov was born february 24 , 1989 and is 185 cm tall . he plays for fc dynamo moscow and fc kuban krasnodar .","| id | sbj               | pred       | obj_d                | obj_i | sig | adv/cl/comp/sent |
|----|-------------------|------------|----------------------|-------|-----|------------------|
| #0 | aleksandr prudnikov | was born   | -                    | -     | on  | february 24, 1989 |
| #1 | aleksandr prudnikov | is         | 185 cm tall          | -     | -   | -                |
| #2 | aleksandr prudnikov | plays for  | fc dynamo moscow     | -     | and | fc kuban krasnodar |","# Output
| id | sbj              | pred      | obj_d | obj_i | sig | adv/cl/comp/sent        |
|----|------------------|-----------|-------|-------|-----|-------------------------|
| #0 | aleksandr prudnikov | was born  | -     | -     | on  | february 24, 1989       |
| #1 | aleksandr prudnikov | is        | 185 cm tall | -     | -   | -                     |
| #2 | aleksandr prudnikov | plays for | fc dynamo moscow | -     | -   | -                     |
| #3 | aleksandr prudnikov | plays for | fc kuban krasnodar | -     | -   | -                     |","# Output
| id | sbj               | pred     | obj_d | obj_i | sig | adv/cl/comp/sent        |
|----|-------------------|----------|-------|-------|-----|-------------------------|
| #0 | aleksandr prudnikov | was born | -     | -     | on  | february 24, 1989       |
| #1 | aleksandr prudnikov | is       | 185 cm tall | -     | -   | -                     |
| #2 | aleksandr prudnikov | plays    | -     | for fc dynamo moscow | -   | -             |
| #3 | aleksandr prudnikov | plays    | -     | for fc kuban krasnodar | -   | -           |"
reference2,197,"107 camilla was discovered by n . r . pogson , who was born in nottingham and died in chennai . it was discovered on march 1st 2001 .","| id | sbj | pred | obj_d | obj_i | sig | adv/cl/comp/sent |
| - | - | - | - | - | - | - |
| #0 | 107 Camilla | was discovered | - | by N. R. Pogson | - | - |
| #1 | N. R. Pogson | was born | - | in Nottingham | - | - |
| #2 | N. R. Pogson | died | - | in Chennai | - | - |
| #3 | 107 Camilla | was discovered | - | - | on | March 1st 2001 |","| id | sbj | pred | obj_d | obj_i | sig | adv/cl/comp/sent |
| - | - | - | - | - | - | - |
| #0 | 107 Camilla | was discovered | - | by N. R. Pogson | - | - |
| #1 | 107 Camilla | was discovered | - | - | on | March 1st 2001 |
| #2 | N. R. Pogson | was born | - | in Nottingham | - | - |
| #3 | N. R. Pogson | died | - | in Chennai | - | - |","| id | sbj | pred | obj_d | obj_i | sig | adv/cl/comp/sent |
| - | - | - | - | - | - | - |
| #0 | 107 Camilla | was discovered | - | by N. R. Pogson | - | - |
| #1 | N. R. Pogson | was born | - | in Nottingham | - | - |
| #2 | N. R. Pogson | died | - | in Chennai | - | - |
| #3 | 107 Camilla | was discovered | - | - | on | March 1st 2001 |"
reference2,198,1928 sj was the former name of 1101 clematis and its epoch date was on 31 december 2006 . its periapsis is 445895000000 . 0 and its orbital period is 183309000 . 0 .,"# Output
| id | sbj      | pred        | obj_d                | obj_i | sig | adv/cl/comp/sent          |
|----|----------|-------------|----------------------|-------|-----|---------------------------|
| #0 | 1928 sj  | was         | the former name      | of 1101 clematis | -   | -                         |
| #1 | 1928 sj  | had         | its epoch date       | -     | on  | 31 december 2006          |
| #2 | 1928 sj  | has         | periapsis            | -     | -   | 445895000000.0            |
| #3 | 1928 sj  | has         | orbital period       | -     | -   | 183309000.0               |","| id | sbj | pred | obj_d | obj_i | sig | adv/cl/comp/sent |
| - | - | - | - | - | - | - |
| #0 | 1928 sj | was | the former name of 1101 clematis | - | - | - |
| #1 | 1928 sj | had | its epoch date | on 31 december 2006 | - | - |
| #2 | 1928 sj | has | periapsis | 445895000000.0 | - | - |
| #3 | 1928 sj | has | orbital period | 183309000.0 | - | - |","| id | sbj | pred | obj_d | obj_i | sig | adv/cl/comp/sent |
| - | - | - | - | - | - | - |
| #0 | 1928 sj | was | the former name of 1101 clematis | - | - | - |
| #1 | 1928 sj | had | its epoch date | on | 31 december 2006 |
| #2 | 1928 sj | has | periapsis | - | at | 445895000000.0 |
| #3 | 1928 sj | has | orbital period | - | at | 183309000.0 |"
reference2,200,"the alco rs - 3 which was built by the american locomotive company , was produced between may 1950 and august 1956 . it has a v12 engine and is 17068 . 8 ( millimetres ) in length .","| id | sbj | pred | obj_d | obj_i | sig | adv/cl/comp/sent |
| - | - | - | - | - | - | - |
| #0 | the alco rs-3 | was built | - | by the American Locomotive Company | - | - |
| #1 | the alco rs-3 | was produced | - | - | between | May 1950 and August 1956 |
| #2 | the alco rs-3 | has | a V12 engine | - | - | - |
| #3 | the alco rs-3 | is | 17068.8 millimetres | - | in | length |","| id | sbj | pred | obj_d | obj_i | sig | adv/cl/comp/sent |
| - | - | - | - | - | - | - |
| #0 | the alco rs-3 | was built | - | by the American Locomotive Company | - | - |
| #1 | the alco rs-3 | was produced | - | - | between | May 1950 and August 1956 |
| #2 | the alco rs-3 | has | a V12 engine | - | - | - |
| #3 | the alco rs-3 | is | 17068.8 millimetres | - | in | length |","| id | sbj | pred | obj_d | obj_i | sig | adv/cl/comp/sent |
| - | - | - | - | - | - | - |
| #0 | the alco rs-3 | was built | - | by the American Locomotive Company | - | - |
| #1 | the alco rs-3 | was produced | - | - | between | May 1950 and August 1956 |
| #2 | the alco rs-3 | has | a V12 engine | - | - | - |
| #3 | the alco rs-3 | is | 17068.8 (millimetres) | - | in | length |"
reference2,201,"the antares rocket made its first flight on april 21 , 2013 and its final flight was on 2014 - 10 - 28 . it is manufactured by the yuzhnoye design office and it was launched from the mid - atlantic regional spaceport launch pad 0 .","| id | sbj                | pred           | obj_d        | obj_i | sig | adv/cl/comp/sent                 |
|----|--------------------|----------------|--------------|-------|-----|----------------------------------|
| #0 | the antares rocket | made           | its first flight | -     | on  | april 21, 2013                   |
| #1 | the antares rocket | had            | its final flight | -     | on  | 2014-10-28                       |
| #2 | the antares rocket | is manufactured| -            | by    | the yuzhnoye design office         |
| #3 | the antares rocket | was launched   | -            | from  | the mid-atlantic regional spaceport launch pad 0 |","| id | sbj                | pred            | obj_d          | obj_i | sig | adv/cl/comp/sent             |
|----|--------------------|-----------------|----------------|-------|-----|-----------------------------|
| #0 | the antares rocket | made            | its first flight | -     | on  | april 21, 2013              |
| #1 | the antares rocket | had             | its final flight | -     | on  | 2014-10-28                  |
| #2 | it                | is manufactured | -              | by    | the yuzhnoye design office     |
| #3 | it                | was launched    | -              | from  | the mid-atlantic regional spaceport launch pad 0 |","| id | sbj               | pred            | obj_d          | obj_i | sig | adv/cl/comp/sent                |
|----|-------------------|-----------------|----------------|-------|-----|---------------------------------|
| #0 | the antares rocket | made            | its first flight | -     | on  | april 21, 2013                  |
| #1 | the antares rocket | had             | its final flight | -     | on  | 2014-10-28                      |
| #2 | the antares rocket | is manufactured | -               | by    | the yuzhnoye design office        |
| #3 | the antares rocket | was launched    | -               | from  | the mid-atlantic regional spaceport launch pad 0 |"
reference2,202,"the aidastella , owned by costa crociere ( genoa ) and built by meyer werft , is operated by aida cruises .","# Output
| id | sbj          | pred    | obj_d          | obj_i | sig | adv/cl/comp/sent |
|----|--------------|---------|----------------|-------|-----|------------------|
| #0 | the aidastella | is owned by | costa crociere | -     | -   | -                |
| #1 | costa crociere | is based in | Genoa          | -     | -   | -                |
| #2 | the aidastella | was built by | meyer werft    | -     | -   | -                |
| #3 | the aidastella | is operated by | aida cruises  | -     | -   | -                |","# Output
| id | sbj             | pred    | obj_d        | obj_i | sig | adv/cl/comp/sent |
|----|-----------------|---------|--------------|-------|-----|------------------|
| #0 | the aidastella  | is owned by | costa crociere | -     | -   | -                |
| #1 | costa crociere  | is located in | Genoa       | -     | -   | -                |
| #2 | the aidastella  | was built by | meyer werft  | -     | -   | -                |
| #3 | the aidastella  | is operated by | aida cruises | -     | -   | -                |","# Output
| id | sbj            | pred     | obj_d        | obj_i | sig | adv/cl/comp/sent |
|----|----------------|----------|--------------|-------|-----|------------------|
| #0 | the aidastella | is owned | -            | by    | costa crociere (genoa) |
| #1 | the aidastella | was built| -            | by    | meyer werft |
| #2 | the aidastella | is operated | -         | by    | aida cruises |"
reference2,203,the musical genre of albennie jones is rhythm and blues and he started his career in 1950 . rhythm and blues music originated from the blues and disco is its derivative .,"# Output
| id | sbj | pred | obj_d | obj_i | sig | adv/cl/comp/sent |
| - | - | - | - | - | - | - |
| #0 | albennie jones | has musical genre | rhythm and blues | - | - | - |
| #1 | albennie jones | started his career | - | - | in | 1950 |
| #2 | rhythm and blues music | originated from | the blues | - | - | - |
| #3 | disco | is derivative of | rhythm and blues music | - | - | - |","# Output
| id | sbj              | pred          | obj_d              | obj_i | sig     | adv/cl/comp/sent |
|----|------------------|---------------|--------------------|-------|---------|------------------|
| #0 | albennie jones   | has musical genre | rhythm and blues   | -     | -       | -                |
| #1 | albennie jones   | started his career | -                  | in 1950 | -       | -                |
| #2 | rhythm and blues | originated from | the blues           | -     | -       | -                |
| #3 | disco            | is derivative of | rhythm and blues   | -     | -       | -                |","# Output
| id | sbj | pred | obj_d | obj_i | sig | adv/cl/comp/sent |
| - | - | - | - | - | - | - |
| #0 | albennie jones | has musical genre | rhythm and blues | - | - | - |
| #1 | albennie jones | started his career | - | - | in | 1950 |
| #2 | rhythm and blues music | originated from | the blues | - | - | - |
| #3 | disco | is derivative of | rhythm and blues music | - | - | - |"
reference2,204,chameleon circuit member and electronic musician alex day began in 2006 and is associated with artist charlie mcdonnell .,"| id | sbj | pred | obj_d | obj_i | sig | adv/cl/comp/sent |
| - | - | - | - | - | - | - |
| #0 | Alex Day | began | - | - | in | 2006 |
| #1 | Alex Day | is associated with | artist Charlie McDonnell | - | - | - |
| #2 | Alex Day | is | a chameleon circuit member and electronic musician | - | - | - |","| id | sbj | pred | obj_d | obj_i | sig | adv/cl/comp/sent |
| - | - | - | - | - | - | - |
| #0 | Alex Day | began | - | - | in | 2006 |
| #1 | Alex Day | is associated with | artist Charlie McDonnell | - | - | - |
| #2 | Alex Day | is | a chameleon circuit member and electronic musician | - | - | - |","| id | sbj | pred | obj_d | obj_i | sig | adv/cl/comp/sent |
| - | - | - | - | - | - | - |
| #0 | Alex Day | began | - | - | in | 2006 |
| #1 | Alex Day | is associated with | artist Charlie McDonnell | - | - | - |
| #2 | Alex Day | is a member of | Chameleon Circuit | - | - | - |
| #3 | Alex Day | is | an electronic musician | - | - | - |"
reference2,205,"agustin barboza was born in paraguay and died in asuncion , part of gran asuncion , the leader of paraguay is juan afara .","| id | sbj            | pred     | obj_d | obj_i | sig | adv/cl/comp/sent      |
|----|----------------|----------|-------|-------|-----|-----------------------|
| #0 | agustin barboza| was born | -     | in paraguay | - | -                   |
| #1 | agustin barboza| died     | -     | in asuncion | - | -                   |
| #2 | asuncion       | is part  | of gran asuncion | - | - | -                 |
| #3 | juan afara     | is       | the leader | of paraguay | - | -              |","| id | sbj            | pred       | obj_d | obj_i | sig | adv/cl/comp/sent          |
|----|----------------|------------|-------|-------|-----|---------------------------|
| #0 | agustin barboza| was born   | -     | in paraguay | -   | -                         |
| #1 | agustin barboza| died       | -     | in asuncion | -   | -                         |
| #2 | asuncion       | is part of | gran asuncion | -   | -   | -                         |
| #3 | juan afara     | is         | the leader of paraguay | - | -   | -                         |","| id | sbj            | pred        | obj_d | obj_i | sig | adv/cl/comp/sent         |
|----|----------------|-------------|-------|-------|-----|--------------------------|
| #0 | agustin barboza | was born    | -     | in paraguay | -   | -                        |
| #1 | agustin barboza | died        | -     | in asuncion | -   | -                        |
| #2 | asuncion        | is part of  | gran asuncion | -   | -   | -                        |
| #3 | juan afara      | is          | the leader of paraguay | -   | -   | -                        |"
reference2,206,"abdul taib mahmud , a member of the barisan ra ' ayat jati sarawak party , lives in sarawak . he was succeeded by adenan satem , who was born in the japanese occupation of british borneo .","| id | sbj               | pred          | obj_d | obj_i | sig | adv/cl/comp/sent |
|----|-------------------|---------------|-------|-------|-----|------------------|
| #0 | abdul taib mahmud | is a member of | the barisan ra ' ayat jati sarawak party | - | - | - |
| #1 | abdul taib mahmud | lives         | -     | in sarawak | - | - |
| #2 | abdul taib mahmud | was succeeded | by adenan satem | - | - | - |
| #3 | adenan satem      | was born      | -     | during | the japanese occupation of british borneo |","| id | sbj                | pred       | obj_d | obj_i | sig | adv/cl/comp/sent |
|----|--------------------|------------|-------|-------|-----|------------------|
| #0 | abdul taib mahmud  | is a member | -     | of the barisan ra ' ayat jati sarawak party | -   | -                |
| #1 | abdul taib mahmud  | lives      | -     | in sarawak | -   | -                |
| #2 | abdul taib mahmud  | was succeeded | by adenan satem | -   | -                |
| #3 | adenan satem       | was born   | -     | during the japanese occupation of british borneo | -   | -                |","| id | sbj                | pred           | obj_d | obj_i | sig | adv/cl/comp/sent        |
|----|--------------------|----------------|-------|-------|-----|-------------------------|
| #0 | Abdul Taib Mahmud  | is a member of | -     | -     | -   | the Barisan Ra'ayat Jati Sarawak party |
| #1 | Abdul Taib Mahmud  | lives          | -     | in Sarawak | - | -                       |
| #2 | Abdul Taib Mahmud  | was succeeded  | -     | by Adenan Satem | - | -                  |
| #3 | Adenan Satem       | was born       | -     | during | the Japanese occupation of British Borneo |"
reference2,207,"battle of france veteran airey neave , born in knightsbridge , london , began his career 06 / 30 / 1953 and retired 03 / 30 / 1979 .","| id | sbj | pred | obj_d | obj_i | sig | adv/cl/comp/sent |
|----|-----|------|-------|-------|-----|-----------------|
| #0 | airey neave | was born | in knightsbridge, london | - | - | - |
| #1 | airey neave | began | his career | - | on | 06/30/1953 |
| #2 | airey neave | retired | - | - | on | 03/30/1979 |
| #3 | airey neave | is | a veteran | of | battle of france |","| id | sbj            | pred       | obj_d       | obj_i | sig | adv/cl/comp/sent        |
|----|----------------|------------|-------------|-------|-----|-------------------------|
| #0 | airey neave    | was born in | knightsbridge, london | -     | -   | -                       |
| #1 | airey neave    | began      | his career  | -     | on  | 06/30/1953              |
| #2 | airey neave    | retired    | -           | -     | on  | 03/30/1979              |
| #3 | airey neave    | is         | a veteran   | of    | the battle of france       |","| id | sbj          | pred        | obj_d        | obj_i | sig | adv/cl/comp/sent        |
|----|--------------|-------------|--------------|-------|-----|-------------------------|
| #0 | airey neave  | was born in | knightsbridge | -     | in  | london                  |
| #1 | airey neave  | began       | his career    | -     | on  | 06/30/1953              |
| #2 | airey neave  | retired     | -             | -     | on  | 03/30/1979              |
| #3 | airey neave  | is          | a veteran     | -     | of  | the battle of france    |"
reference2,208,alfred n . phillips was born in connecticut and he was a member of the democratic party united states and a member of the u . s . house of representatives from connecticut ' s 4th district . albert e . austin succeeded alfred n . phillips .,"# Output
| id | sbj               | pred            | obj_d | obj_i | sig | adv/cl/comp/sent |
|----|-------------------|-----------------|-------|-------|-----|------------------|
| #0 | alfred n. phillips | was born        | -     | in connecticut | -   | -                |
| #1 | alfred n. phillips | was a member    | -     | of the democratic party united states | -   | -                |
| #2 | alfred n. phillips | was a member    | -     | of the u.s. house of representatives | from | connecticut's 4th district |
| #3 | albert e. austin  | succeeded       | alfred n. phillips | -   | -   | -                |","# Output
| id | sbj                | pred       | obj_d | obj_i | sig | adv/cl/comp/sent |
|----|--------------------|------------|-------|-------|-----|------------------|
| #0 | alfred n . phillips | was born   | -     | in connecticut | -   | -                |
| #1 | alfred n . phillips | was        | a member | of the democratic party united states | -   | -                |
| #2 | alfred n . phillips | was        | a member | of the u . s . house of representatives | from | connecticut ' s 4th district |
| #3 | albert e . austin  | succeeded  | alfred n . phillips | -   | -   | -                |","# Output
| id | sbj                | pred        | obj_d | obj_i | sig | adv/cl/comp/sent |
|----|--------------------|-------------|-------|-------|-----|------------------|
| #0 | alfred n . phillips | was born    | -     | in connecticut | -   | -                |
| #1 | alfred n . phillips | was         | a member | - | of | the democratic party united states |
| #2 | alfred n . phillips | was         | a member | - | of | the u . s . house of representatives from connecticut ' s 4th district |
| #3 | albert e . austin  | succeeded   | alfred n . phillips | - | -   | -                |"
reference2,209,the antares rocket was made by the yuzhnoye design office and is 3 . 9 m in diameter . it launched at the mid - atlantic regional spaceport launch pad 0 making the first flight on 28 october 2014 and the final flight on 13 july 2014 .,"| id | sbj | pred | obj_d | obj_i | sig | adv/cl/comp/sent |
| - | - | - | - | - | - | - |
| #0 | the antares rocket | was made by | the yuzhnoye design office | - | - | - |
| #1 | the antares rocket | is | 3.9 m | in diameter | - | - |
| #2 | it | launched | - | at the mid-atlantic regional spaceport launch pad 0 | - | - |
| #3 | the antares rocket | made | the first flight | on 28 october 2014 | - | - |
| #4 | the antares rocket | made | the final flight | on 13 july 2014 | - | - |
| #5 | the first flight | was made | - | after | the final flight |","| id | sbj | pred | obj_d | obj_i | sig | adv/cl/comp/sent |
| - | - | - | - | - | - | - |
| #0 | the antares rocket | was made | - | by the yuzhnoye design office | - | - |
| #1 | the antares rocket | is | 3.9 m | in diameter | - | - |
| #2 | the antares rocket | launched | - | at the mid-atlantic regional spaceport launch pad 0 | - | - |
| #3 | the antares rocket | made | the first flight | - | on | 28 October 2014 |
| #4 | the antares rocket | made | the final flight | - | on | 13 July 2014 |","| id | sbj | pred | obj_d | obj_i | sig | adv/cl/comp/sent |
| - | - | - | - | - | - | - |
| #0 | the antares rocket | was made by | the yuzhnoye design office | - | - | - |
| #1 | the antares rocket | is | 3.9 m | in diameter | - | - |
| #2 | it | launched | - | at the mid-atlantic regional spaceport launch pad 0 | - | - |
| #3 | the antares rocket | made | the first flight | on 28 october 2014 | - | - |
| #4 | the antares rocket | made | the final flight | on 13 july 2014 | - | - |"
reference2,210,"the ela - 3 is located at the guiana space centre ( headquarters : french guiana ) , is operated by , the courcouronnes area , arianespace and is the launch place of the ariane 5 .","| id | sbj | pred | obj_d | obj_i | sig | adv/cl/comp/sent |
| - | - | - | - | - | - | - |
| #0 | the ela-3 | is located at | the Guiana Space Centre | - | - | - |
| #1 | the Guiana Space Centre | has headquarters | - | in French Guiana | - | - |
| #2 | the ela-3 | is operated by | - | the Courcouronnes area, Arianespace | - | - |
| #3 | the ela-3 | is the launch place of | the Ariane 5 | - | - | - |","| id | sbj | pred | obj_d | obj_i | sig | adv/cl/comp/sent |
| - | - | - | - | - | - | - |
| #0 | the ela-3 | is located at | the Guiana Space Centre | - | - | - |
| #1 | the Guiana Space Centre | has headquarters | - | in French Guiana | - | - |
| #2 | the ela-3 | is operated by | - | the Courcouronnes area, Arianespace | - | - |
| #3 | the ela-3 | is the launch place of | the Ariane 5 | - | - | - |","| id | sbj | pred | obj_d | obj_i | sig | adv/cl/comp/sent |
| - | - | - | - | - | - | - |
| #0 | the ela-3 | is located at | the Guiana Space Centre | - | - | - |
| #1 | the Guiana Space Centre | has headquarters | - | in French Guiana | - | - |
| #2 | the ela-3 | is operated by | the Courcouronnes area, Arianespace | - | - | - |
| #3 | the ela-3 | is the launch place of | the Ariane 5 | - | - | - |"
reference2,211,"douglas r oberhelman is a key person at caterpillar inc . which was founded in the united states and located in peoria , illinois . the aidaluna , which is owned by aida cruises is powered by the company .","# Output
| id | sbj | pred | obj_d | obj_i | sig | adv/cl/comp/sent |
| - | - | - | - | - | - | - |
| #0 | Douglas R Oberhelman | is | a key person | at Caterpillar Inc. | - | - |
| #1 | Caterpillar Inc. | was founded | - | in the United States | - | - |
| #2 | Caterpillar Inc. | is located | - | in Peoria, Illinois | - | - |
| #3 | The AIDAluna | is owned | - | by AIDA Cruises | - | - |
| #4 | The AIDAluna | is powered | - | by the company | - | - |
| #5 | the company | is | Caterpillar Inc. | - | - | - |","# Output
| id | sbj | pred | obj_d | obj_i | sig | adv/cl/comp/sent |
| - | - | - | - | - | - | - |
| #0 | Douglas R Oberhelman | is | a key person | at Caterpillar Inc. | - | - |
| #1 | Caterpillar Inc. | was founded | - | in the United States | - | - |
| #2 | Caterpillar Inc. | is located | - | in Peoria, Illinois | - | - |
| #3 | the AIDAluna | is owned | - | by AIDA Cruises | - | - |
| #4 | the AIDAluna | is powered | - | by the company | - | - |
| #5 | the company | refers to | Caterpillar Inc. | - | - | - |","# Output
| id | sbj | pred | obj_d | obj_i | sig | adv/cl/comp/sent |
| - | - | - | - | - | - | - |
| #0 | Douglas R Oberhelman | is | a key person | at Caterpillar Inc. | - | - |
| #1 | Caterpillar Inc. | was founded | - | in the United States | - | - |
| #2 | Caterpillar Inc. | is located | - | in Peoria, Illinois | - | - |
| #3 | The AIDAluna | is owned | - | by AIDA Cruises | - | - |
| #4 | The AIDAluna | is powered | - | by the company | - | - |
| #5 | the company | is | Caterpillar Inc. | - | - | - |"
reference2,212,alessio romagnoli is a defender who plays for uc sampdoria . he also plays in serie a for ac milan who are managed by sinisa mihajlovic .,"# Output
| id | sbj               | pred      | obj_d         | obj_i | sig | adv/cl/comp/sent |
|----|-------------------|-----------|---------------|-------|-----|------------------|
| #0 | alessio romagnoli | is        | a defender    | -     | -   | -                |
| #1 | alessio romagnoli | plays for | uc sampdoria  | -     | -   | -                |
| #2 | alessio romagnoli | plays in  | serie a       | for ac milan | - | -                |
| #3 | ac milan          | are managed by | sinisa mihajlovic | -     | -   | -                |","# Output
| id | sbj               | pred       | obj_d           | obj_i | sig | adv/cl/comp/sent |
|----|-------------------|------------|-----------------|-------|-----|------------------|
| #0 | alessio romagnoli | is         | a defender      | -     | -   | -                |
| #1 | alessio romagnoli | plays for  | uc sampdoria    | -     | -   | -                |
| #2 | alessio romagnoli | plays in   | serie a         | for ac milan | -   | -                |
| #3 | ac milan          | are managed| -               | by sinisa mihajlovic | -   | -                |","# Output
| id | sbj               | pred       | obj_d         | obj_i | sig | adv/cl/comp/sent |
|----|-------------------|------------|---------------|-------|-----|------------------|
| #0 | alessio romagnoli | is         | a defender    | -     | -   | -                |
| #1 | alessio romagnoli | plays for  | uc sampdoria  | -     | -   | -                |
| #2 | alessio romagnoli | plays in   | serie a       | for ac milan | -   | -                |
| #3 | ac milan          | are managed| -             | by sinisa mihajlovic | -   | -                |"
reference2,213,"abel hernandez played youth football for central espanol , part of the uruguayan segunda division league . he plays for the us citta di palermo , managed by giuseppe iachini , and the uruguay national football team .","| id | sbj             | pred        | obj_d        | obj_i | sig | adv/cl/comp/sent |
|----|-----------------|-------------|--------------|-------|-----|------------------|
| #0 | Abel Hernandez | played      | youth football | for Central Espanol | -   | -                |
| #1 | Central Espanol | is part of  | the Uruguayan Segunda Division league | -   | -   | -                |
| #2 | Abel Hernandez | plays       | -             | for the US Citta di Palermo | -   | -                |
| #3 | US Citta di Palermo | is managed by | Giuseppe Iachini | -   | -   | -                |
| #4 | Abel Hernandez | plays       | -             | for the Uruguay national football team | -   | -                |","| id | sbj             | pred        | obj_d                  | obj_i | sig | adv/cl/comp/sent |
|----|-----------------|-------------|------------------------|-------|-----|-----------------|
| #0 | Abel Hernandez | played      | youth football         | for Central Espanol | -   | -               |
| #1 | Central Espanol | is part of  | the Uruguayan Segunda Division league | -     | -   | -               |
| #2 | Abel Hernandez | plays       | -                      | for the US Citta di Palermo | -   | -               |
| #3 | US Citta di Palermo | is managed by | Giuseppe Iachini  | -     | -   | -               |
| #4 | Abel Hernandez | plays       | -                      | for the Uruguay national football team | -   | -               |","| id | sbj             | pred         | obj_d            | obj_i | sig | adv/cl/comp/sent |
|----|-----------------|--------------|------------------|-------|-----|-----------------|
| #0 | Abel Hernandez | played       | youth football   | for Central Espanol | -   | -               |
| #1 | Central Espanol | is part of   | the Uruguayan Segunda Division league | -   | -   | -               |
| #2 | Abel Hernandez | plays        | -                | for the US Citta di Palermo | -   | -               |
| #3 | US Citta di Palermo | is managed by | Giuseppe Iachini | -   | -   | -               |
| #4 | Abel Hernandez | plays        | -                | for the Uruguay national football team | -   | -               |"
reference2,214,"aleksandr prudnikov belongs to fc terek grozny , which is managed by rashid rakhimov and has it grounds at grozny . he played for fc spartak moscow , which includes sergey rodionov .","| id | sbj               | pred       | obj_d             | obj_i | sig  | adv/cl/comp/sent |
|----|-------------------|------------|-------------------|-------|------|------------------|
| #0 | aleksandr prudnikov | belongs to | fc terek grozny   | -     | -    | -                |
| #1 | fc terek grozny   | is managed by | rashid rakhimov  | -     | -    | -                |
| #2 | fc terek grozny   | has        | its grounds       | at grozny | -  | -                |
| #3 | aleksandr prudnikov | played for | fc spartak moscow | -     | -    | -                |
| #4 | fc spartak moscow | includes   | sergey rodionov   | -     | -    | -                |","| id | sbj                | pred          | obj_d             | obj_i | sig   | adv/cl/comp/sent |
|----|--------------------|---------------|-------------------|-------|-------|------------------|
| #0 | aleksandr prudnikov | belongs to    | fc terek grozny   | -     | -     | -                |
| #1 | fc terek grozny    | is managed by | rashid rakhimov   | -     | -     | -                |
| #2 | fc terek grozny    | has           | its grounds       | at    | grozny| -                |
| #3 | aleksandr prudnikov | played for    | fc spartak moscow | -     | -     | -                |
| #4 | fc spartak moscow  | includes      | sergey rodionov   | -     | -     | -                |","| id | sbj                | pred         | obj_d            | obj_i | sig | adv/cl/comp/sent |
|----|--------------------|--------------|------------------|-------|-----|------------------|
| #0 | aleksandr prudnikov | belongs to   | fc terek grozny  | -     | -   | -                |
| #1 | fc terek grozny    | is managed by| rashid rakhimov  | -     | -   | -                |
| #2 | fc terek grozny    | has          | its grounds      | at    | grozny | -              |
| #3 | aleksandr prudnikov | played for   | fc spartak moscow| -     | -   | -                |
| #4 | fc spartak moscow  | includes     | sergey rodionov  | -     | -   | -                |"
reference2,215,"canadian james craig watson discovered 101 helena on august 15th , 1868 . he attended the university of michigan and died in madison , wisconsin .","# Output
| id | sbj                | pred         | obj_d     | obj_i | sig | adv/cl/comp/sent         |
|----|--------------------|--------------|-----------|-------|-----|--------------------------|
| #0 | James Craig Watson | discovered   | 101 Helena| -     | on  | August 15th, 1868        |
| #1 | James Craig Watson | attended     | the University of Michigan | - | - | -                |
| #2 | James Craig Watson | died         | -         | in    | Madison, Wisconsin         |","# Output
| id | sbj                | pred          | obj_d     | obj_i | sig | adv/cl/comp/sent          |
|----|--------------------|---------------|-----------|-------|-----|---------------------------|
| #0 | James Craig Watson | discovered    | 101 Helena| -     | on  | August 15th, 1868         |
| #1 | James Craig Watson | attended      | the University of Michigan | - | - | -                 |
| #2 | James Craig Watson | died          | -         | in    | Madison, Wisconsin          |","# Output
| id | sbj                    | pred         | obj_d    | obj_i | sig | adv/cl/comp/sent         |
|----|------------------------|--------------|----------|-------|-----|--------------------------|
| #0 | James Craig Watson     | discovered   | 101 Helena | -     | on  | August 15th, 1868        |
| #1 | James Craig Watson     | attended     | the University of Michigan | -     | -   | -                        |
| #2 | James Craig Watson     | died         | -        | in Madison, Wisconsin | -   | -                        |"
reference2,216,"allan sandage was a doctoral student of walter baade , the discoverer of 1036 ganymed . baade was born in the german empire and studied at the university of gottingen , the city where he died .","# Output
| id | sbj         | pred         | obj_d        | obj_i | sig | adv/cl/comp/sent          |
|----|-------------|--------------|--------------|-------|-----|---------------------------|
| #0 | allan sandage | was          | a doctoral student | of walter baade | -   | -                         |
| #1 | walter baade  | was          | the discoverer | of 1036 ganymed | -   | -                         |
| #2 | baade         | was born     | -             | in the german empire | -   | -                         |
| #3 | baade         | studied      | -             | at the university of gottingen | -   | -                         |
| #4 | baade         | died         | -             | in the city | -   | where he studied at the university of gottingen |","# Output
| id | sbj          | pred                | obj_d              | obj_i | sig | adv/cl/comp/sent |
|----|--------------|---------------------|--------------------|-------|-----|------------------|
| #0 | allan sandage| was a doctoral student | -                | of walter baade | - | - |
| #1 | walter baade | was the discoverer  | 1036 ganymed       | -     | -   | - |
| #2 | baade        | was born            | -                  | in the german empire | - | - |
| #3 | baade        | studied             | -                  | at the university of gottingen | - | - |
| #4 | baade        | died                | -                  | in the city | - | - |
| #5 | the city     | was                 | the university of gottingen | - | where | baade died |","# Output
| id | sbj           | pred             | obj_d          | obj_i | sig | adv/cl/comp/sent                |
|----|---------------|------------------|----------------|-------|-----|---------------------------------|
| #0 | allan sandage | was              | a doctoral student | -     | of  | walter baade                    |
| #1 | walter baade  | is the discoverer | 1036 ganymed   | -     | -   | -                               |
| #2 | baade         | was born         | -              | in    | the german empire                  |
| #3 | baade         | studied          | -              | at    | the university of gottingen        |
| #4 | baade         | died             | -              | in    | the city where he studied          |"
reference2,217,"1101 clematis has a mass of 5 . 7 kgs , an orbital period of 183309000 . 0 and its epoch date was on 31st july 2016 . its apoapsis is 520906000 . 0 kilometers and it has an escape velocity of 0 . 02 k . p . s .","| id | sbj | pred | obj_d | obj_i | sig | adv/cl/comp/sent |
| - | - | - | - | - | - | - |
| #0 | 1101 clematis | has | a mass | - | of | 5.7 kgs |
| #1 | 1101 clematis | has | an orbital period | - | of | 183309000.0 |
| #2 | 1101 clematis | had | its epoch date | - | on | 31st July 2016 |
| #3 | 1101 clematis | has | an apoapsis | - | of | 520906000.0 kilometers |
| #4 | 1101 clematis | has | an escape velocity | - | of | 0.02 k.p.s. |","| id | sbj | pred | obj_d | obj_i | sig | adv/cl/comp/sent |
| - | - | - | - | - | - | - |
| #0 | 1101 clematis | has | a mass | - | of | 5.7 kgs |
| #1 | 1101 clematis | has | an orbital period | - | of | 183309000.0 |
| #2 | 1101 clematis | had | its epoch date | - | on | 31st July 2016 |
| #3 | 1101 clematis | has | an apoapsis | - | of | 520906000.0 kilometers |
| #4 | 1101 clematis | has | an escape velocity | - | of | 0.02 k.p.s. |","| id | sbj | pred | obj_d | obj_i | sig | adv/cl/comp/sent |
| - | - | - | - | - | - | - |
| #0 | 1101 clematis | has | a mass | - | of | 5.7 kgs |
| #1 | 1101 clematis | has | an orbital period | - | of | 183309000.0 |
| #2 | 1101 clematis | had | its epoch date | - | on | 31st July 2016 |
| #3 | 1101 clematis | has | an apoapsis | - | of | 520906000.0 kilometers |
| #4 | 1101 clematis | has | an escape velocity | - | of | 0.02 k.p.s. |"
reference2,218,"born on 1936 - 05 - 21 , in miri , malaysia , abdul taib mahmud , lives in kuching . his party is parti pesaka bumiputera bersatu and he represented the asajaya region .","| id | sbj                | pred        | obj_d                              | obj_i | sig | adv/cl/comp/sent             |
|----|--------------------|-------------|------------------------------------|-------|-----|-----------------------------|
| #0 | Abdul Taib Mahmud  | was born    | -                                  | in Miri, Malaysia | on  | 1936-05-21                  |
| #1 | Abdul Taib Mahmud  | lives       | -                                  | in Kuching | -   | -                           |
| #2 | Abdul Taib Mahmud  | is          | a member of Parti Pesaka Bumiputera Bersatu | -     | -   | -                           |
| #3 | Abdul Taib Mahmud  | represented | the Asajaya region                 | -     | -   | -                           |","| id | sbj                | pred          | obj_d                              | obj_i | sig | adv/cl/comp/sent              |
|----|--------------------|---------------|------------------------------------|-------|-----|------------------------------|
| #0 | Abdul Taib Mahmud  | was born      | -                                  | -     | on  | 1936-05-21                    |
| #1 | Abdul Taib Mahmud  | was born      | -                                  | in    | Miri, Malaysia                 |
| #2 | Abdul Taib Mahmud  | lives         | -                                  | in    | Kuching                       |
| #3 | Abdul Taib Mahmud  | is            | a member                           | of    | Parti Pesaka Bumiputera Bersatu|
| #4 | Abdul Taib Mahmud  | represented   | the Asajaya region                 | -     | -    | -                             |","| id | sbj                | pred        | obj_d                             | obj_i | sig | adv/cl/comp/sent            |
|----|--------------------|-------------|-----------------------------------|-------|-----|-----------------------------|
| #0 | Abdul Taib Mahmud  | was born    | -                                 | in Miri, Malaysia | on  | 1936-05-21                  |
| #1 | Abdul Taib Mahmud  | lives       | -                                 | in Kuching | -   | -                           |
| #2 | Abdul Taib Mahmud  | is          | a member                          | of Parti Pesaka Bumiputera Bersatu | -   | -   |
| #3 | Abdul Taib Mahmud  | represented | the Asajaya region                | -     | -   | -                           |"
reference2,219,agnes kant was a national of the netherlands ( led by mark rutte ) who resided in doesburg . she worked at the house of representatives which is led by khadija arib .,"| id | sbj        | pred      | obj_d                     | obj_i | sig | adv/cl/comp/sent |
|----|------------|-----------|---------------------------|-------|-----|-----------------|
| #0 | agnes kant | was       | a national                | of the netherlands | - | - |
| #1 | the netherlands | is led by | mark rutte              | -     | -   | -               |
| #2 | agnes kant | resided   | -                         | in doesburg | - | - |
| #3 | agnes kant | worked    | -                         | at the house of representatives | - | - |
| #4 | the house of representatives | is led by | khadija arib | -   | -   | -               |","| id | sbj         | pred      | obj_d                    | obj_i | sig | adv/cl/comp/sent |
|----|-------------|-----------|--------------------------|-------|-----|------------------|
| #0 | agnes kant  | was       | a national               | of the Netherlands | -   | -                |
| #1 | the Netherlands | is led by | mark rutte              | -     | -   | -                |
| #2 | agnes kant  | resided   | -                        | in Doesburg | -   | -                |
| #3 | agnes kant  | worked    | -                        | at the House of Representatives | -   | -                |
| #4 | the House of Representatives | is led by | khadija arib          | -     | -   | -                |","| id | sbj         | pred      | obj_d                    | obj_i | sig | adv/cl/comp/sent |
|----|-------------|-----------|--------------------------|-------|-----|------------------|
| #0 | agnes kant  | was       | a national               | of the netherlands | - | - |
| #1 | the netherlands | is led by | mark rutte              | -     | -   | -                |
| #2 | agnes kant  | resided   | -                        | in doesburg | - | - |
| #3 | agnes kant  | worked    | -                        | at the house of representatives | - | - |
| #4 | the house of representatives | is led by | khadija arib         | -     | -   | -                |"
reference2,221,b - unique records and polydor recording artist andrew white began his career in 2003 . he is associated with the kaiser chiefs and marry banilow .,"| id | sbj              | pred        | obj_d            | obj_i | sig | adv/cl/comp/sent |
|----|------------------|-------------|------------------|-------|-----|------------------|
| #0 | Andrew White     | began       | his career       | -     | in  | 2003             |
| #1 | Andrew White     | is          | a recording artist | -   | -   | -                |
| #2 | Andrew White     | is associated with | the Kaiser Chiefs | - | - | -              |
| #3 | Andrew White     | is associated with | Marry Banilow     | - | - | -              |
| #4 | Andrew White     | is          | -                | -     | with| Unique Records and Polydor |","# Output
| id | sbj                 | pred       | obj_d             | obj_i | sig | adv/cl/comp/sent |
|----|---------------------|------------|-------------------|-------|-----|------------------|
| #0 | Andrew White        | began      | his career        | -     | in  | 2003             |
| #1 | Andrew White        | is         | -                 | -     | -   | -                |
| #2 | Andrew White        | is         | a recording artist| -     | for | Unique Records and Polydor |
| #3 | Andrew White        | is associated with | the Kaiser Chiefs | - | - | -              |
| #4 | Andrew White        | is associated with | Marry Banilow     | - | - | -              |","# Output
| id | sbj                | pred            | obj_d | obj_i | sig | adv/cl/comp/sent |
|----|--------------------|-----------------|-------|-------|-----|------------------|
| #0 | Andrew White       | began           | his career | -   | in  | 2003             |
| #1 | Andrew White       | is associated with | the Kaiser Chiefs | - | - | -              |
| #2 | Andrew White       | is associated with | Marry Banilow     | - | - | -              |
| #3 | Andrew White       | is              | a unique records and Polydor recording artist | - | - | - |"
reference2,222,rock guitarist ai anderson is a member of nrbq . rock originates from rock which has its origins in country which derives from the blues . bhangra is a rock fusion .,"| id | sbj             | pred         | obj_d      | obj_i | sig  | adv/cl/comp/sent |
|----|-----------------|--------------|------------|-------|------|------------------|
| #0 | ai anderson     | is a member  | -          | of nrbq | -    | -                |
| #1 | rock            | originates   | -          | from rock | -    | -                |
| #2 | rock            | has origins  | -          | in country | -   | -                |
| #3 | country         | derives      | -          | from the blues | - | -               |
| #4 | bhangra         | is a         | rock fusion | -     | -    | -                |","| id | sbj | pred | obj_d | obj_i | sig | adv/cl/comp/sent |
| - | - | - | - | - | - | - |
| #0 | ai anderson | is a member of | nrbq | - | - | - |
| #1 | rock | originates from | rock | - | - | - |
| #2 | rock | has its origins in | country | - | - | - |
| #3 | country | derives from | the blues | - | - | - |
| #4 | bhangra | is a | rock fusion | - | - | - |","| id | sbj | pred | obj_d | obj_i | sig | adv/cl/comp/sent |
| - | - | - | - | - | - | - |
| #0 | ai anderson | is a member of | nrbq | - | - | - |
| #1 | rock | originates from | rock | - | - | - |
| #2 | rock | has its origins in | country | - | - | - |
| #3 | country | derives from | the blues | - | - | - |
| #4 | bhangra | is a | rock fusion | - | - | - |"
reference2,223,electric guitarist aaron turner played with black metal band twilight and old man gloom . death metal is a fusion of blck metal .,"# Output
| id | sbj | pred | obj_d | obj_i | sig | adv/cl/comp/sent |
| - | - | - | - | - | - | - |
| #0 | aaron turner | played | - | with black metal band twilight | - | - |
| #1 | aaron turner | played | - | with old man gloom | - | - |
| #2 | death metal | is | a fusion of black metal | - | - | - |","# Output
| id | sbj | pred | obj_d | obj_i | sig | adv/cl/comp/sent |
| - | - | - | - | - | - | - |
| #0 | Aaron Turner | played | - | with black metal band Twilight | - | - |
| #1 | Aaron Turner | played | - | with Old Man Gloom | - | - |
| #2 | death metal | is | a fusion of black metal | - | - | - |","| id | sbj            | pred  | obj_d              | obj_i | sig | adv/cl/comp/sent |
|----|----------------|-------|--------------------|-------|-----|------------------|
| #0 | aaron turner   | played| -                  | with black metal band twilight and old man gloom | -   | -                |
| #1 | aaron turner   | played| -                  | with black metal band twilight | -   | -                |
| #2 | aaron turner   | played| -                  | with old man gloom | -   | -                |
| #3 | death metal    | is    | a fusion of black metal | -   | -   | -                |"
